normalized_event_id,book_id,start_scene_id,end_scene_id,event_label,event_type,participant_entity_ids,participant_roles,continuity_group_id,source_span,source_quote,evidence_status,canonical_status,review_status,review_rationale
N-EVT-B03-C01-S01-001,B03,B03-C01-S01,B03-C01-S01,Grishka strikes Aleksei and starts the bar fight,physical_action,ENT-CHAR-0003;ENT-CHAR-0004,Grishka:actor;Aleksei:target,BAR-DISTURBANCE,B03-C01-S01,"Jonah Harrow shouldered through the swinging doors just as Grishka's fist connected with Aleksei Petrov's jaw. The sound was wet and meaty—a side of beef dropped from a third-floor window—and the Vampire went airborne, crashing through a barstool before skidding to a stop against the ancient jukebox. Quarters spilled across the sticky floor like silver rain.",event-specific,candidate,structured-review-v1.0,The assault changes the scene from routine bar activity to active violence.
N-EVT-B03-C01-S01-002,B03,B03-C01-S01,B03-C01-S01,Jonah physically stops the fight,intervention,ENT-CHAR-0001;ENT-CHAR-0003;ENT-CHAR-0004,Jonah:actor;Grishka:restrained;Aleksei:protected,BAR-DISTURBANCE,B03-C01-S01,"Jonah Harrow shouldered through the swinging doors just as Grishka's fist connected with Aleksei Petrov's jaw. The sound was wet and meaty—a side of beef dropped from a third-floor window—and the Vampire went airborne, crashing through a barstool before skidding to a stop against the ancient jukebox. Quarters spilled across the sticky floor like silver rain.",event-specific,candidate,structured-review-v1.0,Material intervention; retain separately from the attack.
N-EVT-B03-C01-S01-003,B03,B03-C01-S01,B03-C01-S01,Jonah bans Grishka from the bar for the weekend,authority_decision,ENT-CHAR-0001;ENT-CHAR-0003,Jonah:decision-maker;Grishka:subject,BAR-DISTURBANCE,B03-C01-S01,"""You're paying for the jukebox again."" Jonah's voice was granite. ""And you're banned for the weekend.""",event-specific,candidate,structured-review-v1.0,Corrects scene-wide participant inheritance.
N-EVT-B03-C01-S02-001,B03,B03-C01-S02,B03-C01-S02,Jonah clears Grishka and Aleksei from the bar area,physical_transition,ENT-CHAR-0001;ENT-CHAR-0003;ENT-CHAR-0004,Jonah:actor;Grishka:ejected;Aleksei:departing,BAR-DISTURBANCE,B03-C01-S02,Jonah grabbed Grishka by the leather of his vest—not easy when the leather was stretched over something the size of an industrial refrigerator—and hauled him toward the door.,event-specific,candidate,structured-review-v1.0,Merges ejection and Aleksei's departure into one cleanup event.
N-EVT-B03-C01-S02-002,B03,B03-C01-S02,B03-C01-S02,Jonah detects an approaching supernatural danger,perception,ENT-CHAR-0001,Jonah:perceiver,LIBRARY-DISTURBANCE,B03-C01-S02,"*Danger*, the wolf whispered, its voice like gravel in his skull. *Not here. Not yet. But coming.*",event-specific,candidate,structured-review-v1.0,"Town/group entities are context, not participants."
N-EVT-B03-C01-S03-001,B03,B03-C01-S03,B03-C01-S03,Jonah notices an anomalous basement light at the closed library,perception,ENT-CHAR-0001,Jonah:perceiver,LIBRARY-DISTURBANCE,B03-C01-S03,But there was a light in the basement window.,event-specific,candidate,structured-review-v1.0,"Library is location, not participant."
N-EVT-B03-C01-S03-002,B03,B03-C01-S03,B03-C01-S03,Jonah identifies ozone and old magic coming from the library,inference,ENT-CHAR-0001,Jonah:perceiver,LIBRARY-DISTURBANCE,B03-C01-S03,"It smelled like magic. Old magic. The kind that had been sleeping for a long, long time.",event-specific,candidate,structured-review-v1.0,Event-specific inference.
N-EVT-B03-C01-S03-003,B03,B03-C01-S03,B03-C01-S03,Jonah picks the locked staff entrance,physical_action,ENT-CHAR-0001,Jonah:actor,LIBRARY-DISTURBANCE,B03-C01-S03,"He felt the wolf's claws prick against the inside of his fingertips—not fully shifted, just enough to give him leverage—and with a quiet *snick*, the deadbolt gave way.",event-specific,candidate,structured-review-v1.0,Distinct threshold action.
N-EVT-B03-C01-S03-004,B03,B03-C01-S03,B03-C01-S03,Jonah recognizes Margot's scent and his wolf identifies her as mate,epistemic_revelation,ENT-CHAR-0001,Jonah:knower;Margot:referenced,MATE-RECOGNITION,B03-C01-S03,The way the wolf knew the scent of *mate*.,event-specific,candidate,structured-review-v1.0,"Margot is referenced, not an active participant in this moment."
N-EVT-B03-C01-S04-001,B03,B03-C01-S04,B03-C01-S04,Jonah descends into the transformed basement,threshold_crossing,ENT-CHAR-0001,Jonah:actor,LIBRARY-DISTURBANCE,B03-C01-S04,"That flickering blue-white light spilled up the stairs, a silent warning painting the walls in pulsing shadows that moved in ways light shouldn't move. Jonah drew his sidearm—silver rounds, standard issue for Snowfall Creek, effective against about 80% of the things that went bump in the night—and started down.",event-specific,candidate,structured-review-v1.0,Retained because it crosses into a new hazard domain.
N-EVT-B03-C01-S04-002,B03,B03-C01-S04,B03-C01-S04,Jonah discovers the impossible basement and Margot containing animated books,discovery,ENT-CHAR-0001;ENT-CHAR-0002,Jonah:perceiver;Margot:actor,LIBRARY-DISTURBANCE,B03-C01-S04,And in the eye of that storm—,event-specific,candidate,structured-review-v1.0,Merges duplicated discovery fragments.
N-EVT-B03-C01-S05-001,B03,B03-C01-S05,B03-C01-S05,Jonah closes the basement door and the animated books fall dormant,causal_action,ENT-CHAR-0001;ENT-CHAR-0002,Jonah:actor;Margot:beneficiary,LIBRARY-CONTAINMENT,B03-C01-S05,The flying books fell.,event-specific,candidate,structured-review-v1.0,Door closure directly changes the magical state.
N-EVT-B03-C01-S05-002,B03,B03-C01-S05,B03-C01-S05,Margot acknowledges the library's concealed magical history,disclosure,ENT-CHAR-0002;ENT-CHAR-0001,Margot:speaker;Jonah:recipient,LIBRARY-CONTAINMENT,B03-C01-S05,"""Sheriff Harrow."" She straightened up, cradling the book against her chest like a sleeping child. Her dark eyes met his for the first time in—he couldn't remember the last time she'd actually *looked* at him, not with that polite averted gaze librarians seemed to cultivate as a survival mechanism. This was direct. This was assessing. This was... *something*. ""How much do you know about the history of this library?""",event-specific,candidate,structured-review-v1.0,More precise than 'identifies age and history.'
N-EVT-B03-C01-S05-003,B03,B03-C01-S05,B03-C01-S05,The library seals every exit,system_event,ENT-CHAR-0001;ENT-CHAR-0002,Jonah:trapped;Margot:trapped,PURGE-ACTIVATION,B03-C01-S05,"Every door in the building, sealing itself shut with a sound like the final note of a symphony.",event-specific,candidate,structured-review-v1.0,System is causal agent; characters are affected participants.
N-EVT-B03-C02-S01-001,B03,B03-C02-S01,B03-C02-S01,Margot discloses that the library contains remembering books and protective wards,disclosure,ENT-CHAR-0002;ENT-CHAR-0001,Margot:speaker;Jonah:recipient,SCROLL-CRISIS,B03-C02-S01,"""The library has... protections,"" she continued, moving to the next pile of debris. ""Wards, I suppose you'd call them. They keep certain things contained. Certain *knowledge* from getting out.""",event-specific,candidate,structured-review-v1.0,The book gathering is rejected as non-material housekeeping.
N-EVT-B03-C02-S02-001,B03,B03-C02-S02,B03-C02-S02,Margot discovers that the Founding Scrolls are missing,discovery,ENT-CHAR-0002;ENT-CHAR-0001;ENT-OBJ-0001,Margot:discoverer;Jonah:witness;Scrolls:missing-object,SCROLL-CRISIS,B03-C02-S02,"""Hold on."" She moved faster now, shoving books aside with an urgency that bordered on violence. Her cardigan caught on a shelf bracket and she yanked it free, hearing fabric tear, not caring. The gap was where the Founding Scrolls should have been. Where they had been for over a century, since her grandmother's grandmother had brought them here and hidden them from everyone who might want to destroy what they contained.",event-specific,candidate,structured-review-v1.0,Merges gap discovery with identification.
N-EVT-B03-C02-S02-002,B03,B03-C02-S02,B03-C02-S02,Jonah steadies Margot and interrupts her panic,relationship_action,ENT-CHAR-0001;ENT-CHAR-0002,Jonah:actor;Margot:recipient,MATE-RECOGNITION,B03-C02-S02,"His hand closed around her elbow, steadying her, and the touch was so unexpected—so *warm* in the cold of the basement—that she forgot to panic about the missing Scrolls and started panicking about something else entirely.",event-specific,candidate,structured-review-v1.0,Material relationship and regulation event.
N-EVT-B03-C02-S03-001,B03,B03-C02-S03,B03-C02-S03,Margot reveals that the Scrolls contain dangerous truths about the town and monsters,disclosure,ENT-CHAR-0002;ENT-CHAR-0001;ENT-OBJ-0001,Margot:speaker;Jonah:recipient;Scrolls:subject,SCROLL-CRISIS,B03-C02-S03,"She didn't say that. Instead, she said: ""From people who would destroy them. The Scrolls contain... inconvenient truths. About how this town was really founded. About what the monsters are really doing here.""",event-specific,candidate,structured-review-v1.0,Event-specific disclosure.
N-EVT-B03-C02-S03-002,B03,B03-C02-S03,B03-C02-S03,The Purge Protocol seals the library completely,system_event,ENT-CHAR-0001;ENT-CHAR-0002,Jonah:trapped;Margot:trapped,PURGE-ACTIVATION,B03-C02-S03,"Sealed. Magically, physically, completely sealed.",event-specific,candidate,structured-review-v1.0,Continues the exit-sealing sequence begun in C01-S05.
N-EVT-B03-C02-S03-003,B03,B03-C02-S03,B03-C02-S03,Margot reveals the twelve-hour erasure deadline,deadline_revelation,ENT-CHAR-0002;ENT-CHAR-0001,Margot:speaker;Jonah:recipient,PURGE-ACTIVATION,B03-C02-S03,"""In twelve hours,"" she said, ""the library will seal itself permanently. And everything inside it—every book, every secret, every *person*—will be erased.""",event-specific,candidate,structured-review-v1.0,Creates explicit countdown state.
N-EVT-B03-C02-S04-001,B03,B03-C02-S04,B03-C02-S04,Jonah tests physical escape routes and confirms they are blocked,verification_action,ENT-CHAR-0001;ENT-CHAR-0002,Jonah:tester;Margot:informant,PURGE-ACTIVATION,B03-C02-S04,Nothing.,event-specific,candidate,structured-review-v1.0,Actual participants exclude Meredith.
N-EVT-B03-C02-S04-002,B03,B03-C02-S04,B03-C02-S04,Meredith's hologram manifests and identifies the active protocol,system_manifestation,ENT-CHAR-0006;ENT-CHAR-0001;ENT-CHAR-0002,Meredith:manifestation;Margot:witness;Jonah:witness,PURGE-ACTIVATION,B03-C02-S04,"Before she could answer, the air in front of them shimmered.",event-specific,candidate,structured-review-v1.0,Distinct arrival of the protocol interface.
N-EVT-B03-C02-S04-003,B03,B03-C02-S04,B03-C02-S04,Meredith explains that recovery requires Level B4 access,mission_revelation,ENT-CHAR-0006;ENT-CHAR-0002;ENT-CHAR-0001;ENT-LOC-0009,Meredith:speaker;Margot:recipient;Jonah:recipient;B4:destination,RECOVERY-MISSION,B03-C02-S04,"The hologram paused. Calculated. ""Recovery would require deep-level access. Level B4. The Heart of the Archive.""",event-specific,candidate,structured-review-v1.0,Corrects generic 'protocol terms.'
N-EVT-B03-C02-S04-004,B03,B03-C02-S04,B03-C02-S04,Margot commits to recovering the Scrolls through Level B4,decision,ENT-CHAR-0002;ENT-CHAR-0001,Margot:decision-maker;Jonah:designated-backup,RECOVERY-MISSION,B03-C02-S04,"""Then that's where we go.""",event-specific,candidate,structured-review-v1.0,Decision creates the mission.
N-EVT-B03-C02-S05-001,B03,B03-C02-S05,B03-C02-S05,Margot explains the four lower levels and their escalating instability,disclosure,ENT-CHAR-0002;ENT-CHAR-0001,Margot:speaker;Jonah:recipient,RECOVERY-MISSION,B03-C02-S05,"""Below the basement."" She turned and started walking. Not toward the front doors they couldn't open, not toward the windows they couldn't break. Toward the door at the back of the main floor—the one marked STAFF ONLY, the one that led down to where this nightmare had started. ""The library has four levels below ground. Level B1 is where you found me. Level B4 is... deeper.""",event-specific,candidate,structured-review-v1.0,Retained as mission-relevant hazard briefing.
N-EVT-B03-C02-S05-002,B03,B03-C02-S05,B03-C02-S05,Margot equips herself with the flashlight and B1 key,preparation,ENT-CHAR-0002;ENT-OBJ-0003;ENT-OBJ-0004,Margot:actor;key:tool;flashlight:tool,RECOVERY-MISSION,B03-C02-S05,"""I don't know. No one's been there since my grandmother was a girl."" She pushed through the STAFF ONLY door and descended the stairs, pulling a flashlight from the emergency kit mounted on the wall. The red emergency lights didn't extend down here; the darkness was absolute, pressing against the beam of her flashlight like a physical thing. ""The Deep Stacks are... unstable. The architecture changes. The books are more... active.""",event-specific,candidate,structured-review-v1.0,Jonah is present but not participant in the equipment action.
N-EVT-B03-C02-S05-003,B03,B03-C02-S05,B03-C02-S05,Margot opens the B1 entrance and enters the Deep Stacks with Jonah,threshold_crossing,ENT-CHAR-0002;ENT-CHAR-0001;ENT-LOC-0007,Margot:actor;Jonah:companion;B1:destination,DEEP-STACKS-DESCENT,B03-C02-S05,Then she stepped into the dark.,event-specific,candidate,structured-review-v1.0,Begins the lower-level sequence.
N-EVT-B03-C03-S01-001,B03,B03-C03-S01,B03-C03-S01,The B1 door closes behind them as the whispering collection activates,environment_event,ENT-CHAR-0001;ENT-CHAR-0002,Jonah:affected;Margot:affected,DEEP-STACKS-DESCENT,B03-C03-S01,"He stepped through after her, and the door swung shut behind them with a finality that made his teeth ache.",event-specific,candidate,structured-review-v1.0,Merges two environmental fragments into one threshold consequence.
N-EVT-B03-C03-S01-002,B03,B03-C03-S01,B03-C03-S01,Margot explains B1's active books and unreliable route knowledge,disclosure,ENT-CHAR-0002;ENT-CHAR-0001;ENT-LOC-0007,Margot:speaker;Jonah:recipient;B1:subject,DEEP-STACKS-DESCENT,B03-C03-S01,"""The journals are seventy-three years old. My grandmother was the last person to navigate the Deep Stacks.""",event-specific,candidate,structured-review-v1.0,Retained as navigation constraint.
N-EVT-B03-C03-S02-001,B03,B03-C03-S02,B03-C03-S02,A flying book attacks Margot; Jonah catches it; a bibliovore takes it,creature_encounter,ENT-CHAR-0001;ENT-CHAR-0002;ENT-CREATURE-0001,book:attacker;Margot:target;Jonah:interceptor;bibliovore:claimant,DEEP-STACKS-DESCENT,B03-C03-S02,A book launched itself from the shelf at eye level.,event-specific,candidate,structured-review-v1.0,"Merges attack, interception, and creature claim into one causal encounter."
N-EVT-B03-C03-S02-002,B03,B03-C03-S02,B03-C03-S02,B1's corridor geometry distorts Jonah's direction and time sense,spatial_event,ENT-CHAR-0001;ENT-CHAR-0002;ENT-LOC-0007,Jonah:perceiver;Margot:navigator;B1:environment,DEEP-STACKS-DESCENT,B03-C03-S02,"The corridor twisted ahead—literally twisted, the walls curving in ways that shouldn't have been geometrically possible. His sense of direction, usually as reliable as a compass, was starting to spin. They had been walking for maybe five minutes, but it felt like longer. Or shorter. Time was slippery down here.",event-specific,candidate,structured-review-v1.0,Whispering-only candidate rejected as redundant.
N-EVT-B03-C03-S03-001,B03,B03-C03-S03,B03-C03-S03,Jonah's wolf again identifies Margot as mate,epistemic_recurrence,ENT-CHAR-0001,Jonah:knower;Margot:referenced,MATE-RECOGNITION,B03-C03-S03,"*Mate*, the wolf purred. *Ours*.",event-specific,candidate,structured-review-v1.0,Recurrence strengthens persistence but does not create the original fact.
N-EVT-B03-C03-S03-002,B03,B03-C03-S03,B03-C03-S03,Margot notices Jonah staring and confronts him,relationship_exchange,ENT-CHAR-0002;ENT-CHAR-0001,Margot:observer;Jonah:observed,MATE-RECOGNITION,B03-C03-S03,"""You're staring, Sheriff.""",event-specific,candidate,structured-review-v1.0,Retained as knowledge asymmetry and intimacy beat.
N-EVT-B03-C03-S03-003,B03,B03-C03-S03,B03-C03-S03,Jonah and Margot detect a learning shadow before the lexivore emerges,threat_revelation,ENT-CHAR-0001;ENT-CHAR-0002;ENT-CREATURE-0002,Jonah:detector;Margot:detector;lexivore:threat,LEXIVORE-ENCOUNTER,B03-C03-S03,The shadow moved.,event-specific,candidate,structured-review-v1.0,Merges detection and emergence.
N-EVT-B03-C03-S04-001,B03,B03-C03-S04,B03-C03-S04,The lexivore attacks and frost-burns Jonah,injury_event,ENT-CREATURE-0002;ENT-CHAR-0001;ENT-CHAR-0002,lexivore:attacker;Jonah:injured;Margot:witness,LEXIVORE-ENCOUNTER,B03-C03-S04,"It moved wrong—too fast, too fluid, ignoring the physics that governed normal motion. Jonah's instincts had him dodging before his brain caught up, rolling sideways as the thing swept through the space where he'd been standing. Cold raked across his shoulder, burns like frostbite, and he hissed through his teeth.",event-specific,candidate,structured-review-v1.0,Event-specific injury.
N-EVT-B03-C03-S04-002,B03,B03-C03-S04,B03-C03-S04,Margot uses light and sacrificial books to distract the lexivore,tactical_action,ENT-CHAR-0002;ENT-CREATURE-0002;ENT-OBJ-0004;ENT-OBJ-0007,Margot:actor;lexivore:target;flashlight:tool;books:sacrifice,LEXIVORE-ENCOUNTER,B03-C03-S04,"She thrust the flashlight forward, and where the beam touched the shadow, it *recoiled*. The thing shrieked—a sound of stolen voices all screaming at once—and pulled back, reforming itself in the darkness beyond the reach of the single weak beam.",event-specific,candidate,structured-review-v1.0,Jonah is protected but not the actor.
N-EVT-B03-C03-S04-003,B03,B03-C03-S04,B03-C03-S04,Jonah and Margot escape B1 and reach the B2 door,escape,ENT-CHAR-0001;ENT-CHAR-0002;ENT-CREATURE-0002;ENT-LOC-0008,Jonah:escapee;Margot:escapee;lexivore:pursuer;B2:destination,B2-TRANSITION,B03-C03-S04,They ran.,event-specific,candidate,structured-review-v1.0,Ends B1 encounter and begins B2 transition.
N-EVT-B03-C03-S05-001,B03,B03-C03-S05,B03-C03-S05,Margot opens the B2 door and Jonah follows her into the Architecture Section,threshold_crossing,ENT-CHAR-0002;ENT-CHAR-0001;ENT-LOC-0008,Margot:actor;Jonah:companion;B2:destination,B2-TRANSITION,B03-C03-S05,The door groaned open.,event-specific,candidate,structured-review-v1.0,Separates threshold action from later discovery.
N-EVT-B03-C03-S05-002,B03,B03-C03-S05,B03-C03-S05,Margot explains that B2 contains actual impossible spaces,disclosure,ENT-CHAR-0002;ENT-CHAR-0001;ENT-LOC-0008,Margot:speaker;Jonah:recipient;B2:subject,B2-TRANSITION,B03-C03-S05,"""Level B2,"" Margot said, her voice dropping to barely above a whisper. ""The Architecture Section. The books here don't just contain knowledge about construction and design—they contain actual spaces. Rooms that shouldn't exist. Buildings that were never built.""",event-specific,candidate,structured-review-v1.0,Mission-relevant rule explanation.
N-EVT-B03-C03-S05-003,B03,B03-C03-S05,B03-C03-S05,They discover gravity-defying stairs and an unknown entity below,discovery,ENT-CHAR-0001;ENT-CHAR-0002;ENT-CHAR-0007,Jonah:perceiver;Margot:perceiver;unknown-entity:observed,B2-TRANSITION,B03-C03-S05,"And beneath it all, far below where any floor should have been, something *looked back*.",event-specific,candidate,structured-review-v1.0,Unknown entity becomes an explicit continuity hook.
N-EVT-B03-C03-S05-004,B03,B03-C03-S05,B03-C03-S05,Margot takes Jonah's hand and they explicitly commit to continue together,relationship_commitment,ENT-CHAR-0002;ENT-CHAR-0001,Margot:initiator;Jonah:recipient;both:committers,MATE-RECOGNITION,B03-C03-S05,"""Together,"" she agreed.",event-specific,candidate,structured-review-v1.0,New event omitted by scene-major-events extraction; material trust and relationship state change.
N-EVT-B03-C04-S01-001,B03,B03-C04-S01,B03-C04-S01,Margot and Jonah recover after escaping B1,recovery,ENT-CHAR-0002;ENT-CHAR-0001,Margot:recovering;Jonah:recovering,B2-ARRIVAL,B03-C04-S01,They recover after escaping B1,event-specific-candidate,candidate,scaled-batch-v1.0,Carries forward the B1 escape into the B2 landing.
N-EVT-B03-C04-S01-002,B03,B03-C04-S01,B03-C04-S01,Margot identifies Jonah's injury and unstable wolf state,assessment,ENT-CHAR-0002;ENT-CHAR-0001,Margot:assessor;Jonah:injured,JONAH-INJURY,B03-C04-S01,Margot notices Jonah's blood and wolf state,event-specific-candidate,candidate,scaled-batch-v1.0,Establishes a persistent injury and control problem.
N-EVT-B03-C04-S01-003,B03,B03-C04-S01,B03-C04-S01,Jonah notices Margot's shaking hands and escalating attraction,relationship_perception,ENT-CHAR-0001;ENT-CHAR-0002,Jonah:perceiver;Margot:observed,RELATIONSHIP-ESCALATION,B03-C04-S01,Jonah examines Margot's shaking hands,event-specific-candidate,candidate,scaled-batch-v1.0,Marks attraction becoming explicit rather than merely inferred.
N-EVT-B03-C04-S02-001,B03,B03-C04-S02,B03-C04-S02,Jonah physically corners Margot against the sealed door,physical_action,ENT-CHAR-0001;ENT-CHAR-0002,Jonah:actor;Margot:recipient,RELATIONSHIP-ESCALATION,B03-C04-S02,One hand tangled in her hair,event-specific-candidate,candidate,scaled-batch-v1.0,Material physical escalation.
N-EVT-B03-C04-S02-002,B03,B03-C04-S02,B03-C04-S02,Jonah voices mate-claim language,disclosure,ENT-CHAR-0001;ENT-CHAR-0002,Jonah:speaker;Margot:recipient,MATE-RECOGNITION,B03-C04-S02,You smell like mine,event-specific-candidate,candidate,scaled-batch-v1.0,Transforms Jonah's private recognition into spoken information.
N-EVT-B03-C04-S02-003,B03,B03-C04-S02,B03-C04-S02,Jonah asks Margot to stop him and Margot explicitly refuses,consent_decision,ENT-CHAR-0001;ENT-CHAR-0002,Jonah:requester;Margot:decision-maker,RELATIONSHIP-ESCALATION,B03-C04-S02,I don't want you to stop,event-specific-candidate,candidate,scaled-batch-v1.0,Creates explicit consent state.
N-EVT-B03-C04-S03-001,B03,B03-C04-S03,B03-C04-S03,Jonah initiates manual sexual contact with Margot,sexual_action,ENT-CHAR-0001;ENT-CHAR-0002,Jonah:actor;Margot:recipient,FIRST-INTIMACY,B03-C04-S03,Open for me,event-specific-candidate,candidate,scaled-batch-v1.0,First explicit sexual action.
N-EVT-B03-C04-S03-002,B03,B03-C04-S03,B03-C04-S03,Jonah and Margot kiss during the encounter,relationship_action,ENT-CHAR-0001;ENT-CHAR-0002,Jonah:participant;Margot:participant,FIRST-INTIMACY,B03-C04-S03,He finally kissed her,event-specific-candidate,candidate,scaled-batch-v1.0,Mutual intimacy beat.
N-EVT-B03-C04-S03-003,B03,B03-C04-S03,B03-C04-S03,Margot climaxes while Jonah stops short of his own completion,sexual_climax,ENT-CHAR-0002;ENT-CHAR-0001,Margot:climaxing;Jonah:actor,FIRST-INTIMACY,B03-C04-S03,Margot reached orgasm,event-specific-candidate,candidate,scaled-batch-v1.0,Creates asymmetrical completion and an unfinished-intimacy state.
N-EVT-B03-C04-S04-001,B03,B03-C04-S04,B03-C04-S04,Jonah helps Margot recover and restores her clothing,aftercare,ENT-CHAR-0001;ENT-CHAR-0002,Jonah:actor;Margot:recipient,FIRST-INTIMACY,B03-C04-S04,He reached out and smoothed her skirt down,event-specific-candidate,candidate,scaled-batch-v1.0,Aftercare materially changes emotional tone.
N-EVT-B03-C04-S04-002,B03,B03-C04-S04,B03-C04-S04,Margot and Jonah agree to resume the mission without apology,decision,ENT-CHAR-0002;ENT-CHAR-0001,Margot:initiator;Jonah:agrees,RECOVERY-MISSION,B03-C04-S04,We have to keep moving,event-specific-candidate,candidate,scaled-batch-v1.0,Reasserts mission priority.
N-EVT-B03-C04-S04-003,B03,B03-C04-S04,B03-C04-S04,They discover B2's floorless and gravity-shifting architecture,discovery,ENT-CHAR-0002;ENT-CHAR-0001;ENT-LOC-0008,Margot:perceiver;Jonah:perceiver;B2:environment,B2-ARRIVAL,B03-C04-S04,floating structures,event-specific-candidate,candidate,scaled-batch-v1.0,Establishes B2 physical rules.
N-EVT-B03-C04-S05-001,B03,B03-C04-S05,B03-C04-S05,Margot tests and confirms the floating path will hold,threshold_test,ENT-CHAR-0002;ENT-LOC-0008,Margot:tester;B2:environment,B2-TRAVERSAL,B03-C04-S05,She stepped off the landing,event-specific-candidate,candidate,scaled-batch-v1.0,First successful navigation of subjective gravity.
N-EVT-B03-C04-S05-002,B03,B03-C04-S05,B03-C04-S05,Jonah follows Margot onto the floating path,threshold_crossing,ENT-CHAR-0001;ENT-CHAR-0002;ENT-LOC-0008,Jonah:actor;Margot:guide;B2:environment,B2-TRAVERSAL,B03-C04-S05,and followed her,event-specific-candidate,candidate,scaled-batch-v1.0,Commits Jonah to B2 traversal.
N-EVT-B03-C04-S05-003,B03,B03-C04-S05,B03-C04-S05,Margot and Jonah traverse the floating architecture toward the central spire,travel,ENT-CHAR-0002;ENT-CHAR-0001;ENT-LOC-0008,Margot:navigator;Jonah:companion;B2:environment,B2-TRAVERSAL,B03-C04-S05,They moved carefully along the path,event-specific-candidate,candidate,scaled-batch-v1.0,Sustained traversal under new spatial rules.
N-EVT-B03-C04-S05-004,B03,B03-C04-S05,B03-C04-S05,The Concept Guardian blocks access to B3 and begins a lethal riddle,challenge,ENT-CREATURE-0003;ENT-CHAR-0002;ENT-CHAR-0001,Guardian:challenger;Margot:solver;Jonah:threatened,GUARDIAN-RIDDLE,B03-C04-S05,The Guardian demands a riddle answer,event-specific-candidate,candidate,scaled-batch-v1.0,Creates immediate puzzle and death threat.
N-EVT-B03-C05-S01-001,B03,B03-C05-S01,B03-C05-S01,The Guardian counts down toward eating Jonah,deadline_pressure,ENT-CREATURE-0003;ENT-CHAR-0001;ENT-CHAR-0002,Guardian:threatener;Jonah:target;Margot:solver,GUARDIAN-RIDDLE,B03-C05-S01,Five seconds,event-specific-candidate,candidate,scaled-batch-v1.0,Escalates the riddle into a timed threat.
N-EVT-B03-C05-S01-002,B03,B03-C05-S01,B03-C05-S01,Margot reframes the riddle around unrealized architecture,inference,ENT-CHAR-0002;ENT-CREATURE-0003;ENT-CHAR-0001,Margot:reasoner;Guardian:evaluator;Jonah:stake,GUARDIAN-RIDDLE,B03-C05-S01,it's about what could be,event-specific-candidate,candidate,scaled-batch-v1.0,Key inferential turn.
N-EVT-B03-C05-S01-003,B03,B03-C05-S01,B03-C05-S01,Margot answers with plans for buildings never approved or built,solution,ENT-CHAR-0002;ENT-CREATURE-0003;ENT-CHAR-0001,Margot:solver;Guardian:judge;Jonah:beneficiary,GUARDIAN-RIDDLE,B03-C05-S01,plans for buildings that never get approved,event-specific-candidate,candidate,scaled-batch-v1.0,Provides the accepted solution.
N-EVT-B03-C05-S01-004,B03,B03-C05-S01,B03-C05-S01,The Guardian accepts the answer and unlocks the passage,system_resolution,ENT-CREATURE-0003;ENT-CHAR-0002;ENT-CHAR-0001,Guardian:actor;Margot:successful-solver;Jonah:spared,GUARDIAN-RIDDLE,B03-C05-S01,The Guardian accepts the answer and unlocks the door,event-specific-candidate,candidate,scaled-batch-v1.0,Resolves the obstacle and removes the death threat.
N-EVT-B03-C05-S02-001,B03,B03-C05-S02,B03-C05-S02,Margot and Jonah enter the Resting Point Study,threshold_crossing,ENT-CHAR-0002;ENT-CHAR-0001;ENT-LOC-0011,Margot:entrant;Jonah:entrant;Study:destination,RESTING-POINT,B03-C05-S02,It looked like a study,event-specific-candidate,candidate,scaled-batch-v1.0,Creates temporary safe-space state.
N-EVT-B03-C05-S02-002,B03,B03-C05-S02,B03-C05-S02,Margot confirms the Resting Point is temporarily safe,rule_disclosure,ENT-CHAR-0002;ENT-CHAR-0001;ENT-LOC-0011,Margot:speaker;Jonah:recipient;Study:subject,RESTING-POINT,B03-C05-S02,It's safe?,event-specific-candidate,candidate,scaled-batch-v1.0,Establishes bounded safety.
N-EVT-B03-C05-S02-003,B03,B03-C05-S02,B03-C05-S02,Margot and Jonah discuss trust and unfinished intimacy,relationship_discussion,ENT-CHAR-0002;ENT-CHAR-0001,Margot:speaker;Jonah:recipient,SECOND-INTIMACY,B03-C05-S02,we didn't finish upstairs,event-specific-candidate,candidate,scaled-batch-v1.0,Converts unresolved sexual asymmetry into explicit topic.
N-EVT-B03-C05-S02-004,B03,B03-C05-S02,B03-C05-S02,Margot initiates renewed intimacy,consent_initiation,ENT-CHAR-0002;ENT-CHAR-0001,Margot:initiator;Jonah:recipient,SECOND-INTIMACY,B03-C05-S02,Margot pulls Jonah to her,event-specific-candidate,candidate,scaled-batch-v1.0,Creates new deliberate intimacy distinct from panic reaction.
N-EVT-B03-C05-S03-001,B03,B03-C05-S03,B03-C05-S03,Jonah lifts Margot onto the desk and confirms this is deliberate desire,consent_confirmation,ENT-CHAR-0001;ENT-CHAR-0002,Jonah:actor;Margot:recipient,SECOND-INTIMACY,B03-C05-S03,This is me wanting you,event-specific-candidate,candidate,scaled-batch-v1.0,Separates deliberate desire from earlier panic.
N-EVT-B03-C05-S03-002,B03,B03-C05-S03,B03-C05-S03,Jonah kneels and states his intention to pleasure Margot,sexual_commitment,ENT-CHAR-0001;ENT-CHAR-0002,Jonah:actor;Margot:recipient,SECOND-INTIMACY,B03-C05-S03,I'm going to taste you,event-specific-candidate,candidate,scaled-batch-v1.0,Explicit intention and consent boundary.
N-EVT-B03-C05-S03-003,B03,B03-C05-S03,B03-C05-S03,Margot reveals this form of intimacy is new to her,personal_disclosure,ENT-CHAR-0002;ENT-CHAR-0001,Margot:speaker;Jonah:recipient,SECOND-INTIMACY,B03-C05-S03,No one has done this for her before,event-specific-candidate,candidate,scaled-batch-v1.0,Changes Jonah's understanding and responsibility.
N-EVT-B03-C05-S04-001,B03,B03-C05-S04,B03-C05-S04,Jonah performs oral sex on Margot,sexual_action,ENT-CHAR-0001;ENT-CHAR-0002,Jonah:actor;Margot:recipient,SECOND-INTIMACY,B03-C05-S04,She tasted like sugar and salt,event-specific-candidate,candidate,scaled-batch-v1.0,Primary deliberate sexual act.
N-EVT-B03-C05-S04-002,B03,B03-C05-S04,B03-C05-S04,Margot climaxes during the deliberate encounter,sexual_climax,ENT-CHAR-0002;ENT-CHAR-0001,Margot:climaxing;Jonah:actor,SECOND-INTIMACY,B03-C05-S04,Margot climaxes,event-specific-candidate,candidate,scaled-batch-v1.0,Completes the encounter's immediate goal.
N-EVT-B03-C05-S04-003,B03,B03-C05-S04,B03-C05-S04,Jonah comforts Margot through recovery,aftercare,ENT-CHAR-0001;ENT-CHAR-0002,Jonah:actor;Margot:recipient,SECOND-INTIMACY,B03-C05-S04,he comforts her afterward,event-specific-candidate,candidate,scaled-batch-v1.0,Creates safety and closeness.
N-EVT-B03-C05-S05-001,B03,B03-C05-S05,B03-C05-S05,Jonah and Margot acknowledge that a larger conversation must wait until they are safe,boundary_decision,ENT-CHAR-0001;ENT-CHAR-0002,Jonah:initiator;Margot:participant,RELATIONSHIP-ESCALATION,B03-C05-S05,when we get top-side,event-specific-candidate,candidate,scaled-batch-v1.0,Defers relationship definition without denying it.
N-EVT-B03-C05-S05-002,B03,B03-C05-S05,B03-C05-S05,Margot explains B3's emotional and poetic traps,hazard_briefing,ENT-CHAR-0002;ENT-CHAR-0001;ENT-LOC-0012,Margot:speaker;Jonah:recipient;B3:subject,B3-DESCENT,B03-C05-S05,B3 emotional traps,event-specific-candidate,candidate,scaled-batch-v1.0,Creates operating rules for the next level.
N-EVT-B03-C05-S05-003,B03,B03-C05-S05,B03-C05-S05,Margot and Jonah begin the descent to B3 hand in hand,threshold_crossing,ENT-CHAR-0002;ENT-CHAR-0001;ENT-LOC-0012,Margot:actor;Jonah:companion;B3:destination,B3-DESCENT,B03-C05-S05,descent begins,event-specific-candidate,candidate,scaled-batch-v1.0,Combines mission progression with relationship-state evidence.
N-EVT-B03-C06-S01-001,B03,B03-C06-S01,B03-C06-S01,B3's atmosphere triggers involuntary memory associations,environment_effect,ENT-CHAR-0001;ENT-CHAR-0002;ENT-LOC-0012,Jonah:affected;Margot:affected;B3:environment,B3-FOREST,B03-C06-S01,It smells like my dad's aftershave,event-specific-candidate,candidate,scaled-batch-v1.0,Establishes the level's emotional mechanism.
N-EVT-B03-C06-S01-002,B03,B03-C06-S01,B03-C06-S01,Jonah touches poetic text and becomes trapped in grief,psychological_trap,ENT-CHAR-0001;ENT-CHAR-0002;ENT-LOC-0012,Jonah:trapped;Margot:witness;B3:environment,B3-FOREST,B03-C06-S01,Jonah touches poetic text,event-specific-candidate,candidate,scaled-batch-v1.0,First direct capture by B3.
N-EVT-B03-C06-S01-003,B03,B03-C06-S01,B03-C06-S01,Margot breaks Jonah's contact with the poem,rescue,ENT-CHAR-0002;ENT-CHAR-0001,Margot:rescuer;Jonah:rescued,B3-FOREST,B03-C06-S01,Margot frees him,event-specific-candidate,candidate,scaled-batch-v1.0,Restores Jonah's agency.
N-EVT-B03-C06-S01-004,B03,B03-C06-S01,B03-C06-S01,Margot and Jonah establish rules to keep moving and avoid reading the trees,operating_decision,ENT-CHAR-0002;ENT-CHAR-0001;ENT-LOC-0012,Margot:rule-setter;Jonah:agrees;B3:environment,B3-FOREST,B03-C06-S01,keep moving and do not read the trees,event-specific-candidate,candidate,scaled-batch-v1.0,Creates explicit survival protocol.
N-EVT-B03-C06-S02-001,B03,B03-C06-S02,B03-C06-S02,Jonah and Margot enter the forest of textual trees,threshold_crossing,ENT-CHAR-0001;ENT-CHAR-0002;ENT-LOC-0012,Jonah:entrant;Margot:entrant;B3:environment,B3-FOREST,B03-C06-S02,They stepped off the stairs and into the mist,event-specific-candidate,candidate,scaled-batch-v1.0,Moves them fully into the hazard zone.
N-EVT-B03-C06-S02-002,B03,B03-C06-S02,B03-C06-S02,The forest injects intrusive memories while they move,environment_attack,ENT-CHAR-0001;ENT-CHAR-0002;ENT-LOC-0012,Jonah:affected;Margot:affected;B3:environment,B3-FOREST,B03-C06-S02,memories intrude,event-specific-candidate,candidate,scaled-batch-v1.0,Shows adaptive emotional attack.
N-EVT-B03-C06-S02-003,B03,B03-C06-S02,B03-C06-S02,Margot instructs Jonah to detach and act as a critic rather than a reader,tactical_instruction,ENT-CHAR-0002;ENT-CHAR-0001,Margot:instructor;Jonah:recipient,B3-FOREST,B03-C06-S02,"Be a critic, not a reader",event-specific-candidate,candidate,scaled-batch-v1.0,Supplies cognitive defense.
N-EVT-B03-C06-S02-004,B03,B03-C06-S02,B03-C06-S02,Jonah uses counting and hand contact to resist the forest's rhythm,coping_action,ENT-CHAR-0001;ENT-CHAR-0002,Jonah:actor;Margot:anchor,B3-FOREST,B03-C06-S02,Jonah counts steps,event-specific-candidate,candidate,scaled-batch-v1.0,Operationalizes the defense.
N-EVT-B03-C06-S03-001,B03,B03-C06-S03,B03-C06-S03,The mist separates Jonah from Margot,separation,ENT-CHAR-0001;ENT-CHAR-0002;ENT-LOC-0012,Jonah:separated;Margot:separated;B3:environment,VILLANELLE-TRAP,B03-C06-S03,a wall of white rolled over them,event-specific-candidate,candidate,scaled-batch-v1.0,Removes Jonah's primary anchor.
N-EVT-B03-C06-S03-002,B03,B03-C06-S03,B03-C06-S03,Jonah is drawn into an illusionary courtroom,psychological_trap,ENT-CHAR-0001;ENT-EVENT-0001,Jonah:trapped;Villanelle:mechanism,VILLANELLE-TRAP,B03-C06-S03,State your name for the record,event-specific-candidate,candidate,scaled-batch-v1.0,Begins identity assault.
N-EVT-B03-C06-S03-003,B03,B03-C06-S03,B03-C06-S03,Illusory accusers attack Jonah's identity and guilt,psychological_attack,ENT-CHAR-0001;ENT-EVENT-0001,Jonah:target;Villanelle:mechanism,VILLANELLE-TRAP,B03-C06-S03,accusations attack his identity,event-specific-candidate,candidate,scaled-batch-v1.0,Escalates the trap toward self-erasure.
N-EVT-B03-C06-S03-004,B03,B03-C06-S03,B03-C06-S03,Margot reaches Jonah and tells him to edit out the bad stanza,rescue_instruction,ENT-CHAR-0002;ENT-CHAR-0001;ENT-EVENT-0001,Margot:rescuer;Jonah:recipient;Villanelle:target,VILLANELLE-TRAP,B03-C06-S03,edit out the bad stanza,event-specific-candidate,candidate,scaled-batch-v1.0,Provides the trap-breaking action.
N-EVT-B03-C06-S03-005,B03,B03-C06-S03,B03-C06-S03,The courtroom illusion collapses,trap_resolution,ENT-CHAR-0001;ENT-CHAR-0002;ENT-EVENT-0001,Jonah:released;Margot:rescuer;Villanelle:ended,VILLANELLE-TRAP,B03-C06-S03,The illusion collapses,event-specific-candidate,candidate,scaled-batch-v1.0,Resolves the immediate capture.
N-EVT-B03-C06-S04-001,B03,B03-C06-S04,B03-C06-S04,Margot reveals that Jonah was physically turning into text,state_revelation,ENT-CHAR-0002;ENT-CHAR-0001;ENT-EVENT-0001,Margot:speaker;Jonah:subject;Villanelle:cause,VILLANELLE-TRAP,B03-C06-S04,You were turning into text,event-specific-candidate,candidate,scaled-batch-v1.0,Confirms bodily stakes beyond hallucination.
N-EVT-B03-C06-S04-002,B03,B03-C06-S04,B03-C06-S04,Ink-text recedes from Jonah's body,state_recovery,ENT-CHAR-0001;ENT-EVENT-0001,Jonah:recovering;Villanelle:former-cause,JONAH-INJURY,B03-C06-S04,The fabric was dissolving into ink,event-specific-candidate,candidate,scaled-batch-v1.0,Records recovery from transformation.
N-EVT-B03-C06-S04-003,B03,B03-C06-S04,B03-C06-S04,Margot identifies the trap as a Villanelle that loops guilt into assimilation,rule_disclosure,ENT-CHAR-0002;ENT-CHAR-0001;ENT-EVENT-0001,Margot:speaker;Jonah:recipient;Villanelle:subject,VILLANELLE-TRAP,B03-C06-S04,You got caught in a Villanelle,event-specific-candidate,candidate,scaled-batch-v1.0,Formalizes the mechanism.
N-EVT-B03-C06-S04-004,B03,B03-C06-S04,B03-C06-S04,Margot and Jonah resume toward B4 using rhythm and physical contact,travel_decision,ENT-CHAR-0002;ENT-CHAR-0001;ENT-LOC-0012,Margot:companion;Jonah:companion;B3:environment,B3-FOREST,B03-C06-S04,they continue,event-specific-candidate,candidate,scaled-batch-v1.0,Restores coordinated movement after the trap.
N-EVT-B03-C07-S01-001,B03,B03-C07-S01,B03-C07-S01,Margot and Jonah enter the Sonnet Glade's idealized wedding landscape,threshold_crossing,ENT-CHAR-0002;ENT-CHAR-0001;ENT-LOC-0013,Margot:entrant;Jonah:entrant;Glade:environment,SONNET-GLADE,B03-C07-S01,They enter idealized wedding-like landscape,event-specific-candidate,candidate,scaled-batch-v1.0,Introduces a new genre-based trap.
N-EVT-B03-C07-S01-002,B03,B03-C07-S01,B03-C07-S01,The Glade creates idealized paper doubles of Margot and Jonah,manifestation,ENT-CHAR-0002;ENT-CHAR-0001;ENT-LOC-0013,Margot:modeled;Jonah:modeled;Glade:creator,SONNET-GLADE,B03-C07-S01,paper doubles appear,event-specific-candidate,candidate,scaled-batch-v1.0,Externalizes the idealized romance script.
N-EVT-B03-C07-S01-003,B03,B03-C07-S01,B03-C07-S01,The Glade invites Jonah and Margot to merge with their idealized roles,coercive_offer,ENT-CHAR-0002;ENT-CHAR-0001;ENT-LOC-0013,Margot:target;Jonah:target;Glade:coercer,SONNET-GLADE,B03-C07-S01,invites them to merge,event-specific-candidate,candidate,scaled-batch-v1.0,Creates assimilation threat.
N-EVT-B03-C07-S01-004,B03,B03-C07-S01,B03-C07-S01,The trap begins rewriting Margot into an idealized romantic role,identity_attack,ENT-CHAR-0002;ENT-LOC-0013,Margot:target;Glade:attacker,SONNET-GLADE,B03-C07-S01,begins rewriting Margot's role,event-specific-candidate,candidate,scaled-batch-v1.0,Introduces direct identity manipulation.
N-EVT-B03-C07-S02-001,B03,B03-C07-S02,B03-C07-S02,Jonah starts walking toward the paper version of Margot,psychological_capture,ENT-CHAR-0001;ENT-CHAR-0002;ENT-LOC-0013,Jonah:captured;Margot:observer;Glade:mechanism,SONNET-GLADE,B03-C07-S02,Jonah begins walking toward paper Margot,event-specific-candidate,candidate,scaled-batch-v1.0,Shows Jonah surrendering to the false ending.
N-EVT-B03-C07-S02-002,B03,B03-C07-S02,B03-C07-S02,The Glade transforms Margot's clothing into a damsel costume,identity_attack,ENT-CHAR-0002;ENT-LOC-0013,Margot:target;Glade:attacker,SONNET-GLADE,B03-C07-S02,Margot's clothes transform,event-specific-candidate,candidate,scaled-batch-v1.0,Attempts to impose a role through physical rewriting.
N-EVT-B03-C07-S02-003,B03,B03-C07-S02,B03-C07-S02,Margot decides to break the romance script through comic subversion,tactical_decision,ENT-CHAR-0002;ENT-CHAR-0001;ENT-LOC-0013,Margot:decision-maker;Jonah:beneficiary;Glade:target,SONNET-GLADE,B03-C07-S02,she plans comedic subversion,event-specific-candidate,candidate,scaled-batch-v1.0,Creates counter-strategy based on genre violation.
N-EVT-B03-C07-S03-001,B03,B03-C07-S03,B03-C07-S03,Margot flips and destroys the staged banquet table,tactical_action,ENT-CHAR-0002;ENT-LOC-0013,Margot:actor;Glade:target,SONNET-GLADE,B03-C07-S03,Table is destroyed,event-specific-candidate,candidate,scaled-batch-v1.0,Begins physical rejection of the false scene.
N-EVT-B03-C07-S03-002,B03,B03-C07-S03,B03-C07-S03,The Glade's wine turns into ink as the illusion destabilizes,environment_failure,ENT-LOC-0013;ENT-CHAR-0002;ENT-CHAR-0001,Glade:failing-system;Margot:witness;Jonah:witness,SONNET-GLADE,B03-C07-S03,wine becomes ink,event-specific-candidate,candidate,scaled-batch-v1.0,Evidence the script is breaking.
N-EVT-B03-C07-S03-003,B03,B03-C07-S03,B03-C07-S03,Margot decapitates her paper double,identity_rejection,ENT-CHAR-0002;ENT-LOC-0013,Margot:actor;paper-double:target;Glade:creator,SONNET-GLADE,B03-C07-S03,paper Margot is decapitated,event-specific-candidate,candidate,scaled-batch-v1.0,Explicitly rejects imposed identity.
N-EVT-B03-C07-S03-004,B03,B03-C07-S03,B03-C07-S03,The Glade attacks Margot in response,retaliation,ENT-LOC-0013;ENT-CHAR-0002;ENT-CHAR-0001,Glade:attacker;Margot:target;Jonah:witness,SONNET-GLADE,B03-C07-S03,Glade attacks,event-specific-candidate,candidate,scaled-batch-v1.0,Escalates after genre subversion.
N-EVT-B03-C07-S03-005,B03,B03-C07-S03,B03-C07-S03,The false scene collapses and Jonah wakes from the trap,trap_resolution,ENT-CHAR-0001;ENT-CHAR-0002;ENT-LOC-0013,Jonah:released;Margot:rescuer;Glade:defeated,SONNET-GLADE,B03-C07-S03,Jonah wakes,event-specific-candidate,candidate,scaled-batch-v1.0,Resolves capture and restores agency.
N-EVT-B03-C07-S04-001,B03,B03-C07-S04,B03-C07-S04,Margot and Jonah seal the Sonnet Glade behind them,containment_action,ENT-CHAR-0002;ENT-CHAR-0001;ENT-LOC-0013,Margot:actor;Jonah:actor;Glade:contained,SONNET-GLADE,B03-C07-S04,They seal out the Glade,event-specific-candidate,candidate,scaled-batch-v1.0,Prevents immediate recurrence.
N-EVT-B03-C07-S04-002,B03,B03-C07-S04,B03-C07-S04,Jonah laughs and recognizes Margot as a survivor rather than a damsel,relationship_reappraisal,ENT-CHAR-0001;ENT-CHAR-0002,Jonah:reappraiser;Margot:recognized,RELATIONSHIP-ESCALATION,B03-C07-S04,recognizes Margot as a survivor,event-specific-candidate,candidate,scaled-batch-v1.0,Changes Jonah's explicit understanding of Margot.
N-EVT-B03-C07-S04-003,B03,B03-C07-S04,B03-C07-S04,Margot and Jonah identify B4 as the Vault and descend with renewed trust,mission_transition,ENT-CHAR-0002;ENT-CHAR-0001;ENT-LOC-0009,Margot:guide;Jonah:companion;B4:destination,B4-APPROACH,B03-C07-S04,identify B4 as the Vault,event-specific-candidate,candidate,scaled-batch-v1.0,Launches final recovery stage.
N-EVT-B03-C07-S05-001,B03,B03-C07-S05,B03-C07-S05,Margot and Jonah cross the bridge to the obsidian Vault,travel,ENT-CHAR-0002;ENT-CHAR-0001;ENT-LOC-0009,Margot:navigator;Jonah:companion;B4:destination,B4-APPROACH,B03-C07-S05,They cross the bridge,event-specific-candidate,candidate,scaled-batch-v1.0,Physical approach to protected archive.
N-EVT-B03-C07-S05-002,B03,B03-C07-S05,B03-C07-S05,Margot uses Keeper blood to open the Vault,access_action,ENT-CHAR-0002;ENT-LOC-0009,Margot:actor;Vault:system,B4-APPROACH,B03-C07-S05,Margot uses Keeper blood,event-specific-candidate,candidate,scaled-batch-v1.0,Confirms blood-based Keeper access rule.
N-EVT-B03-C07-S05-003,B03,B03-C07-S05,B03-C07-S05,Margot admits her grandfather hid the Scrolls rather than losing them to theft,confession,ENT-CHAR-0002;ENT-CHAR-0001;ENT-OBJ-0001,Margot:speaker;Jonah:recipient;Scrolls:subject,SCROLL-TRUTH,B03-C07-S05,"the Scrolls were hidden, not stolen",event-specific-candidate,candidate,scaled-batch-v1.0,Reframes the central mystery.
N-EVT-B03-C07-S05-004,B03,B03-C07-S05,B03-C07-S05,Margot reveals that humans invited and then enslaved supernatural beings,historical_revelation,ENT-CHAR-0002;ENT-CHAR-0001;ENT-OBJ-0001,Margot:speaker;Jonah:recipient;Scrolls:evidence,FOUNDING-TRUTH,B03-C07-S05,humans invited and enslaved supernatural beings,event-specific-candidate,candidate,scaled-batch-v1.0,Overturns official town history.
N-EVT-B03-C08-S01-001,B03,B03-C08-S01,B03-C08-S01,Margot explains that the official Treaty was forged and used to restrict supernatural residents,historical_revelation,ENT-CHAR-0002;ENT-CHAR-0001;ENT-OBJ-0001,Margot:speaker;Jonah:recipient;Scrolls:evidence,FOUNDING-TRUTH,B03-C08-S01,forged Treaty and supernatural restrictions,event-specific-candidate,candidate,scaled-batch-v1.0,Defines the mechanism of historical oppression.
N-EVT-B03-C08-S01-002,B03,B03-C08-S01,B03-C08-S01,Kael reveals himself inside the Vault,antagonist_reveal,ENT-CHAR-0008;ENT-CHAR-0001;ENT-CHAR-0002,Kael:revealed;Jonah:witness;Margot:witness,KAEL-VAULT-CONFRONTATION,B03-C08-S01,Kael appears,event-specific-candidate,candidate,scaled-batch-v1.0,Converts archival discovery into live threat.
N-EVT-B03-C08-S01-003,B03,B03-C08-S01,B03-C08-S01,Kael admits he accelerated the Purge Protocol,confession,ENT-CHAR-0008;ENT-CHAR-0001;ENT-CHAR-0002,Kael:speaker;Jonah:recipient;Margot:recipient,PURGE-CAUSE,B03-C08-S01,accelerated the Purge Protocol,event-specific-candidate,candidate,scaled-batch-v1.0,Identifies responsible actor.
N-EVT-B03-C08-S01-004,B03,B03-C08-S01,B03-C08-S01,The confrontation becomes armed and immediate,threat_transition,ENT-CHAR-0008;ENT-CHAR-0001;ENT-CHAR-0002,Kael:aggressor;Jonah:defender;Margot:protected,KAEL-VAULT-CONFRONTATION,B03-C08-S01,armed confrontation,event-specific-candidate,candidate,scaled-batch-v1.0,Changes mode from disclosure to combat.
N-EVT-B03-C08-S02-001,B03,B03-C08-S02,B03-C08-S02,Kael attacks Jonah with a sterling rod,physical_attack,ENT-CHAR-0008;ENT-CHAR-0001;ENT-CHAR-0002,Kael:attacker;Jonah:target;Margot:witness,KAEL-VAULT-CONFRONTATION,B03-C08-S02,Kael attacks,event-specific-candidate,candidate,scaled-batch-v1.0,Begins combat.
N-EVT-B03-C08-S02-002,B03,B03-C08-S02,B03-C08-S02,Jonah partially shifts to protect Margot,transformation,ENT-CHAR-0001;ENT-CHAR-0002;ENT-CHAR-0008,Jonah:shifter;Margot:protected;Kael:opponent,KAEL-VAULT-CONFRONTATION,B03-C08-S02,Jonah shifts,event-specific-candidate,candidate,scaled-batch-v1.0,Activates supernatural combat capability.
N-EVT-B03-C08-S02-003,B03,B03-C08-S02,B03-C08-S02,The silver rod burns Jonah severely,injury_event,ENT-CHAR-0001;ENT-CHAR-0008,Jonah:injured;Kael:weapon-user,JONAH-INJURY,B03-C08-S02,silver burns him,event-specific-candidate,candidate,scaled-batch-v1.0,Adds severe silver injury.
N-EVT-B03-C08-S02-004,B03,B03-C08-S02,B03-C08-S02,Jonah catches and breaks the sterling rod,counterattack,ENT-CHAR-0001;ENT-CHAR-0008,Jonah:actor;Kael:disarmed,KAEL-VAULT-CONFRONTATION,B03-C08-S02,Jonah breaks rod,event-specific-candidate,candidate,scaled-batch-v1.0,Removes antagonist's primary weapon.
N-EVT-B03-C08-S02-005,B03,B03-C08-S02,B03-C08-S02,Jonah bites Kael and gains the advantage,counterattack,ENT-CHAR-0001;ENT-CHAR-0008,Jonah:attacker;Kael:injured,KAEL-VAULT-CONFRONTATION,B03-C08-S02,Jonah bites Kael,event-specific-candidate,candidate,scaled-batch-v1.0,Reverses combat advantage.
N-EVT-B03-C08-S03-001,B03,B03-C08-S03,B03-C08-S03,Kael escapes through magical smoke,escape,ENT-CHAR-0008;ENT-CHAR-0001;ENT-CHAR-0002,Kael:escapee;Jonah:opponent;Margot:witness,KAEL-VAULT-CONFRONTATION,B03-C08-S03,Kael ports away,event-specific-candidate,candidate,scaled-batch-v1.0,Leaves antagonist unresolved.
N-EVT-B03-C08-S03-002,B03,B03-C08-S03,B03-C08-S03,Jonah begins partial supernatural healing from the silver attack,state_recovery,ENT-CHAR-0001;ENT-CHAR-0002,Jonah:recovering;Margot:witness,JONAH-INJURY,B03-C08-S03,Jonah heals partially,event-specific-candidate,candidate,scaled-batch-v1.0,Records incomplete recovery.
N-EVT-B03-C08-S03-003,B03,B03-C08-S03,B03-C08-S03,Margot touches Jonah's chest and asks for the Alpha,sexual_initiation,ENT-CHAR-0002;ENT-CHAR-0001,Margot:initiator;Jonah:recipient,VAULT-INTIMACY,B03-C08-S03,Margot asks for the Alpha,event-specific-candidate,candidate,scaled-batch-v1.0,Transforms combat aftermath into grounding intimacy.
N-EVT-B03-C08-S04-001,B03,B03-C08-S04,B03-C08-S04,Jonah lifts Margot against the Vault shelving,physical_action,ENT-CHAR-0001;ENT-CHAR-0002,Jonah:actor;Margot:recipient,VAULT-INTIMACY,B03-C08-S04,Jonah lifts Margot,event-specific-candidate,candidate,scaled-batch-v1.0,Physical escalation.
N-EVT-B03-C08-S04-002,B03,B03-C08-S04,B03-C08-S04,Jonah uses possessive mate language,disclosure,ENT-CHAR-0001;ENT-CHAR-0002,Jonah:speaker;Margot:recipient,MATE-RECOGNITION,B03-C08-S04,possessive mate language,event-specific-candidate,candidate,scaled-batch-v1.0,Further externalizes mate claim.
N-EVT-B03-C08-S04-003,B03,B03-C08-S04,B03-C08-S04,Jonah warns he may hurt Margot and requests a stop signal,safety_check,ENT-CHAR-0001;ENT-CHAR-0002,Jonah:requester;Margot:recipient,VAULT-INTIMACY,B03-C08-S04,asks for a stop signal,event-specific-candidate,candidate,scaled-batch-v1.0,Explicit risk disclosure and consent safeguard.
N-EVT-B03-C08-S04-004,B03,B03-C08-S04,B03-C08-S04,Margot explicitly consents to penetrative sex,consent_decision,ENT-CHAR-0002;ENT-CHAR-0001,Margot:decision-maker;Jonah:recipient,VAULT-INTIMACY,B03-C08-S04,she consents,event-specific-candidate,candidate,scaled-batch-v1.0,Creates consent state.
N-EVT-B03-C08-S04-005,B03,B03-C08-S04,B03-C08-S04,Jonah and Margot begin penetrative sex,sexual_action,ENT-CHAR-0001;ENT-CHAR-0002,Jonah:participant;Margot:participant,VAULT-INTIMACY,B03-C08-S04,They begin penetrative sex,event-specific-candidate,candidate,scaled-batch-v1.0,Begins third intimacy sequence.
N-EVT-B03-C08-S05-001,B03,B03-C08-S05,B03-C08-S05,Jonah and Margot complete penetrative sex,sexual_climax,ENT-CHAR-0001;ENT-CHAR-0002,Jonah:participant;Margot:participant,VAULT-INTIMACY,B03-C08-S05,Sex is completed,event-specific-candidate,candidate,scaled-batch-v1.0,Completes the encounter.
N-EVT-B03-C08-S05-002,B03,B03-C08-S05,B03-C08-S05,Jonah consciously resists knotting Margot,restraint_decision,ENT-CHAR-0001;ENT-CHAR-0002,Jonah:decision-maker;Margot:protected,VAULT-INTIMACY,B03-C08-S05,Jonah avoids knotting,event-specific-candidate,candidate,scaled-batch-v1.0,Important control and consent boundary.
N-EVT-B03-C08-S05-003,B03,B03-C08-S05,B03-C08-S05,Margot reframes the encounter as chosen rather than imposed,relationship_reappraisal,ENT-CHAR-0002;ENT-CHAR-0001,Margot:speaker;Jonah:recipient,RELATIONSHIP-ESCALATION,B03-C08-S05,Margot reframes encounter,event-specific-candidate,candidate,scaled-batch-v1.0,Clarifies emotional meaning.
N-EVT-B03-C08-S05-004,B03,B03-C08-S05,B03-C08-S05,Jonah takes physical custody of the original Treaty,custody_transfer,ENT-CHAR-0001;ENT-CHAR-0002;ENT-OBJ-0001,Jonah:recipient;Margot:transferor;Scrolls:object,TREATY-CUSTODY,B03-C08-S05,Jonah takes Scroll,event-specific-candidate,candidate,scaled-batch-v1.0,Creates custody state for escape.
N-EVT-B03-C08-S05-005,B03,B03-C08-S05,B03-C08-S05,Jonah offers Margot his hand and they leave B4 together,threshold_crossing,ENT-CHAR-0001;ENT-CHAR-0002;ENT-LOC-0009,Jonah:initiator;Margot:companion;B4:origin,B4-EXIT,B03-C08-S05,offers hand,event-specific-candidate,candidate,scaled-batch-v1.0,Ends Vault sequence with united movement.
N-EVT-B03-C09-S01-001,B03,B03-C09-S01,B03-C09-S01,Margot and Jonah climb out of the Deep Stacks carrying the Treaty,escape,ENT-CHAR-0002;ENT-CHAR-0001;ENT-OBJ-0001,Margot:escapee;Jonah:escapee-and-custodian;Scrolls:carried-object,LIBRARY-ESCAPE,B03-C09-S01,They climb out,event-specific-candidate,candidate,scaled-batch-v1.0,Moves evidence toward public space.
N-EVT-B03-C09-S01-002,B03,B03-C09-S01,B03-C09-S01,Jonah's silver injuries impair his movement,injury_persistence,ENT-CHAR-0001;ENT-CHAR-0002,Jonah:injured;Margot:witness,JONAH-INJURY,B03-C09-S01,Jonah limps,event-specific-candidate,candidate,scaled-batch-v1.0,Confirms combat cost persists.
N-EVT-B03-C09-S01-003,B03,B03-C09-S01,B03-C09-S01,Arthur Sterling confronts them on the library's main floor,antagonist_confrontation,ENT-CHAR-0009;ENT-CHAR-0002;ENT-CHAR-0001;ENT-OBJ-0001,Sterling:confronter;Margot:target;Jonah:target;Scrolls:contested-object,STERLING-STANDOFF,B03-C09-S01,Sterling confronts them,event-specific-candidate,candidate,scaled-batch-v1.0,Converts escape into political confrontation.
N-EVT-B03-C09-S01-004,B03,B03-C09-S01,B03-C09-S01,Sterling questions and mocks the Treaty evidence,delegitimization_attempt,ENT-CHAR-0009;ENT-CHAR-0002;ENT-CHAR-0001;ENT-OBJ-0001,Sterling:speaker;Margot:recipient;Jonah:recipient;Scrolls:target,STERLING-STANDOFF,B03-C09-S01,questions the Scroll,event-specific-candidate,candidate,scaled-batch-v1.0,Attempts to control interpretation.
N-EVT-B03-C09-S02-001,B03,B03-C09-S02,B03-C09-S02,Sterling reveals armed mercenaries and an overwatch marksman,force_display,ENT-CHAR-0009;ENT-CHAR-0010;ENT-CHAR-0002;ENT-CHAR-0001,Sterling:commander;Marksman:threat;Margot:target;Jonah:target,STERLING-STANDOFF,B03-C09-S02,Sterling reveals mercenaries,event-specific-candidate,candidate,scaled-batch-v1.0,Escalates coercive capacity.
N-EVT-B03-C09-S02-002,B03,B03-C09-S02,B03-C09-S02,Margot identifies the document as the original Treaty and refuses surrender,evidence_claim,ENT-CHAR-0002;ENT-CHAR-0009;ENT-CHAR-0001;ENT-OBJ-0001,Margot:speaker-and-refuser;Sterling:recipient;Jonah:ally;Scrolls:evidence,PUBLIC-EXPOSURE,B03-C09-S02,Margot refuses to hand Sterling the Scroll,event-specific-candidate,candidate,scaled-batch-v1.0,Commits to preserving and exposing evidence.
N-EVT-B03-C09-S02-003,B03,B03-C09-S02,B03-C09-S02,Kael prepares magical fire to destroy or seize the evidence,destruction_threat,ENT-CHAR-0008;ENT-CHAR-0002;ENT-CHAR-0001;ENT-OBJ-0001,Kael:threatener;Margot:target;Jonah:protector;Scrolls:target,STERLING-STANDOFF,B03-C09-S02,Kael prepares fire,event-specific-candidate,candidate,scaled-batch-v1.0,Creates immediate evidence-destruction risk.
N-EVT-B03-C09-S02-004,B03,B03-C09-S02,B03-C09-S02,A crowd begins gathering outside the library,public_arrival,ENT-CHAR-0002;ENT-CHAR-0001;ENT-CHAR-0009,Crowd:witnesses;Margot:observer;Jonah:observer;Sterling:exposed-party,PUBLIC-EXPOSURE,B03-C09-S02,crowd gathers,event-specific-candidate,candidate,scaled-batch-v1.0,Introduces public accountability.
N-EVT-B03-C09-S03-001,B03,B03-C09-S03,B03-C09-S03,Margot rejects waiting for the Magisterium,authority_rejection,ENT-CHAR-0002;ENT-CHAR-0009;ENT-CHAR-0001,Margot:decision-maker;Sterling:opponent;Jonah:ally,PUBLIC-EXPOSURE,B03-C09-S03,rejects Magisterium timing,event-specific-candidate,candidate,scaled-batch-v1.0,Rejects delayed institutional remedy.
N-EVT-B03-C09-S03-002,B03,B03-C09-S03,B03-C09-S03,Margot points to the crowd as immediate witnesses,strategic_reframing,ENT-CHAR-0002;ENT-CHAR-0009;ENT-CHAR-0001,Margot:strategist;Sterling:opponent;Jonah:ally;Crowd:witnesses,PUBLIC-EXPOSURE,B03-C09-S03,identifies public witnesses,event-specific-candidate,candidate,scaled-batch-v1.0,Changes leverage from private force to public scrutiny.
N-EVT-B03-C09-S03-003,B03,B03-C09-S03,B03-C09-S03,The town becomes an active audience to the Treaty dispute,public_state_change,ENT-CHAR-0002;ENT-CHAR-0001;ENT-CHAR-0009,Crowd:audience;Margot:speaker;Jonah:corroborator;Sterling:accused,PUBLIC-EXPOSURE,B03-C09-S03,town becomes an active audience,event-specific-candidate,candidate,scaled-batch-v1.0,Transforms secret history into public controversy.
N-EVT-B03-C09-S04-001,B03,B03-C09-S04,B03-C09-S04,Witnesses begin recording the confrontation,evidence_replication,ENT-CHAR-0002;ENT-CHAR-0001;ENT-CHAR-0009,Crowd:recorders;Margot:subject;Jonah:subject;Sterling:subject,PUBLIC-EXPOSURE,B03-C09-S04,Witnesses record,event-specific-candidate,candidate,scaled-batch-v1.0,Makes suppression harder.
N-EVT-B03-C09-S04-002,B03,B03-C09-S04,B03-C09-S04,Jonah opens the library doors to the crowd,access_action,ENT-CHAR-0001;ENT-CHAR-0002;ENT-CHAR-0009,Jonah:actor;Margot:ally;Sterling:opponent;Crowd:admitted-audience,PUBLIC-EXPOSURE,B03-C09-S04,Jonah opens doors,event-specific-candidate,candidate,scaled-batch-v1.0,Physically enables public disclosure.
N-EVT-B03-C09-S04-003,B03,B03-C09-S04,B03-C09-S04,Margot publicly explains the original Treaty and founding deception,public_disclosure,ENT-CHAR-0002;ENT-CHAR-0001;ENT-CHAR-0009;ENT-OBJ-0001,Margot:speaker;Jonah:corroborator;Sterling:accused;Scrolls:evidence,FOUNDING-TRUTH,B03-C09-S04,Margot explains Treaty,event-specific-candidate,candidate,scaled-batch-v1.0,Promotes hidden history into public knowledge.
N-EVT-B03-C09-S04-004,B03,B03-C09-S04,B03-C09-S04,Werewolves confront Jonah about the accusation,public_challenge,ENT-CHAR-0001;ENT-CHAR-0002;ENT-CHAR-0003;ENT-CHAR-0004,Jonah:challenged;Margot:ally;Grishka:challenger;Aleksei:witness,PUBLIC-EXPOSURE,B03-C09-S04,werewolves confront Jonah,event-specific-candidate,candidate,scaled-batch-v1.0,Tests Jonah's public credibility.
N-EVT-B03-C09-S04-005,B03,B03-C09-S04,B03-C09-S04,Jonah publicly confirms Sterling buried the real Treaty,public_corroboration,ENT-CHAR-0001;ENT-CHAR-0002;ENT-CHAR-0009;ENT-OBJ-0001,Jonah:speaker;Margot:ally;Sterling:accused;Scrolls:evidence,PUBLIC-EXPOSURE,B03-C09-S04,he confirms truth,event-specific-candidate,candidate,scaled-batch-v1.0,Provides law-enforcement corroboration.
N-EVT-B03-C09-S04-006,B03,B03-C09-S04,B03-C09-S04,The crowd accepts the revelation and anger ignites,collective_reaction,ENT-CHAR-0002;ENT-CHAR-0001;ENT-CHAR-0009,Crowd:reactor;Margot:catalyst;Jonah:corroborator;Sterling:target,PUBLIC-EXPOSURE,B03-C09-S04,anger ignites,event-specific-candidate,candidate,scaled-batch-v1.0,Changes town political state.
N-EVT-B03-C09-S05-001,B03,B03-C09-S05,B03-C09-S05,The crowd surges toward Sterling and his forces,mob_action,ENT-CHAR-0009;ENT-CHAR-0008;ENT-CHAR-0002;ENT-CHAR-0001,Crowd:actor;Sterling:target;Kael:target;Margot:witness;Jonah:witness,PUBLIC-EXPOSURE,B03-C09-S05,Crowd surges,event-specific-candidate,candidate,scaled-batch-v1.0,Escalates revelation into physical instability.
N-EVT-B03-C09-S05-002,B03,B03-C09-S05,B03-C09-S05,Sterling orders an emergency extraction,command,ENT-CHAR-0009;ENT-CHAR-0008;ENT-CHAR-0010,Sterling:commander;Kael:subordinate;Marksman:subordinate,ANTAGONIST-ESCAPE,B03-C09-S05,Sterling orders extraction,event-specific-candidate,candidate,scaled-batch-v1.0,Begins antagonist withdrawal.
N-EVT-B03-C09-S05-003,B03,B03-C09-S05,B03-C09-S05,"Sterling, Kael, and the mercenaries escape under magical smoke",escape,ENT-CHAR-0009;ENT-CHAR-0008;ENT-CHAR-0010;ENT-CHAR-0002;ENT-CHAR-0001,Sterling:escapee;Kael:escapee;Marksman:escapee;Margot:witness;Jonah:witness,ANTAGONIST-ESCAPE,B03-C09-S05,antagonists flee,event-specific-candidate,candidate,scaled-batch-v1.0,Preserves antagonists for later conflict.
N-EVT-B03-C09-S05-004,B03,B03-C09-S05,B03-C09-S05,Jonah decides to regroup at his ridge cabin,retreat_decision,ENT-CHAR-0001;ENT-CHAR-0002;ENT-OBJ-0001,Jonah:decision-maker;Margot:companion;Scrolls:protected-object,CABIN-RETREAT,B03-C09-S05,regrouping at cabin,event-specific-candidate,candidate,scaled-batch-v1.0,Creates next safe destination.
N-EVT-B03-C09-S05-005,B03,B03-C09-S05,B03-C09-S05,Margot and Jonah flee with the Treaty,escape,ENT-CHAR-0002;ENT-CHAR-0001;ENT-OBJ-0001,Margot:escapee;Jonah:escapee-and-custodian;Scrolls:carried-object,CABIN-RETREAT,B03-C09-S05,flee toward Jonah's cabin,event-specific-candidate,candidate,scaled-batch-v1.0,Preserves evidence and removes them from mob danger.
N-EVT-B03-C09-S06-001,B03,B03-C09-S06,B03-C09-S06,Margot and Jonah plan to scan and upload the Treaty,evidence_plan,ENT-CHAR-0002;ENT-CHAR-0001;ENT-OBJ-0001,Margot:planner;Jonah:planner-and-custodian;Scrolls:source,EVIDENCE-DISTRIBUTION,B03-C09-S06,scanning and uploading Treaty,event-specific-candidate,candidate,scaled-batch-v1.0,Begins redundancy and public-proof strategy.
N-EVT-B03-C09-S06-002,B03,B03-C09-S06,B03-C09-S06,They acknowledge that the revelation may trigger war,stakes_assessment,ENT-CHAR-0002;ENT-CHAR-0001,Margot:assessor;Jonah:assessor,PUBLIC-EXPOSURE,B03-C09-S06,They discuss war,event-specific-candidate,candidate,scaled-batch-v1.0,Recognizes system-level consequence.
N-EVT-B03-C09-S06-003,B03,B03-C09-S06,B03-C09-S06,Margot mourns the probable loss of the library,loss_recognition,ENT-CHAR-0002;ENT-CHAR-0001,Margot:griever;Jonah:witness,LIBRARY-LOSS,B03-C09-S06,library loss,event-specific-candidate,candidate,scaled-batch-v1.0,Creates emotional and institutional loss state.
N-EVT-B03-C09-S06-004,B03,B03-C09-S06,B03-C09-S06,Jonah offers his cabin as refuge,shelter_offer,ENT-CHAR-0001;ENT-CHAR-0002,Jonah:offerer;Margot:recipient,CABIN-RETREAT,B03-C09-S06,cabin refuge,event-specific-candidate,candidate,scaled-batch-v1.0,Creates safe-space and relationship implication.
N-EVT-B03-C09-S06-005,B03,B03-C09-S06,B03-C09-S06,Margot realizes she is in love with Jonah,internal_revelation,ENT-CHAR-0002;ENT-CHAR-0001,Margot:knower;Jonah:love-object,RELATIONSHIP-ESCALATION,B03-C09-S06,Margot recognizes love,event-specific-candidate,candidate,scaled-batch-v1.0,Major internal relationship-state change.
N-EVT-B03-C10-S01-001,B03,B03-C10-S01,B03-C10-S01,Jonah and Margot arrive at the fortified ridge cabin,arrival,ENT-CHAR-0001;ENT-CHAR-0002;ENT-LOC-0015,Jonah:host;Margot:refugee;Cabin:destination,CABIN-REFUGE,B03-C10-S01,Arrival at fortified cabin,event-specific-candidate,candidate,scaled-batch-v1.0,Establishes a temporary secure base.
N-EVT-B03-C10-S01-002,B03,B03-C10-S01,B03-C10-S01,Jonah explains the cabin's wards and isolation,security_disclosure,ENT-CHAR-0001;ENT-CHAR-0002;ENT-LOC-0015,Jonah:speaker;Margot:recipient;Cabin:subject,CABIN-REFUGE,B03-C10-S01,Jonah explains wards and isolation,event-specific-candidate,candidate,scaled-batch-v1.0,Defines the refuge's protections and limitations.
N-EVT-B03-C10-S01-003,B03,B03-C10-S01,B03-C10-S01,Margot acknowledges that her apartment and former life are gone,loss_recognition,ENT-CHAR-0002;ENT-CHAR-0001,Margot:knower;Jonah:witness,DISPLACEMENT,B03-C10-S01,her apartment and former life are gone,event-specific-candidate,candidate,scaled-batch-v1.0,Creates explicit displacement state.
N-EVT-B03-C10-S01-004,B03,B03-C10-S01,B03-C10-S01,"Jonah gives Margot clothes, shelter, and access to the cabin",resource_transfer,ENT-CHAR-0001;ENT-CHAR-0002;ENT-LOC-0015,Jonah:provider;Margot:recipient;Cabin:refuge,CABIN-REFUGE,B03-C10-S01,"gives Margot clothes, shelter, and access",event-specific-candidate,candidate,scaled-batch-v1.0,Transfers immediate survival resources.
N-EVT-B03-C10-S01-005,B03,B03-C10-S01,B03-C10-S01,Margot begins showering and physical recovery,recovery_action,ENT-CHAR-0002;ENT-CHAR-0001;ENT-LOC-0015,Margot:recovering;Jonah:protector;Cabin:safe-space,CABIN-REFUGE,B03-C10-S01,shower and recovery begin,event-specific-candidate,candidate,scaled-batch-v1.0,Begins decompression from escape.
N-EVT-B03-C10-S02-001,B03,B03-C10-S02,B03-C10-S02,Jonah arms and secures the cabin,defensive_preparation,ENT-CHAR-0001;ENT-CHAR-0002;ENT-LOC-0015,Jonah:actor;Margot:protected;Cabin:defended-location,CABIN-DEFENSE,B03-C10-S02,Jonah arms the cabin,event-specific-candidate,candidate,scaled-batch-v1.0,Shifts refuge into defensive posture.
N-EVT-B03-C10-S02-002,B03,B03-C10-S02,B03-C10-S02,Margot emerges wearing Jonah's clothes,relationship_signal,ENT-CHAR-0002;ENT-CHAR-0001,Margot:actor;Jonah:observer,RELATIONSHIP-ESCALATION,B03-C10-S02,Margot emerges in his clothes,event-specific-candidate,candidate,scaled-batch-v1.0,Signals intimacy and temporary domesticity.
N-EVT-B03-C10-S02-003,B03,B03-C10-S02,B03-C10-S02,Jonah and Margot discuss their fugitive status and immediate options,planning_discussion,ENT-CHAR-0001;ENT-CHAR-0002,Jonah:planner;Margot:planner,CABIN-REFUGE,B03-C10-S02,coffee and fugitive discussion,event-specific-candidate,candidate,scaled-batch-v1.0,Aligns their understanding of danger.
N-EVT-B03-C10-S02-004,B03,B03-C10-S02,B03-C10-S02,Margot asks whether they face the future together,relationship_question,ENT-CHAR-0002;ENT-CHAR-0001,Margot:asker;Jonah:recipient,RELATIONSHIP-COMMITMENT,B03-C10-S02,whether they face the future together,event-specific-candidate,candidate,scaled-batch-v1.0,Forces explicit relationship choice.
N-EVT-B03-C10-S02-005,B03,B03-C10-S02,B03-C10-S02,Jonah commits to facing the future with Margot,relationship_commitment,ENT-CHAR-0001;ENT-CHAR-0002,Jonah:committer;Margot:recipient,RELATIONSHIP-COMMITMENT,B03-C10-S02,Jonah says yes,event-specific-candidate,candidate,scaled-batch-v1.0,Creates explicit joint-action commitment.
N-EVT-B03-C10-S03-001,B03,B03-C10-S03,B03-C10-S03,Margot cleans and dresses Jonah's silver burn,medical_care,ENT-CHAR-0002;ENT-CHAR-0001,Margot:caregiver;Jonah:patient,JONAH-INJURY,B03-C10-S03,cleans and dresses silver burn,event-specific-candidate,candidate,scaled-batch-v1.0,Extends injury and healing continuity.
N-EVT-B03-C10-S03-002,B03,B03-C10-S03,B03-C10-S03,Margot treats Jonah's chest injuries,medical_care,ENT-CHAR-0002;ENT-CHAR-0001,Margot:caregiver;Jonah:patient,JONAH-INJURY,B03-C10-S03,chest injuries,event-specific-candidate,candidate,scaled-batch-v1.0,Records additional combat damage.
N-EVT-B03-C10-S03-003,B03,B03-C10-S03,B03-C10-S03,Jonah and Margot discuss his old scars and long service to the town,personal_disclosure,ENT-CHAR-0001;ENT-CHAR-0002,Jonah:subject;Margot:listener,JONAH-BACKSTORY,B03-C10-S03,old scars are discussed,event-specific-candidate,candidate,scaled-batch-v1.0,Makes cumulative sacrifice explicit.
N-EVT-B03-C10-S03-004,B03,B03-C10-S03,B03-C10-S03,Margot recognizes the cumulative cost Jonah has paid for the town,relationship_reappraisal,ENT-CHAR-0002;ENT-CHAR-0001,Margot:reappraiser;Jonah:recognized,RELATIONSHIP-ESCALATION,B03-C10-S03,cumulative cost Jonah has paid,event-specific-candidate,candidate,scaled-batch-v1.0,Deepens respect and attachment.
N-EVT-B03-C10-S03-005,B03,B03-C10-S03,B03-C10-S03,Jonah accepts gentleness and medical care from Margot,vulnerability_acceptance,ENT-CHAR-0001;ENT-CHAR-0002,Jonah:recipient;Margot:caregiver,RELATIONSHIP-ESCALATION,B03-C10-S03,accepts gentleness,event-specific-candidate,candidate,scaled-batch-v1.0,Changes Jonah's openness to care.
N-EVT-B03-C10-S04-001,B03,B03-C10-S04,B03-C10-S04,Margot initiates intimacy on the bearskin rug,sexual_initiation,ENT-CHAR-0002;ENT-CHAR-0001,Margot:initiator;Jonah:recipient,CABIN-INTIMACY,B03-C10-S04,Margot initiates,event-specific-candidate,candidate,scaled-batch-v1.0,Begins relationship-definition encounter.
N-EVT-B03-C10-S04-002,B03,B03-C10-S04,B03-C10-S04,Jonah explains the lifelong nature of the wolf bond,bond_disclosure,ENT-CHAR-0001;ENT-CHAR-0002,Jonah:speaker;Margot:recipient,MATE-BOND,B03-C10-S04,lifelong wolf bond,event-specific-candidate,candidate,scaled-batch-v1.0,Makes permanence explicit.
N-EVT-B03-C10-S04-003,B03,B03-C10-S04,B03-C10-S04,Margot accepts the permanence of the bond and says she is not leaving,relationship_commitment,ENT-CHAR-0002;ENT-CHAR-0001,Margot:committer;Jonah:recipient,RELATIONSHIP-COMMITMENT,B03-C10-S04,she is not leaving,event-specific-candidate,candidate,scaled-batch-v1.0,Resolves immediate fear of abandonment.
N-EVT-B03-C10-S04-004,B03,B03-C10-S04,B03-C10-S04,Jonah and Margot mutually affirm consent and permanence,consent_and_commitment,ENT-CHAR-0001;ENT-CHAR-0002,Jonah:participant;Margot:participant,CABIN-INTIMACY,B03-C10-S04,consent and permanence are affirmed,event-specific-candidate,candidate,scaled-batch-v1.0,Combines sexual and relationship consent.
N-EVT-B03-C10-S04-005,B03,B03-C10-S04,B03-C10-S04,Jonah and Margot resume intimacy,sexual_action,ENT-CHAR-0001;ENT-CHAR-0002,Jonah:participant;Margot:participant,CABIN-INTIMACY,B03-C10-S04,resume intimacy,event-specific-candidate,candidate,scaled-batch-v1.0,Acts on mutual commitment.
N-EVT-B03-C10-S05-001,B03,B03-C10-S05,B03-C10-S05,Jonah and Margot rest after intimacy,aftercare,ENT-CHAR-0001;ENT-CHAR-0002;ENT-LOC-0015,Jonah:participant;Margot:participant;Cabin:safe-space,CABIN-INTIMACY,B03-C10-S05,Post-intimacy rest,event-specific-candidate,candidate,scaled-batch-v1.0,Creates a brief domestic equilibrium.
N-EVT-B03-C10-S05-002,B03,B03-C10-S05,B03-C10-S05,The Federal Magisterium orders Jonah to surrender Margot within four hours,ultimatum,ENT-GROUP-0003;ENT-CHAR-0001;ENT-CHAR-0002,Magisterium:issuer;Jonah:recipient;Margot:target,MAGISTERIUM-ULTIMATUM,B03-C10-S05,surrender Margot within four hours,event-specific-candidate,candidate,scaled-batch-v1.0,Creates explicit deadline and betrayal demand.
N-EVT-B03-C10-S05-003,B03,B03-C10-S05,B03-C10-S05,The Magisterium quarantines the town and labels Margot a saboteur,institutional_action,ENT-GROUP-0003;ENT-CHAR-0002;ENT-CHAR-0001,Magisterium:actor;Margot:accused;Jonah:recipient,MAGISTERIUM-ULTIMATUM,B03-C10-S05,town quarantine; Margot named saboteur,event-specific-candidate,candidate,scaled-batch-v1.0,Expands threat from personal to institutional.
N-EVT-B03-C10-S05-004,B03,B03-C10-S05,B03-C10-S05,The Magisterium announces an inbound containment team,threat_announcement,ENT-GROUP-0003;ENT-CHAR-0001;ENT-CHAR-0002,Magisterium:sender;Jonah:recipient;Margot:target,CABIN-SIEGE,B03-C10-S05,containment team inbound,event-specific-candidate,candidate,scaled-batch-v1.0,Signals imminent attack.
N-EVT-B03-C10-S05-005,B03,B03-C10-S05,B03-C10-S05,Jonah deletes the order and prepares to resist,defiance_decision,ENT-CHAR-0001;ENT-CHAR-0002;ENT-GROUP-0003,Jonah:decision-maker;Margot:protected;Magisterium:opposed-party,CABIN-DEFENSE,B03-C10-S05,Jonah deletes the message,event-specific-candidate,candidate,scaled-batch-v1.0,Rejects institutional authority.
N-EVT-B03-C10-S05-006,B03,B03-C10-S05,B03-C10-S05,Jonah arms himself for the coming attack,defensive_preparation,ENT-CHAR-0001;ENT-CHAR-0002;ENT-LOC-0015,Jonah:actor;Margot:protected;Cabin:defended-location,CABIN-DEFENSE,B03-C10-S05,arms himself,event-specific-candidate,candidate,scaled-batch-v1.0,Moves from defiance to active defense.
N-EVT-B03-C11-S01-001,B03,B03-C11-S01,B03-C11-S01,Jonah and Margot secure the cabin's steel shutters,defensive_preparation,ENT-CHAR-0001;ENT-CHAR-0002;ENT-LOC-0015,Jonah:actor;Margot:actor;Cabin:defended-location,CABIN-SIEGE,B03-C11-S01,Steel shutters secured,event-specific-candidate,candidate,scaled-batch-v1.0,Hardens the perimeter.
N-EVT-B03-C11-S01-002,B03,B03-C11-S01,B03-C11-S01,The Treaty reveals a ledger of disappearances,evidence_discovery,ENT-CHAR-0001;ENT-CHAR-0002;ENT-OBJ-0010,Jonah:discoverer;Margot:discoverer;Treaty:evidence,TREATY-EVIDENCE,B03-C11-S01,Treaty reveals disappearance ledger,event-specific-candidate,candidate,scaled-batch-v1.0,Adds documented victims to the historical case.
N-EVT-B03-C11-S01-003,B03,B03-C11-S01,B03-C11-S01,The Treaty upload stalls at forty-five percent under communications jamming,system_failure,ENT-CHAR-0001;ENT-CHAR-0002;ENT-OBJ-0010;ENT-GROUP-0003,Jonah:operator;Margot:operator;Treaty:data-source;Magisterium:jammer,EVIDENCE-DISTRIBUTION,B03-C11-S01,upload stalls at 45%,event-specific-candidate,candidate,scaled-batch-v1.0,Blocks evidence redundancy.
N-EVT-B03-C11-S01-004,B03,B03-C11-S01,B03-C11-S01,Jonah distributes weapons and defensive roles,resource_distribution,ENT-CHAR-0001;ENT-CHAR-0002,Jonah:distributor;Margot:recipient,CABIN-SIEGE,B03-C11-S01,weapons distributed,event-specific-candidate,candidate,scaled-batch-v1.0,Creates combat readiness.
N-EVT-B03-C11-S01-005,B03,B03-C11-S01,B03-C11-S01,The perimeter alarm announces the tactical team's arrival,alarm_event,ENT-CHAR-0001;ENT-CHAR-0002;ENT-GROUP-0003;ENT-LOC-0015,Alarm:signal;Jonah:recipient;Margot:recipient;Team:arriving-force,CABIN-SIEGE,B03-C11-S01,alarm triggers,event-specific-candidate,candidate,scaled-batch-v1.0,Ends preparation phase.
N-EVT-B03-C11-S02-001,B03,B03-C11-S02,B03-C11-S02,The federal tactical team assaults the cabin,siege_attack,ENT-GROUP-0003;ENT-CHAR-0001;ENT-CHAR-0002;ENT-LOC-0015,Team:attacker;Jonah:defender;Margot:defender;Cabin:target,CABIN-SIEGE,B03-C11-S02,Cabin assault,event-specific-candidate,candidate,scaled-batch-v1.0,Begins active siege.
N-EVT-B03-C11-S02-002,B03,B03-C11-S02,B03-C11-S02,Jonah repels the first breach attempt,defensive_action,ENT-CHAR-0001;ENT-GROUP-0003;ENT-CHAR-0002,Jonah:defender;Team:attacker;Margot:protected,CABIN-SIEGE,B03-C11-S02,Jonah repels breach,event-specific-candidate,candidate,scaled-batch-v1.0,Temporarily holds perimeter.
N-EVT-B03-C11-S02-003,B03,B03-C11-S02,B03-C11-S02,The steel shutters withstand the assault,defense_success,ENT-LOC-0015;ENT-GROUP-0003;ENT-CHAR-0001;ENT-CHAR-0002,Cabin:defensive-system;Team:attacker;Jonah:witness;Margot:witness,CABIN-SIEGE,B03-C11-S02,shutters hold,event-specific-candidate,candidate,scaled-batch-v1.0,Confirms defenses are effective but temporary.
N-EVT-B03-C11-S02-004,B03,B03-C11-S02,B03-C11-S02,The attackers regroup for a stronger breach,enemy_repositioning,ENT-GROUP-0003;ENT-CHAR-0001;ENT-CHAR-0002,Team:actor;Jonah:observer;Margot:observer,CABIN-SIEGE,B03-C11-S02,attackers regroup,event-specific-candidate,candidate,scaled-batch-v1.0,Escalates pressure.
N-EVT-B03-C11-S02-005,B03,B03-C11-S02,B03-C11-S02,Jonah proposes blowing the root-cellar wall as an escape route,escape_plan,ENT-CHAR-0001;ENT-CHAR-0002;ENT-LOC-0015,Jonah:planner;Margot:participant;Cabin:origin,ROOT-CELLAR-ESCAPE,B03-C11-S02,blowing the root-cellar wall,event-specific-candidate,candidate,scaled-batch-v1.0,Creates destructive escape plan.
N-EVT-B03-C11-S02-006,B03,B03-C11-S02,B03-C11-S02,Jonah and Margot retreat into the root cellar,tactical_retreat,ENT-CHAR-0001;ENT-CHAR-0002;ENT-LOC-0015;ENT-OBJ-0010,Jonah:actor;Margot:actor;Cabin:origin;Treaty:carried-evidence,ROOT-CELLAR-ESCAPE,B03-C11-S02,move to root cellar,event-specific-candidate,candidate,scaled-batch-v1.0,Abandons upper defenses.
N-EVT-B03-C11-S03-001,B03,B03-C11-S03,B03-C11-S03,Jonah barricades the root cellar,defensive_preparation,ENT-CHAR-0001;ENT-CHAR-0002;ENT-GROUP-0003,Jonah:actor;Margot:protected;Team:approaching-force,ROOT-CELLAR-ESCAPE,B03-C11-S03,Root-cellar barricade,event-specific-candidate,candidate,scaled-batch-v1.0,Buys time for demolition.
N-EVT-B03-C11-S03-002,B03,B03-C11-S03,B03-C11-S03,Jonah prepares old mining charges in the retaining wall,explosive_preparation,ENT-CHAR-0001;ENT-CHAR-0002,Jonah:actor;Margot:witness,ROOT-CELLAR-ESCAPE,B03-C11-S03,mining charges,event-specific-candidate,candidate,scaled-batch-v1.0,Sets irreversible escape mechanism.
N-EVT-B03-C11-S03-003,B03,B03-C11-S03,B03-C11-S03,The tactical team breaches the cellar entrance,breach,ENT-GROUP-0003;ENT-CHAR-0001;ENT-CHAR-0002,Team:attacker;Jonah:defender;Margot:defender,ROOT-CELLAR-ESCAPE,B03-C11-S03,breach,event-specific-candidate,candidate,scaled-batch-v1.0,Triggers detonation timing.
N-EVT-B03-C11-S03-004,B03,B03-C11-S03,B03-C11-S03,Jonah detonates the retaining wall,explosion,ENT-CHAR-0001;ENT-CHAR-0002;ENT-GROUP-0003;ENT-LOC-0015,Jonah:actor;Margot:protected;Team:affected;Cabin:damaged-location,ROOT-CELLAR-ESCAPE,B03-C11-S03,explosion,event-specific-candidate,candidate,scaled-batch-v1.0,Creates irreversible destruction and escape opening.
N-EVT-B03-C11-S03-005,B03,B03-C11-S03,B03-C11-S03,Margot and Jonah escape into the ravine with the Treaty,escape,ENT-CHAR-0002;ENT-CHAR-0001;ENT-OBJ-0010,Margot:escapee;Jonah:escapee-and-custodian;Treaty:carried-evidence,WILDERNESS-FLIGHT,B03-C11-S03,ravine escape,event-specific-candidate,candidate,scaled-batch-v1.0,Ends cabin siege and begins wilderness pursuit.
N-EVT-B03-C12-S01-001,B03,B03-C12-S01,B03-C12-S01,Margot and Jonah flee through deep snow,flight,ENT-CHAR-0002;ENT-CHAR-0001;ENT-OBJ-0010,Margot:fugitive;Jonah:fugitive-and-custodian;Treaty:carried-evidence,WILDERNESS-FLIGHT,B03-C12-S01,Flight through deep snow,event-specific-candidate,candidate,scaled-batch-v1.0,Continues immediate escape.
N-EVT-B03-C12-S01-002,B03,B03-C12-S01,B03-C12-S01,A helicopter pursues them through the woods,aerial_pursuit,ENT-GROUP-0003;ENT-CHAR-0001;ENT-CHAR-0002,Magisterium:pursuer;Jonah:target;Margot:target,WILDERNESS-FLIGHT,B03-C12-S01,helicopter pursuit,event-specific-candidate,candidate,scaled-batch-v1.0,Adds detection and mobility pressure.
N-EVT-B03-C12-S01-003,B03,B03-C12-S01,B03-C12-S01,Jonah masks the Treaty's magical signature with mud and concealment magic,evidence_concealment,ENT-CHAR-0001;ENT-OBJ-0010;ENT-CHAR-0002,Jonah:actor;Treaty:concealed-object;Margot:witness,TREATY-CUSTODY,B03-C12-S01,conceals evidence signature,event-specific-candidate,candidate,scaled-batch-v1.0,Protects the evidence from magical tracking.
N-EVT-B03-C12-S01-004,B03,B03-C12-S01,B03-C12-S01,Jonah decides they must cross the river despite lethal weather,route_decision,ENT-CHAR-0001;ENT-CHAR-0002;ENT-OBJ-0010,Jonah:decision-maker;Margot:participant;Treaty:carried-evidence,RIVER-CROSSING,B03-C12-S01,river crossing planned,event-specific-candidate,candidate,scaled-batch-v1.0,Chooses hazardous route to break pursuit.
N-EVT-B03-C12-S02-001,B03,B03-C12-S02,B03-C12-S02,Margot and Jonah cross the frozen river,hazardous_crossing,ENT-CHAR-0002;ENT-CHAR-0001;ENT-OBJ-0010,Margot:crossing;Jonah:crossing-and-custodian;Treaty:carried-evidence,RIVER-CROSSING,B03-C12-S02,River crossing,event-specific-candidate,candidate,scaled-batch-v1.0,Executes high-risk escape.
N-EVT-B03-C12-S02-002,B03,B03-C12-S02,B03-C12-S02,They evade the helicopter spotlight during the crossing,evasion,ENT-CHAR-0002;ENT-CHAR-0001;ENT-GROUP-0003,Margot:evader;Jonah:evader;Magisterium:pursuer,RIVER-CROSSING,B03-C12-S02,spotlight evasion,event-specific-candidate,candidate,scaled-batch-v1.0,Avoids capture.
N-EVT-B03-C12-S02-003,B03,B03-C12-S02,B03-C12-S02,Margot becomes unable to move from cold exposure,medical_crisis,ENT-CHAR-0002;ENT-CHAR-0001,Margot:patient;Jonah:rescuer,HYPOTHERMIA,B03-C12-S02,Margot becomes unable to move,event-specific-candidate,candidate,scaled-batch-v1.0,Creates life-threatening state.
N-EVT-B03-C12-S02-004,B03,B03-C12-S02,B03-C12-S02,Jonah removes Margot's wet clothing and deploys an emergency blanket,medical_intervention,ENT-CHAR-0001;ENT-CHAR-0002,Jonah:rescuer;Margot:patient,HYPOTHERMIA,B03-C12-S02,wet clothes removed; emergency blanket deployed,event-specific-candidate,candidate,scaled-batch-v1.0,Begins emergency treatment.
N-EVT-B03-C12-S02-005,B03,B03-C12-S02,B03-C12-S02,Jonah begins skin-to-skin warming,medical_intervention,ENT-CHAR-0001;ENT-CHAR-0002,Jonah:rescuer;Margot:patient,HYPOTHERMIA,B03-C12-S02,skin-to-skin warming,event-specific-candidate,candidate,scaled-batch-v1.0,Provides direct body-heat recovery.
N-EVT-B03-C12-S03-001,B03,B03-C12-S03,B03-C12-S03,Margot's body temperature begins to recover,state_recovery,ENT-CHAR-0002;ENT-CHAR-0001,Margot:recovering;Jonah:rescuer,HYPOTHERMIA,B03-C12-S03,body heat recovery,event-specific-candidate,candidate,scaled-batch-v1.0,Confirms treatment works.
N-EVT-B03-C12-S03-002,B03,B03-C12-S03,B03-C12-S03,The pursuing helicopter leaves the area,pursuit_lull,ENT-GROUP-0003;ENT-CHAR-0001;ENT-CHAR-0002,Magisterium:departing-pursuer;Jonah:observer;Margot:observer,WILDERNESS-FLIGHT,B03-C12-S03,helicopter departs,event-specific-candidate,candidate,scaled-batch-v1.0,Creates temporary tactical window.
N-EVT-B03-C12-S03-003,B03,B03-C12-S03,B03-C12-S03,Jonah decides to circle back through the old mining tunnels,counterroute_decision,ENT-CHAR-0001;ENT-CHAR-0002;ENT-OBJ-0010,Jonah:planner;Margot:participant;Treaty:carried-evidence,MINE-ROUTE,B03-C12-S03,mining-tunnel plan formed,event-specific-candidate,candidate,scaled-batch-v1.0,Turns flight into counter-maneuver.
N-EVT-B03-C12-S03-004,B03,B03-C12-S03,B03-C12-S03,Margot stabilizes enough to continue,medical_recovery,ENT-CHAR-0002;ENT-CHAR-0001,Margot:recovering;Jonah:rescuer,HYPOTHERMIA,B03-C12-S03,Margot stabilizes,event-specific-candidate,candidate,scaled-batch-v1.0,Ends immediate medical crisis.
N-EVT-B03-C12-S04-001,B03,B03-C12-S04,B03-C12-S04,Margot and Jonah put on dry clothes and resume travel,recovery_transition,ENT-CHAR-0002;ENT-CHAR-0001,Margot:actor;Jonah:actor,MINE-ROUTE,B03-C12-S04,Dry clothes donned,event-specific-candidate,candidate,scaled-batch-v1.0,Restores mobility.
N-EVT-B03-C12-S04-002,B03,B03-C12-S04,B03-C12-S04,Jonah tracks the route toward the mine entrance in wolf mode,tracking_action,ENT-CHAR-0001;ENT-CHAR-0002,Jonah:tracker;Margot:companion,MINE-ROUTE,B03-C12-S04,wolf tracking,event-specific-candidate,candidate,scaled-batch-v1.0,Uses supernatural capability for navigation.
N-EVT-B03-C12-S04-003,B03,B03-C12-S04,B03-C12-S04,A Yeti appears and blocks the route,creature_encounter,ENT-CHAR-0001;ENT-CHAR-0002,Yeti:threat;Jonah:defender;Margot:protected,YETI-ENCOUNTER,B03-C12-S04,Yeti appears,event-specific-candidate,candidate,scaled-batch-v1.0,Creates new obstacle.
N-EVT-B03-C12-S04-004,B03,B03-C12-S04,B03-C12-S04,Jonah fully shifts into wolf form to fight without shooting the Yeti,full_transformation,ENT-CHAR-0001;ENT-CHAR-0002,Jonah:shifter;Margot:witness;Yeti:opponent,YETI-ENCOUNTER,B03-C12-S04,Jonah full-shifts,event-specific-candidate,candidate,scaled-batch-v1.0,First full-wolf combat test in this sequence.
N-EVT-B03-C12-S05-001,B03,B03-C12-S05,B03-C12-S05,Jonah fights the Yeti in wolf form,creature_combat,ENT-CHAR-0001;ENT-CHAR-0002,Jonah:combatant;Margot:witness;Yeti:combatant,YETI-ENCOUNTER,B03-C12-S05,Wolf-Yeti fight,event-specific-candidate,candidate,scaled-batch-v1.0,Sustained combat.
N-EVT-B03-C12-S05-002,B03,B03-C12-S05,B03-C12-S05,Margot fires a warning shot into the air,tactical_action,ENT-CHAR-0002;ENT-CHAR-0001,Margot:actor;Jonah:ally;Yeti:target-of-warning,YETI-ENCOUNTER,B03-C12-S05,warning shot,event-specific-candidate,candidate,scaled-batch-v1.0,Uses nonlethal intervention.
N-EVT-B03-C12-S05-003,B03,B03-C12-S05,B03-C12-S05,The Yeti retreats,encounter_resolution,ENT-CHAR-0001;ENT-CHAR-0002,Yeti:retreating-creature;Jonah:survivor;Margot:actor,YETI-ENCOUNTER,B03-C12-S05,Yeti retreat,event-specific-candidate,candidate,scaled-batch-v1.0,Resolves immediate threat.
N-EVT-B03-C12-S05-004,B03,B03-C12-S05,B03-C12-S05,Jonah's wolf greets Margot and recognizes her as pack,relationship_recognition,ENT-CHAR-0001;ENT-CHAR-0002,Jonah:wolf-recognizer;Margot:recognized,MATE-BOND,B03-C12-S05,recognized as pack,event-specific-candidate,candidate,scaled-batch-v1.0,Externalizes acceptance in wolf form.
N-EVT-B03-C12-S05-005,B03,B03-C12-S05,B03-C12-S05,Margot accepts Jonah's wolf form without fear,relationship_acceptance,ENT-CHAR-0002;ENT-CHAR-0001,Margot:acceptor;Jonah:accepted,MATE-BOND,B03-C12-S05,Margot accepts the wolf,event-specific-candidate,candidate,scaled-batch-v1.0,Deepens bond through full-form acceptance.
N-EVT-B03-C12-S05-006,B03,B03-C12-S05,B03-C12-S05,Margot and Jonah enter the old mine,threshold_crossing,ENT-CHAR-0002;ENT-CHAR-0001;ENT-OBJ-0010,Margot:entrant;Jonah:entrant-and-custodian;Treaty:carried-evidence,MINE-ROUTE,B03-C12-S05,mine entry,event-specific-candidate,candidate,scaled-batch-v1.0,Ends wilderness exposure and begins tunnel route.
N-EVT-B03-C13-S01-001,B03,B03-C13-S01,B03-C13-S01,Jonah shifts back,transformation,ENT-CHAR-0001,Jonah Harrow:participant,JONAH-INJURY,B03-C13-S01,Jonah shifts back,scene-ledger-event-specific,candidate,candidate-review-flagged,Derived from author-ratified scene ledger major event; granularity-review
N-EVT-B03-C13-S01-002,B03,B03-C13-S01,B03-C13-S01,Margot gives him his clothes,narrative_action,ENT-CHAR-0001;ENT-CHAR-0002,Jonah Harrow:participant;Margot Vance:participant,CH13-LOCAL-SEQUENCE,B03-C13-S01,Margot gives him his clothes,scene-ledger-event-specific,candidate,candidate-review-flagged,"Derived from author-ratified scene ledger major event; type-review, continuity-group-local"
N-EVT-B03-C13-S01-003,B03,B03-C13-S01,B03-C13-S01,he explains Alpha combat form and the danger of remaining full wolf,disclosure,ENT-CHAR-0001;ENT-STATE-0002,Jonah Harrow:participant;Jonah's Wolf:participant,CH13-LOCAL-SEQUENCE,B03-C13-S01,he explains Alpha combat form and the danger of remaining full wolf,scene-ledger-event-specific,candidate,candidate-review-flagged,Derived from author-ratified scene ledger major event; continuity-group-local
N-EVT-B03-C13-S01-004,B03,B03-C13-S01,B03-C13-S01,they confirm temporary safety,narrative_action,ENT-CHAR-0001,Jonah Harrow:participant,CH13-LOCAL-SEQUENCE,B03-C13-S01,they confirm temporary safety,scene-ledger-event-specific,candidate,candidate-review-flagged,"Derived from author-ratified scene ledger major event; type-review, continuity-group-local"
N-EVT-B03-C13-S02-001,B03,B03-C13-S02,B03-C13-S02,Jonah explains the Undercity,disclosure,ENT-CHAR-0002;ENT-CHAR-0001,Margot Vance:participant;Jonah Harrow:participant,JONAH-INJURY,B03-C13-S02,Jonah explains the Undercity,scene-ledger-event-specific,candidate,scaled-reviewed-v1.0,Derived from author-ratified scene ledger major event; no remaining review flag.
N-EVT-B03-C13-S02-002,B03,B03-C13-S02,B03-C13-S02,they enter the Hive,narrative_action,ENT-CHAR-0002;ENT-CHAR-0001,Margot Vance:participant;Jonah Harrow:participant,CH13-LOCAL-SEQUENCE,B03-C13-S02,they enter the Hive,scene-ledger-event-specific,candidate,candidate-review-flagged,"Derived from author-ratified scene ledger major event; type-review, continuity-group-local"
N-EVT-B03-C13-S02-003,B03,B03-C13-S02,B03-C13-S02,Iron-Jaw confronts them,narrative_action,ENT-CHAR-0002;ENT-CHAR-0001;ENT-CHAR-0013,Margot Vance:participant;Jonah Harrow:participant;Iron-Jaw:participant,CH13-LOCAL-SEQUENCE,B03-C13-S02,Iron-Jaw confronts them,scene-ledger-event-specific,candidate,candidate-review-flagged,"Derived from author-ratified scene ledger major event; granularity-review, type-review, continuity-group-local"
N-EVT-B03-C13-S02-004,B03,B03-C13-S02,B03-C13-S02,Margot is identified as the Keeper,narrative_action,ENT-CHAR-0001;ENT-CHAR-0002,Jonah Harrow:participant;Margot Vance:participant,CH13-LOCAL-SEQUENCE,B03-C13-S02,Margot is identified as the Keeper,scene-ledger-event-specific,candidate,candidate-review-flagged,"Derived from author-ratified scene ledger major event; type-review, continuity-group-local"
N-EVT-B03-C13-S02-005,B03,B03-C13-S02,B03-C13-S02,news of the riot and Pack blockade is delivered,narrative_action,ENT-CHAR-0002;ENT-CHAR-0001;ENT-GROUP-0002,Margot Vance:participant;Jonah Harrow:participant;Snowfall Creek Werewolf Pack:participant,TOWN-HALL-UPRISING,B03-C13-S02,news of the riot and Pack blockade is delivered,scene-ledger-event-specific,candidate,candidate-review-flagged,Derived from author-ratified scene ledger major event; type-review
N-EVT-B03-C13-S02-006,B03,B03-C13-S02,B03-C13-S02,Iron-Jaw provides the route,narrative_action,ENT-CHAR-0002;ENT-CHAR-0001;ENT-CHAR-0013,Margot Vance:participant;Jonah Harrow:participant;Iron-Jaw:participant,CH13-LOCAL-SEQUENCE,B03-C13-S02,Iron-Jaw provides the route,scene-ledger-event-specific,candidate,candidate-review-flagged,"Derived from author-ratified scene ledger major event; type-review, continuity-group-local"
N-EVT-B03-C13-S03-001,B03,B03-C13-S03,B03-C13-S03,They discuss Pack loyalty and hope,narrative_action,ENT-CHAR-0002;ENT-GROUP-0002,Margot Vance:participant;Snowfall Creek Werewolf Pack:participant,CH13-LOCAL-SEQUENCE,B03-C13-S03,They discuss Pack loyalty and hope,scene-ledger-event-specific,candidate,candidate-review-flagged,"Derived from author-ratified scene ledger major event; type-review, continuity-group-local"
N-EVT-B03-C13-S03-002,B03,B03-C13-S03,B03-C13-S03,Jonah identifies the pressure-release timing,discovery,ENT-CHAR-0002;ENT-CHAR-0001,Margot Vance:participant;Jonah Harrow:participant,JONAH-INJURY,B03-C13-S03,Jonah identifies the pressure-release timing,scene-ledger-event-specific,candidate,scaled-reviewed-v1.0,Derived from author-ratified scene ledger major event; no remaining review flag.
N-EVT-B03-C13-S03-003,B03,B03-C13-S03,B03-C13-S03,Margot asks for the Wolf,narrative_action,ENT-CHAR-0002;ENT-STATE-0002,Margot Vance:participant;Jonah's Wolf:participant,CH13-LOCAL-SEQUENCE,B03-C13-S03,Margot asks for the Wolf,scene-ledger-event-specific,candidate,candidate-review-flagged,"Derived from author-ratified scene ledger major event; type-review, continuity-group-local"
N-EVT-B03-C13-S03-004,B03,B03-C13-S03,B03-C13-S03,they have sex,relationship_event,ENT-CHAR-0002,Margot Vance:participant,CH13-LOCAL-SEQUENCE,B03-C13-S03,they have sex,scene-ledger-event-specific,candidate,candidate-review-flagged,"Derived from author-ratified scene ledger major event; granularity-review, continuity-group-local"
N-EVT-B03-C13-S03-005,B03,B03-C13-S03,B03-C13-S03,the valve vents,narrative_action,ENT-CHAR-0002,Margot Vance:participant,CH13-LOCAL-SEQUENCE,B03-C13-S03,the valve vents,scene-ledger-event-specific,candidate,candidate-review-flagged,"Derived from author-ratified scene ledger major event; granularity-review, type-review, continuity-group-local"
N-EVT-B03-C13-S03-006,B03,B03-C13-S03,B03-C13-S03,they escape into the safety niche and continue,narrative_action,ENT-CHAR-0002,Margot Vance:participant,CH13-LOCAL-SEQUENCE,B03-C13-S03,they escape into the safety niche and continue,scene-ledger-event-specific,candidate,candidate-review-flagged,"Derived from author-ratified scene ledger major event; type-review, continuity-group-local"
N-EVT-B03-C14-S01-001,B03,B03-C14-S01,B03-C14-S01,Margot climbs to the roof,movement,ENT-CHAR-0002,Margot Vance:participant,CH14-LOCAL-SEQUENCE,B03-C14-S01,Margot climbs to the roof,scene-ledger-event-specific,candidate,candidate-review-flagged,Derived from author-ratified scene ledger major event; continuity-group-local
N-EVT-B03-C14-S01-002,B03,B03-C14-S01,B03-C14-S01,they observe a disciplined human-monster coalition in the square,narrative_action,ENT-CHAR-0002;ENT-GROUP-0005,Margot Vance:participant;Snowfall Creek Defense Coalition:participant,TOWN-HALL-UPRISING,B03-C14-S01,they observe a disciplined human-monster coalition in the square,scene-ledger-event-specific,candidate,candidate-review-flagged,Derived from author-ratified scene ledger major event; type-review
N-EVT-B03-C14-S01-003,B03,B03-C14-S01,B03-C14-S01,Jonah spots snipers,discovery,ENT-CHAR-0002;ENT-CHAR-0001,Margot Vance:participant;Jonah Harrow:participant,JONAH-INJURY,B03-C14-S01,Jonah spots snipers,scene-ledger-event-specific,candidate,candidate-review-flagged,Derived from author-ratified scene ledger major event; granularity-review
N-EVT-B03-C14-S01-004,B03,B03-C14-S01,B03-C14-S01,he proposes a skylight insertion,narrative_action,ENT-CHAR-0002,Margot Vance:participant,CH14-LOCAL-SEQUENCE,B03-C14-S01,he proposes a skylight insertion,scene-ledger-event-specific,candidate,candidate-review-flagged,"Derived from author-ratified scene ledger major event; type-review, continuity-group-local"
N-EVT-B03-C14-S02-001,B03,B03-C14-S02,B03-C14-S02,Bridge crossing,movement,ENT-CHAR-0002,Margot Vance:participant,CH14-LOCAL-SEQUENCE,B03-C14-S02,Bridge crossing,scene-ledger-event-specific,candidate,candidate-review-flagged,"Derived from author-ratified scene ledger major event; granularity-review, continuity-group-local"
N-EVT-B03-C14-S02-002,B03,B03-C14-S02,B03-C14-S02,spotlight evasion,narrative_action,ENT-CHAR-0002,Margot Vance:participant,CH14-LOCAL-SEQUENCE,B03-C14-S02,spotlight evasion,scene-ledger-event-specific,candidate,candidate-review-flagged,"Derived from author-ratified scene ledger major event; granularity-review, type-review, continuity-group-local"
N-EVT-B03-C14-S02-003,B03,B03-C14-S02,B03-C14-S02,shotgun breach,narrative_action,ENT-CHAR-0002,Margot Vance:participant,CH14-LOCAL-SEQUENCE,B03-C14-S02,shotgun breach,scene-ledger-event-specific,candidate,candidate-review-flagged,"Derived from author-ratified scene ledger major event; granularity-review, type-review, continuity-group-local"
N-EVT-B03-C14-S02-004,B03,B03-C14-S02,B03-C14-S02,fall through skylight,narrative_action,ENT-CHAR-0002,Margot Vance:participant,CH14-LOCAL-SEQUENCE,B03-C14-S02,fall through skylight,scene-ledger-event-specific,candidate,candidate-review-flagged,"Derived from author-ratified scene ledger major event; granularity-review, type-review, continuity-group-local"
N-EVT-B03-C14-S02-005,B03,B03-C14-S02,B03-C14-S02,guards surrender under Jonah's Alpha command,narrative_action,ENT-CHAR-0002;ENT-CHAR-0001,Margot Vance:participant;Jonah Harrow:participant,JONAH-INJURY,B03-C14-S02,guards surrender under Jonah's Alpha command,scene-ledger-event-specific,candidate,candidate-review-flagged,Derived from author-ratified scene ledger major event; type-review
N-EVT-B03-C14-S02-006,B03,B03-C14-S02,B03-C14-S02,Margot restrains them,narrative_action,ENT-CHAR-0002,Margot Vance:participant,CH14-LOCAL-SEQUENCE,B03-C14-S02,Margot restrains them,scene-ledger-event-specific,candidate,candidate-review-flagged,"Derived from author-ratified scene ledger major event; granularity-review, type-review, continuity-group-local"
N-EVT-B03-C14-S03-001,B03,B03-C14-S03,B03-C14-S03,Jonah breaches the office,movement,ENT-CHAR-0002;ENT-CHAR-0001,Margot Vance:participant;Jonah Harrow:participant,JONAH-INJURY,B03-C14-S03,Jonah breaches the office,scene-ledger-event-specific,candidate,scaled-reviewed-v1.0,Derived from author-ratified scene ledger major event; no remaining review flag.
N-EVT-B03-C14-S03-002,B03,B03-C14-S03,B03-C14-S03,Sterling defends the old order,narrative_action,ENT-CHAR-0002;ENT-CHAR-0009,Margot Vance:participant;Arthur Sterling:participant,FINAL-CONFRONTATION,B03-C14-S03,Sterling defends the old order,scene-ledger-event-specific,candidate,candidate-review-flagged,Derived from author-ratified scene ledger major event; type-review
N-EVT-B03-C14-S03-003,B03,B03-C14-S03,B03-C14-S03,Margot reveals the original alliance and accuses Sterling's family of betrayal,disclosure,ENT-CHAR-0002;ENT-CHAR-0009,Margot Vance:participant;Arthur Sterling:participant,FOUNDING-TRUTH,B03-C14-S03,Margot reveals the original alliance and accuses Sterling's family of betrayal,scene-ledger-event-specific,candidate,scaled-reviewed-v1.0,Derived from author-ratified scene ledger major event; no remaining review flag.
N-EVT-B03-C14-S03-004,B03,B03-C14-S03,B03-C14-S03,Sterling shoots Jonah,physical_conflict,ENT-CHAR-0002;ENT-CHAR-0001;ENT-CHAR-0009,Margot Vance:participant;Jonah Harrow:participant;Arthur Sterling:participant,JONAH-INJURY,B03-C14-S03,Sterling shoots Jonah,scene-ledger-event-specific,candidate,candidate-review-flagged,Derived from author-ratified scene ledger major event; granularity-review
N-EVT-B03-C14-S04-001,B03,B03-C14-S04,B03-C14-S04,Aleksei crashes through the window,narrative_action,ENT-CHAR-0002;ENT-CHAR-0004,Margot Vance:participant;Aleksei Petrov:participant,CH14-LOCAL-SEQUENCE,B03-C14-S04,Aleksei crashes through the window,scene-ledger-event-specific,candidate,candidate-review-flagged,"Derived from author-ratified scene ledger major event; type-review, continuity-group-local"
N-EVT-B03-C14-S04-002,B03,B03-C14-S04,B03-C14-S04,he disables Sterling,physical_conflict,ENT-CHAR-0002;ENT-CHAR-0009,Margot Vance:participant;Arthur Sterling:participant,FINAL-CONFRONTATION,B03-C14-S04,he disables Sterling,scene-ledger-event-specific,candidate,candidate-review-flagged,Derived from author-ratified scene ledger major event; granularity-review
N-EVT-B03-C14-S04-003,B03,B03-C14-S04,B03-C14-S04,Margot identifies the silver wound,discovery,ENT-CHAR-0002,Margot Vance:participant,JONAH-INJURY,B03-C14-S04,Margot identifies the silver wound,scene-ledger-event-specific,candidate,scaled-reviewed-v1.0,Derived from author-ratified scene ledger major event; no remaining review flag.
N-EVT-B03-C14-S04-004,B03,B03-C14-S04,B03-C14-S04,Jonah insists she address the town,narrative_action,ENT-CHAR-0002;ENT-CHAR-0001,Margot Vance:participant;Jonah Harrow:participant,JONAH-INJURY,B03-C14-S04,Jonah insists she address the town,scene-ledger-event-specific,candidate,candidate-review-flagged,Derived from author-ratified scene ledger major event; type-review
N-EVT-B03-C14-S04-005,B03,B03-C14-S04,B03-C14-S04,she takes the microphone,narrative_action,ENT-CHAR-0002,Margot Vance:participant,CH14-LOCAL-SEQUENCE,B03-C14-S04,she takes the microphone,scene-ledger-event-specific,candidate,candidate-review-flagged,"Derived from author-ratified scene ledger major event; type-review, continuity-group-local"
N-EVT-B03-C14-S05-001,B03,B03-C14-S05,B03-C14-S05,Margot broadcasts the truth,disclosure,ENT-CHAR-0002,Margot Vance:participant,TOWN-HALL-UPRISING,B03-C14-S05,Margot broadcasts the truth,scene-ledger-event-specific,candidate,scaled-reviewed-v1.0,Derived from author-ratified scene ledger major event; no remaining review flag.
N-EVT-B03-C14-S05-002,B03,B03-C14-S05,B03-C14-S05,humans and supernatural residents celebrate together,narrative_action,ENT-CHAR-0002,Margot Vance:participant,CH14-LOCAL-SEQUENCE,B03-C14-S05,humans and supernatural residents celebrate together,scene-ledger-event-specific,candidate,candidate-review-flagged,"Derived from author-ratified scene ledger major event; type-review, continuity-group-local"
N-EVT-B03-C14-S05-003,B03,B03-C14-S05,B03-C14-S05,Jonah briefly rallies,narrative_action,ENT-CHAR-0002;ENT-CHAR-0001,Margot Vance:participant;Jonah Harrow:participant,JONAH-INJURY,B03-C14-S05,Jonah briefly rallies,scene-ledger-event-specific,candidate,candidate-review-flagged,"Derived from author-ratified scene ledger major event; granularity-review, type-review"
N-EVT-B03-C14-S05-004,B03,B03-C14-S05,B03-C14-S05,Margot declares love,decision,ENT-CHAR-0002,Margot Vance:participant,RELATIONSHIP-ESCALATION,B03-C14-S05,Margot declares love,scene-ledger-event-specific,candidate,candidate-review-flagged,Derived from author-ratified scene ledger major event; granularity-review
N-EVT-B03-C14-S05-005,B03,B03-C14-S05,B03-C14-S05,Magisterium forces break the barricades and descend on the square,narrative_action,ENT-CHAR-0002;ENT-GROUP-0003,Margot Vance:participant;Federal Magisterium:participant,MAGISTERIUM-OCCUPATION,B03-C14-S05,Magisterium forces break the barricades and descend on the square,scene-ledger-event-specific,candidate,candidate-review-flagged,Derived from author-ratified scene ledger major event; type-review
N-EVT-B03-C15-S01-001,B03,B03-C15-S01,B03-C15-S01,Chinooks land,narrative_action,ENT-CHAR-0002;ENT-CHAR-0001,Margot Vance:participant;Jonah Harrow:participant,GUNSHIP-BATTLE,B03-C15-S01,Chinooks land,scene-ledger-event-specific,candidate,candidate-review-flagged,"Derived from author-ratified scene ledger major event; granularity-review, type-review"
N-EVT-B03-C15-S01-002,B03,B03-C15-S01,B03-C15-S01,black-armored Inquisitors deploy,narrative_action,ENT-CHAR-0002;ENT-CHAR-0001,Margot Vance:participant;Jonah Harrow:participant,MAGISTERIUM-OCCUPATION,B03-C15-S01,black-armored Inquisitors deploy,scene-ledger-event-specific,candidate,candidate-review-flagged,"Derived from author-ratified scene ledger major event; granularity-review, type-review"
N-EVT-B03-C15-S01-003,B03,B03-C15-S01,B03-C15-S01,a void-iron staff activates the dampening pulse,narrative_action,ENT-CHAR-0002;ENT-CHAR-0001,Margot Vance:participant;Jonah Harrow:participant,EMITTER-SABOTAGE,B03-C15-S01,a void-iron staff activates the dampening pulse,scene-ledger-event-specific,candidate,candidate-review-flagged,Derived from author-ratified scene ledger major event; type-review
N-EVT-B03-C15-S01-004,B03,B03-C15-S01,B03-C15-S01,Jonah loses the Wolf,state_damage,ENT-CHAR-0002;ENT-CHAR-0001;ENT-STATE-0002,Margot Vance:participant;Jonah Harrow:participant;Jonah's Wolf:participant,JONAH-INJURY,B03-C15-S01,Jonah loses the Wolf,scene-ledger-event-specific,candidate,scaled-reviewed-v1.0,Derived from author-ratified scene ledger major event; no remaining review flag.
N-EVT-B03-C15-S01-005,B03,B03-C15-S01,B03-C15-S01,Aleksei loses vampiric power,state_damage,ENT-CHAR-0002;ENT-CHAR-0001;ENT-CHAR-0004,Margot Vance:participant;Jonah Harrow:participant;Aleksei Petrov:participant,CH15-LOCAL-SEQUENCE,B03-C15-S01,Aleksei loses vampiric power,scene-ledger-event-specific,candidate,candidate-review-flagged,Derived from author-ratified scene ledger major event; continuity-group-local
N-EVT-B03-C15-S02-001,B03,B03-C15-S02,B03-C15-S02,Martial law announcement,narrative_action,ENT-CHAR-0002,Margot Vance:participant,MAGISTERIUM-OCCUPATION,B03-C15-S02,Martial law announcement,scene-ledger-event-specific,candidate,candidate-review-flagged,"Derived from author-ratified scene ledger major event; granularity-review, type-review"
N-EVT-B03-C15-S02-002,B03,B03-C15-S02,B03-C15-S02,humans and monsters separated,narrative_action,ENT-CHAR-0002,Margot Vance:participant,CH15-LOCAL-SEQUENCE,B03-C15-S02,humans and monsters separated,scene-ledger-event-specific,candidate,candidate-review-flagged,"Derived from author-ratified scene ledger major event; type-review, continuity-group-local"
N-EVT-B03-C15-S02-003,B03,B03-C15-S02,B03-C15-S02,Mrs. Gable struck,narrative_action,ENT-CHAR-0002;ENT-CHAR-0015,Margot Vance:participant;Mrs. Gable:participant,CH15-LOCAL-SEQUENCE,B03-C15-S02,Mrs. Gable struck,scene-ledger-event-specific,candidate,candidate-review-flagged,"Derived from author-ratified scene ledger major event; granularity-review, type-review, continuity-group-local"
N-EVT-B03-C15-S02-004,B03,B03-C15-S02,B03-C15-S02,Sterling admits sanitization,disclosure,ENT-CHAR-0002;ENT-CHAR-0009,Margot Vance:participant;Arthur Sterling:participant,MAGISTERIUM-OCCUPATION,B03-C15-S02,Sterling admits sanitization,scene-ledger-event-specific,candidate,candidate-review-flagged,Derived from author-ratified scene ledger major event; granularity-review
N-EVT-B03-C15-S02-005,B03,B03-C15-S02,B03-C15-S02,group selects roof route,narrative_action,ENT-CHAR-0002,Margot Vance:participant,CH15-LOCAL-SEQUENCE,B03-C15-S02,group selects roof route,scene-ledger-event-specific,candidate,candidate-review-flagged,"Derived from author-ratified scene ledger major event; type-review, continuity-group-local"
N-EVT-B03-C15-S03-001,B03,B03-C15-S03,B03-C15-S03,Rooftop crossing,movement,ENT-CHAR-0002;ENT-CHAR-0001,Margot Vance:participant;Jonah Harrow:participant,CH15-LOCAL-SEQUENCE,B03-C15-S03,Rooftop crossing,scene-ledger-event-specific,candidate,candidate-review-flagged,"Derived from author-ratified scene ledger major event; granularity-review, continuity-group-local"
N-EVT-B03-C15-S03-002,B03,B03-C15-S03,B03-C15-S03,Aleksei tackles Jonah out of a sniper shot,narrative_action,ENT-CHAR-0002;ENT-CHAR-0001;ENT-CHAR-0004,Margot Vance:participant;Jonah Harrow:participant;Aleksei Petrov:participant,JONAH-INJURY,B03-C15-S03,Aleksei tackles Jonah out of a sniper shot,scene-ledger-event-specific,candidate,candidate-review-flagged,Derived from author-ratified scene ledger major event; type-review
N-EVT-B03-C15-S03-003,B03,B03-C15-S03,B03-C15-S03,repeated fire,narrative_action,ENT-CHAR-0002;ENT-CHAR-0001,Margot Vance:participant;Jonah Harrow:participant,CH15-LOCAL-SEQUENCE,B03-C15-S03,repeated fire,scene-ledger-event-specific,candidate,candidate-review-flagged,"Derived from author-ratified scene ledger major event; granularity-review, type-review, continuity-group-local"
N-EVT-B03-C15-S03-004,B03,B03-C15-S03,B03-C15-S03,group reaches Civic Center cover,movement,ENT-CHAR-0002;ENT-CHAR-0001,Margot Vance:participant;Jonah Harrow:participant,CH15-LOCAL-SEQUENCE,B03-C15-S03,group reaches Civic Center cover,scene-ledger-event-specific,candidate,candidate-review-flagged,Derived from author-ratified scene ledger major event; continuity-group-local
N-EVT-B03-C15-S03-005,B03,B03-C15-S03,B03-C15-S03,Margot discovers communications jamming and proposes the duct route,discovery,ENT-CHAR-0001;ENT-CHAR-0002,Jonah Harrow:participant;Margot Vance:participant,CH15-LOCAL-SEQUENCE,B03-C15-S03,Margot discovers communications jamming and proposes the duct route,scene-ledger-event-specific,candidate,candidate-review-flagged,Derived from author-ratified scene ledger major event; continuity-group-local
N-EVT-B03-C15-S04-001,B03,B03-C15-S04,B03-C15-S04,Margot crawls through ducts,narrative_action,ENT-CHAR-0002,Margot Vance:participant,CH15-LOCAL-SEQUENCE,B03-C15-S04,Margot crawls through ducts,scene-ledger-event-specific,candidate,candidate-review-flagged,"Derived from author-ratified scene ledger major event; type-review, continuity-group-local"
N-EVT-B03-C15-S04-002,B03,B03-C15-S04,B03-C15-S04,soldiers search below,narrative_action,ENT-CHAR-0002,Margot Vance:participant,CH15-LOCAL-SEQUENCE,B03-C15-S04,soldiers search below,scene-ledger-event-specific,candidate,candidate-review-flagged,"Derived from author-ratified scene ledger major event; granularity-review, type-review, continuity-group-local"
N-EVT-B03-C15-S04-003,B03,B03-C15-S04,B03-C15-S04,group drops into locker room,narrative_action,ENT-CHAR-0002,Margot Vance:participant,CH15-LOCAL-SEQUENCE,B03-C15-S04,group drops into locker room,scene-ledger-event-specific,candidate,candidate-review-flagged,"Derived from author-ratified scene ledger major event; type-review, continuity-group-local"
N-EVT-B03-C15-S04-004,B03,B03-C15-S04,B03-C15-S04,Henderson emerges with a mop spear,narrative_action,ENT-CHAR-0002;ENT-CHAR-0012,Margot Vance:participant;Henderson:participant,CH15-LOCAL-SEQUENCE,B03-C15-S04,Henderson emerges with a mop spear,scene-ledger-event-specific,candidate,candidate-review-flagged,"Derived from author-ratified scene ledger major event; type-review, continuity-group-local"
N-EVT-B03-C15-S04-005,B03,B03-C15-S04,B03-C15-S04,he offers the lead-lined pump room,narrative_action,ENT-CHAR-0002,Margot Vance:participant,CH15-LOCAL-SEQUENCE,B03-C15-S04,he offers the lead-lined pump room,scene-ledger-event-specific,candidate,candidate-review-flagged,"Derived from author-ratified scene ledger major event; type-review, continuity-group-local"
N-EVT-B03-C15-S05-001,B03,B03-C15-S05,B03-C15-S05,Industrial bio-foam and staples applied,narrative_action,ENT-CHAR-0001;ENT-CHAR-0002,Jonah Harrow:participant;Margot Vance:participant,CH15-LOCAL-SEQUENCE,B03-C15-S05,Industrial bio-foam and staples applied,scene-ledger-event-specific,candidate,candidate-review-flagged,"Derived from author-ratified scene ledger major event; type-review, continuity-group-local"
N-EVT-B03-C15-S05-002,B03,B03-C15-S05,B03-C15-S05,Jonah's heartbeat stabilizes,state_recovery,ENT-CHAR-0002;ENT-CHAR-0001,Margot Vance:participant;Jonah Harrow:participant,JONAH-INJURY,B03-C15-S05,Jonah's heartbeat stabilizes,scene-ledger-event-specific,candidate,candidate-review-flagged,Derived from author-ratified scene ledger major event; granularity-review
N-EVT-B03-C15-S05-003,B03,B03-C15-S05,B03-C15-S05,need for Wolf blood identified,narrative_action,ENT-CHAR-0001;ENT-CHAR-0002;ENT-STATE-0002,Jonah Harrow:participant;Margot Vance:participant;Jonah's Wolf:participant,CH15-LOCAL-SEQUENCE,B03-C15-S05,need for Wolf blood identified,scene-ledger-event-specific,candidate,candidate-review-flagged,"Derived from author-ratified scene ledger major event; type-review, continuity-group-local"
N-EVT-B03-C15-S05-004,B03,B03-C15-S05,B03-C15-S05,radio reveals processing at ice rink,disclosure,ENT-CHAR-0001;ENT-CHAR-0002,Jonah Harrow:participant;Margot Vance:participant,CH15-LOCAL-SEQUENCE,B03-C15-S05,radio reveals processing at ice rink,scene-ledger-event-specific,candidate,candidate-review-flagged,Derived from author-ratified scene ledger major event; continuity-group-local
N-EVT-B03-C15-S05-005,B03,B03-C15-S05,B03-C15-S05,Margot proposes sabotage and communications restoration,narrative_action,ENT-CHAR-0001;ENT-CHAR-0002,Jonah Harrow:participant;Margot Vance:participant,CH15-LOCAL-SEQUENCE,B03-C15-S05,Margot proposes sabotage and communications restoration,scene-ledger-event-specific,candidate,candidate-review-flagged,"Derived from author-ratified scene ledger major event; type-review, continuity-group-local"
N-EVT-B03-C16-S01-001,B03,B03-C16-S01,B03-C16-S01,Jonah wakes,state_recovery,ENT-CHAR-0001,Jonah Harrow:participant,JONAH-INJURY,B03-C16-S01,Jonah wakes,scene-ledger-event-specific,candidate,candidate-review-flagged,Derived from author-ratified scene ledger major event; granularity-review
N-EVT-B03-C16-S01-002,B03,B03-C16-S01,B03-C16-S01,calls for the Wolf,narrative_action,ENT-CHAR-0001;ENT-STATE-0002,Jonah Harrow:participant;Jonah's Wolf:participant,CH16-LOCAL-SEQUENCE,B03-C16-S01,calls for the Wolf,scene-ledger-event-specific,candidate,candidate-review-flagged,"Derived from author-ratified scene ledger major event; type-review, continuity-group-local"
N-EVT-B03-C16-S01-003,B03,B03-C16-S01,B03-C16-S01,fails to shift,narrative_action,ENT-CHAR-0001,Jonah Harrow:participant,CH16-LOCAL-SEQUENCE,B03-C16-S01,fails to shift,scene-ledger-event-specific,candidate,candidate-review-flagged,"Derived from author-ratified scene ledger major event; granularity-review, type-review, continuity-group-local"
N-EVT-B03-C16-S01-004,B03,B03-C16-S01,B03-C16-S01,Aleksei explains Henderson's treatment,disclosure,ENT-CHAR-0001;ENT-CHAR-0004;ENT-CHAR-0012,Jonah Harrow:participant;Aleksei Petrov:participant;Henderson:participant,CH16-LOCAL-SEQUENCE,B03-C16-S01,Aleksei explains Henderson's treatment,scene-ledger-event-specific,candidate,candidate-review-flagged,Derived from author-ratified scene ledger major event; continuity-group-local
N-EVT-B03-C16-S01-005,B03,B03-C16-S01,B03-C16-S01,Jonah learns Margot is scavenging,discovery,ENT-CHAR-0001;ENT-CHAR-0002,Jonah Harrow:participant;Margot Vance:participant,JONAH-INJURY,B03-C16-S01,Jonah learns Margot is scavenging,scene-ledger-event-specific,candidate,scaled-reviewed-v1.0,Derived from author-ratified scene ledger major event; no remaining review flag.
N-EVT-B03-C16-S02-001,B03,B03-C16-S02,B03-C16-S02,Aleksei explains six hours have passed,disclosure,ENT-CHAR-0001;ENT-CHAR-0004,Jonah Harrow:participant;Aleksei Petrov:participant,CH16-LOCAL-SEQUENCE,B03-C16-S02,Aleksei explains six hours have passed,scene-ledger-event-specific,candidate,candidate-review-flagged,Derived from author-ratified scene ledger major event; continuity-group-local
N-EVT-B03-C16-S02-002,B03,B03-C16-S02,B03-C16-S02,lead shielding is confirmed,narrative_action,ENT-CHAR-0001,Jonah Harrow:participant,CH16-LOCAL-SEQUENCE,B03-C16-S02,lead shielding is confirmed,scene-ledger-event-specific,candidate,candidate-review-flagged,"Derived from author-ratified scene ledger major event; type-review, continuity-group-local"
N-EVT-B03-C16-S02-003,B03,B03-C16-S02,B03-C16-S02,both describe physical deterioration,narrative_action,ENT-CHAR-0001,Jonah Harrow:participant,CH16-LOCAL-SEQUENCE,B03-C16-S02,both describe physical deterioration,scene-ledger-event-specific,candidate,candidate-review-flagged,"Derived from author-ratified scene ledger major event; type-review, continuity-group-local"
N-EVT-B03-C16-S02-004,B03,B03-C16-S02,B03-C16-S02,Emitter location is inferred at the ski resort,narrative_action,ENT-CHAR-0001;ENT-OBJ-0029,Jonah Harrow:participant;Magisterium Emitter Tower:participant,EMITTER-SABOTAGE,B03-C16-S02,Emitter location is inferred at the ski resort,scene-ledger-event-specific,candidate,candidate-review-flagged,Derived from author-ratified scene ledger major event; type-review
N-EVT-B03-C16-S03-001,B03,B03-C16-S03,B03-C16-S03,Margot returns with food,narrative_action,ENT-CHAR-0001;ENT-CHAR-0002,Jonah Harrow:participant;Margot Vance:participant,CH16-LOCAL-SEQUENCE,B03-C16-S03,Margot returns with food,scene-ledger-event-specific,candidate,candidate-review-flagged,"Derived from author-ratified scene ledger major event; type-review, continuity-group-local"
N-EVT-B03-C16-S03-002,B03,B03-C16-S03,B03-C16-S03,supports Jonah,narrative_action,ENT-CHAR-0001,Jonah Harrow:participant,JONAH-INJURY,B03-C16-S03,supports Jonah,scene-ledger-event-specific,candidate,candidate-review-flagged,"Derived from author-ratified scene ledger major event; granularity-review, type-review"
N-EVT-B03-C16-S03-003,B03,B03-C16-S03,B03-C16-S03,confirms magic-level sorting,disclosure,ENT-CHAR-0001,Jonah Harrow:participant,CH16-LOCAL-SEQUENCE,B03-C16-S03,confirms magic-level sorting,scene-ledger-event-specific,candidate,candidate-review-flagged,"Derived from author-ratified scene ledger major event; granularity-review, continuity-group-local"
N-EVT-B03-C16-S03-004,B03,B03-C16-S03,B03-C16-S03,Henderson provides map,narrative_action,ENT-CHAR-0001;ENT-CHAR-0012,Jonah Harrow:participant;Henderson:participant,CH16-LOCAL-SEQUENCE,B03-C16-S03,Henderson provides map,scene-ledger-event-specific,candidate,candidate-review-flagged,"Derived from author-ratified scene ledger major event; granularity-review, type-review, continuity-group-local"
N-EVT-B03-C16-S03-005,B03,B03-C16-S03,B03-C16-S03,Jonah begins territorial analysis,narrative_action,ENT-CHAR-0001,Jonah Harrow:participant,JONAH-INJURY,B03-C16-S03,Jonah begins territorial analysis,scene-ledger-event-specific,candidate,candidate-review-flagged,Derived from author-ratified scene ledger major event; type-review
N-EVT-B03-C16-S04-001,B03,B03-C16-S04,B03-C16-S04,Emitter power source identified,narrative_action,ENT-CHAR-0001;ENT-OBJ-0029,Jonah Harrow:participant;Magisterium Emitter Tower:participant,EMITTER-SABOTAGE,B03-C16-S04,Emitter power source identified,scene-ledger-event-specific,candidate,candidate-review-flagged,Derived from author-ratified scene ledger major event; type-review
N-EVT-B03-C16-S04-002,B03,B03-C16-S04,B03-C16-S04,ten-to-fifteen-minute window estimated,relationship_event,ENT-CHAR-0001,Jonah Harrow:participant,RELATIONSHIP-ESCALATION,B03-C16-S04,ten-to-fifteen-minute window estimated,scene-ledger-event-specific,candidate,candidate-review-flagged,Derived from author-ratified scene ledger major event; granularity-review
N-EVT-B03-C16-S04-003,B03,B03-C16-S04,B03-C16-S04,Jonah declares himself a liability,decision,ENT-CHAR-0001,Jonah Harrow:participant,JONAH-INJURY,B03-C16-S04,Jonah declares himself a liability,scene-ledger-event-specific,candidate,scaled-reviewed-v1.0,Derived from author-ratified scene ledger major event; no remaining review flag.
N-EVT-B03-C16-S04-004,B03,B03-C16-S04,B03-C16-S04,roles assigned,narrative_action,ENT-CHAR-0001,Jonah Harrow:participant,CH16-LOCAL-SEQUENCE,B03-C16-S04,roles assigned,scene-ledger-event-specific,candidate,candidate-review-flagged,"Derived from author-ratified scene ledger major event; granularity-review, type-review, continuity-group-local"
N-EVT-B03-C16-S04-005,B03,B03-C16-S04,B03-C16-S04,Margot accepts leadership,narrative_action,ENT-CHAR-0001;ENT-CHAR-0002,Jonah Harrow:participant;Margot Vance:participant,CH16-LOCAL-SEQUENCE,B03-C16-S04,Margot accepts leadership,scene-ledger-event-specific,candidate,candidate-review-flagged,"Derived from author-ratified scene ledger major event; granularity-review, type-review, continuity-group-local"
N-EVT-B03-C16-S05-001,B03,B03-C16-S05,B03-C16-S05,Henderson builds improvised explosives,preparation,ENT-CHAR-0002;ENT-CHAR-0001;ENT-CHAR-0012,Margot Vance:participant;Jonah Harrow:participant;Henderson:participant,CH16-LOCAL-SEQUENCE,B03-C16-S05,Henderson builds improvised explosives,scene-ledger-event-specific,candidate,candidate-review-flagged,Derived from author-ratified scene ledger major event; continuity-group-local
N-EVT-B03-C16-S05-002,B03,B03-C16-S05,B03-C16-S05,Aleksei takes crowbar,narrative_action,ENT-CHAR-0002;ENT-CHAR-0001;ENT-CHAR-0004,Margot Vance:participant;Jonah Harrow:participant;Aleksei Petrov:participant,CH16-LOCAL-SEQUENCE,B03-C16-S05,Aleksei takes crowbar,scene-ledger-event-specific,candidate,candidate-review-flagged,"Derived from author-ratified scene ledger major event; granularity-review, type-review, continuity-group-local"
N-EVT-B03-C16-S05-003,B03,B03-C16-S05,B03-C16-S05,Margot transfers Treaty,narrative_action,ENT-CHAR-0001;ENT-CHAR-0002;ENT-OBJ-0010,Jonah Harrow:participant;Margot Vance:participant;Original Integration Treaty:participant,FOUNDING-TRUTH,B03-C16-S05,Margot transfers Treaty,scene-ledger-event-specific,candidate,candidate-review-flagged,"Derived from author-ratified scene ledger major event; granularity-review, type-review"
N-EVT-B03-C16-S05-004,B03,B03-C16-S05,B03-C16-S05,Jonah gives firearm instructions,narrative_action,ENT-CHAR-0002;ENT-CHAR-0001,Margot Vance:participant;Jonah Harrow:participant,JONAH-INJURY,B03-C16-S05,Jonah gives firearm instructions,scene-ledger-event-specific,candidate,candidate-review-flagged,Derived from author-ratified scene ledger major event; type-review
N-EVT-B03-C16-S05-005,B03,B03-C16-S05,B03-C16-S05,radio check,narrative_action,ENT-CHAR-0002;ENT-CHAR-0001,Margot Vance:participant;Jonah Harrow:participant,CH16-LOCAL-SEQUENCE,B03-C16-S05,radio check,scene-ledger-event-specific,candidate,candidate-review-flagged,"Derived from author-ratified scene ledger major event; granularity-review, type-review, continuity-group-local"
N-EVT-B03-C16-S05-006,B03,B03-C16-S05,B03-C16-S05,desperate kiss,narrative_action,ENT-CHAR-0002;ENT-CHAR-0001,Margot Vance:participant;Jonah Harrow:participant,RELATIONSHIP-ESCALATION,B03-C16-S05,desperate kiss,scene-ledger-event-specific,candidate,candidate-review-flagged,"Derived from author-ratified scene ledger major event; granularity-review, type-review"
N-EVT-B03-C16-S05-007,B03,B03-C16-S05,B03-C16-S05,team departs,narrative_action,ENT-CHAR-0002;ENT-CHAR-0001,Margot Vance:participant;Jonah Harrow:participant,CH16-LOCAL-SEQUENCE,B03-C16-S05,team departs,scene-ledger-event-specific,candidate,candidate-review-flagged,"Derived from author-ratified scene ledger major event; granularity-review, type-review, continuity-group-local"
N-EVT-B03-C17-S01-001,B03,B03-C17-S01,B03-C17-S01,Team crawls through septic outflow,narrative_action,ENT-CHAR-0002,Margot Vance:participant,RESORT-INFILTRATION,B03-C17-S01,Team crawls through septic outflow,scene-ledger-event-specific,candidate,candidate-review-flagged,Derived from author-ratified scene ledger major event; type-review
N-EVT-B03-C17-S01-002,B03,B03-C17-S01,B03-C17-S01,radio contact weakens,narrative_action,ENT-CHAR-0002,Margot Vance:participant,CH17-LOCAL-SEQUENCE,B03-C17-S01,radio contact weakens,scene-ledger-event-specific,candidate,candidate-review-flagged,"Derived from author-ratified scene ledger major event; granularity-review, type-review, continuity-group-local"
N-EVT-B03-C17-S01-003,B03,B03-C17-S01,B03-C17-S01,Henderson uses reactive drain cleaner,narrative_action,ENT-CHAR-0002;ENT-CHAR-0012,Margot Vance:participant;Henderson:participant,CH17-LOCAL-SEQUENCE,B03-C17-S01,Henderson uses reactive drain cleaner,scene-ledger-event-specific,candidate,candidate-review-flagged,"Derived from author-ratified scene ledger major event; type-review, continuity-group-local"
N-EVT-B03-C17-S01-004,B03,B03-C17-S01,B03-C17-S01,grate opens,narrative_action,ENT-CHAR-0002,Margot Vance:participant,CH17-LOCAL-SEQUENCE,B03-C17-S01,grate opens,scene-ledger-event-specific,candidate,candidate-review-flagged,"Derived from author-ratified scene ledger major event; granularity-review, type-review, continuity-group-local"
N-EVT-B03-C17-S01-005,B03,B03-C17-S01,B03-C17-S01,Margot checks Jonah's map,narrative_action,ENT-CHAR-0001;ENT-CHAR-0002,Jonah Harrow:participant;Margot Vance:participant,JONAH-INJURY,B03-C17-S01,Margot checks Jonah's map,scene-ledger-event-specific,candidate,candidate-review-flagged,Derived from author-ratified scene ledger major event; type-review
N-EVT-B03-C17-S02-001,B03,B03-C17-S02,B03-C17-S02,Troopers discuss freezing detainees,narrative_action,ENT-CHAR-0002,Margot Vance:participant,CH17-LOCAL-SEQUENCE,B03-C17-S02,Troopers discuss freezing detainees,scene-ledger-event-specific,candidate,candidate-review-flagged,"Derived from author-ratified scene ledger major event; type-review, continuity-group-local"
N-EVT-B03-C17-S02-002,B03,B03-C17-S02,B03-C17-S02,Jonah orders mission focus,decision,ENT-CHAR-0002;ENT-CHAR-0001,Margot Vance:participant;Jonah Harrow:participant,JONAH-INJURY,B03-C17-S02,Jonah orders mission focus,scene-ledger-event-specific,candidate,scaled-reviewed-v1.0,Derived from author-ratified scene ledger major event; no remaining review flag.
N-EVT-B03-C17-S02-003,B03,B03-C17-S02,B03-C17-S02,Henderson hot-wires elevator,narrative_action,ENT-CHAR-0002;ENT-CHAR-0012,Margot Vance:participant;Henderson:participant,RESORT-INFILTRATION,B03-C17-S02,Henderson hot-wires elevator,scene-ledger-event-specific,candidate,candidate-review-flagged,"Derived from author-ratified scene ledger major event; granularity-review, type-review"
N-EVT-B03-C17-S02-004,B03,B03-C17-S02,B03-C17-S02,override sends team upward,narrative_action,ENT-CHAR-0002,Margot Vance:participant,CH17-LOCAL-SEQUENCE,B03-C17-S02,override sends team upward,scene-ledger-event-specific,candidate,candidate-review-flagged,"Derived from author-ratified scene ledger major event; type-review, continuity-group-local"
N-EVT-B03-C17-S02-005,B03,B03-C17-S02,B03-C17-S02,weapons drawn,narrative_action,ENT-CHAR-0002,Margot Vance:participant,CH17-LOCAL-SEQUENCE,B03-C17-S02,weapons drawn,scene-ledger-event-specific,candidate,candidate-review-flagged,"Derived from author-ratified scene ledger major event; granularity-review, type-review, continuity-group-local"
N-EVT-B03-C17-S03-001,B03,B03-C17-S03,B03-C17-S03,Team captured at elevator,narrative_action,ENT-CHAR-0002,Margot Vance:participant,RESORT-INFILTRATION,B03-C17-S03,Team captured at elevator,scene-ledger-event-specific,candidate,candidate-review-flagged,Derived from author-ratified scene ledger major event; type-review
N-EVT-B03-C17-S03-002,B03,B03-C17-S03,B03-C17-S03,Valerius defends sanitization calculus,narrative_action,ENT-CHAR-0002;ENT-CHAR-0014,Margot Vance:participant;Inquisitor Valerius:participant,MAGISTERIUM-OCCUPATION,B03-C17-S03,Valerius defends sanitization calculus,scene-ledger-event-specific,candidate,candidate-review-flagged,Derived from author-ratified scene ledger major event; type-review
N-EVT-B03-C17-S03-003,B03,B03-C17-S03,B03-C17-S03,Margot accuses him of genocide,narrative_action,ENT-CHAR-0002,Margot Vance:participant,CH17-LOCAL-SEQUENCE,B03-C17-S03,Margot accuses him of genocide,scene-ledger-event-specific,candidate,candidate-review-flagged,"Derived from author-ratified scene ledger major event; type-review, continuity-group-local"
N-EVT-B03-C17-S03-004,B03,B03-C17-S03,B03-C17-S03,bag is retained as evidence,narrative_action,ENT-CHAR-0002,Margot Vance:participant,CH17-LOCAL-SEQUENCE,B03-C17-S03,bag is retained as evidence,scene-ledger-event-specific,candidate,candidate-review-flagged,"Derived from author-ratified scene ledger major event; type-review, continuity-group-local"
N-EVT-B03-C17-S03-005,B03,B03-C17-S03,B03-C17-S03,Henderson signals opportunity,narrative_action,ENT-CHAR-0002;ENT-CHAR-0012,Margot Vance:participant;Henderson:participant,CH17-LOCAL-SEQUENCE,B03-C17-S03,Henderson signals opportunity,scene-ledger-event-specific,candidate,candidate-review-flagged,"Derived from author-ratified scene ledger major event; granularity-review, type-review, continuity-group-local"
N-EVT-B03-C17-S04-001,B03,B03-C17-S04,B03-C17-S04,Captives forced to kneel,capture,ENT-CHAR-0002,Margot Vance:participant,CH17-LOCAL-SEQUENCE,B03-C17-S04,Captives forced to kneel,scene-ledger-event-specific,candidate,candidate-review-flagged,Derived from author-ratified scene ledger major event; continuity-group-local
N-EVT-B03-C17-S04-002,B03,B03-C17-S04,B03-C17-S04,purge ordered,narrative_action,ENT-CHAR-0002,Margot Vance:participant,CH17-LOCAL-SEQUENCE,B03-C17-S04,purge ordered,scene-ledger-event-specific,candidate,candidate-review-flagged,"Derived from author-ratified scene ledger major event; granularity-review, type-review, continuity-group-local"
N-EVT-B03-C17-S04-003,B03,B03-C17-S04,B03-C17-S04,Margot rejects fight/run/talk options,narrative_action,ENT-CHAR-0002,Margot Vance:participant,CH17-LOCAL-SEQUENCE,B03-C17-S04,Margot rejects fight/run/talk options,scene-ledger-event-specific,candidate,candidate-review-flagged,"Derived from author-ratified scene ledger major event; type-review, continuity-group-local"
N-EVT-B03-C17-S04-004,B03,B03-C17-S04,B03-C17-S04,Henderson signals,narrative_action,ENT-CHAR-0002;ENT-CHAR-0012,Margot Vance:participant;Henderson:participant,CH17-LOCAL-SEQUENCE,B03-C17-S04,Henderson signals,scene-ledger-event-specific,candidate,candidate-review-flagged,"Derived from author-ratified scene ledger major event; granularity-review, type-review, continuity-group-local"
N-EVT-B03-C17-S04-005,B03,B03-C17-S04,B03-C17-S04,Margot throws lighter,narrative_action,ENT-CHAR-0002,Margot Vance:participant,CH17-LOCAL-SEQUENCE,B03-C17-S04,Margot throws lighter,scene-ledger-event-specific,candidate,candidate-review-flagged,"Derived from author-ratified scene ledger major event; granularity-review, type-review, continuity-group-local"
N-EVT-B03-C17-S05-001,B03,B03-C17-S05,B03-C17-S05,Chemical eruption destroys intake and tower,destruction,ENT-CHAR-0002,Margot Vance:participant,EMITTER-SABOTAGE,B03-C17-S05,Chemical eruption destroys intake and tower,scene-ledger-event-specific,candidate,scaled-reviewed-v1.0,Derived from author-ratified scene ledger major event; no remaining review flag.
N-EVT-B03-C17-S05-002,B03,B03-C17-S05,B03-C17-S05,magic returns,transformation,ENT-CHAR-0002,Margot Vance:participant,CH17-LOCAL-SEQUENCE,B03-C17-S05,magic returns,scene-ledger-event-specific,candidate,candidate-review-flagged,"Derived from author-ratified scene ledger major event; granularity-review, continuity-group-local"
N-EVT-B03-C17-S05-003,B03,B03-C17-S05,B03-C17-S05,Aleksei regains vampire power,narrative_action,ENT-CHAR-0002;ENT-CHAR-0004,Margot Vance:participant;Aleksei Petrov:participant,CH17-LOCAL-SEQUENCE,B03-C17-S05,Aleksei regains vampire power,scene-ledger-event-specific,candidate,candidate-review-flagged,"Derived from author-ratified scene ledger major event; type-review, continuity-group-local"
N-EVT-B03-C17-S05-004,B03,B03-C17-S05,B03-C17-S05,Valerius retreats,movement,ENT-CHAR-0002;ENT-CHAR-0014,Margot Vance:participant;Inquisitor Valerius:participant,FINAL-CONFRONTATION,B03-C17-S05,Valerius retreats,scene-ledger-event-specific,candidate,candidate-review-flagged,Derived from author-ratified scene ledger major event; granularity-review
N-EVT-B03-C17-S05-005,B03,B03-C17-S05,B03-C17-S05,Jonah reports transformation,disclosure,ENT-CHAR-0002;ENT-CHAR-0001,Margot Vance:participant;Jonah Harrow:participant,JONAH-INJURY,B03-C17-S05,Jonah reports transformation,scene-ledger-event-specific,candidate,candidate-review-flagged,Derived from author-ratified scene ledger major event; granularity-review
N-EVT-B03-C17-S05-006,B03,B03-C17-S05,B03-C17-S05,Pack howls,narrative_action,ENT-CHAR-0002;ENT-GROUP-0002,Margot Vance:participant;Snowfall Creek Werewolf Pack:participant,CH17-LOCAL-SEQUENCE,B03-C17-S05,Pack howls,scene-ledger-event-specific,candidate,candidate-review-flagged,"Derived from author-ratified scene ledger major event; granularity-review, type-review, continuity-group-local"
N-EVT-B03-C18-S01-001,B03,B03-C18-S01,B03-C18-S01,Magic returns,transformation,ENT-CHAR-0001,Jonah Harrow:participant,CH18-LOCAL-SEQUENCE,B03-C18-S01,Magic returns,scene-ledger-event-specific,candidate,candidate-review-flagged,"Derived from author-ratified scene ledger major event; granularity-review, continuity-group-local"
N-EVT-B03-C18-S01-002,B03,B03-C18-S01,B03-C18-S01,silver expelled,narrative_action,ENT-CHAR-0001,Jonah Harrow:participant,JONAH-INJURY,B03-C18-S01,silver expelled,scene-ledger-event-specific,candidate,candidate-review-flagged,"Derived from author-ratified scene ledger major event; granularity-review, type-review"
N-EVT-B03-C18-S01-003,B03,B03-C18-S01,B03-C18-S01,wound heals,state_recovery,ENT-CHAR-0001,Jonah Harrow:participant,JONAH-INJURY,B03-C18-S01,wound heals,scene-ledger-event-specific,candidate,candidate-review-flagged,Derived from author-ratified scene ledger major event; granularity-review
N-EVT-B03-C18-S01-004,B03,B03-C18-S01,B03-C18-S01,transformation occurs,narrative_action,ENT-CHAR-0001,Jonah Harrow:participant,CH18-LOCAL-SEQUENCE,B03-C18-S01,transformation occurs,scene-ledger-event-specific,candidate,candidate-review-flagged,"Derived from author-ratified scene ledger major event; granularity-review, type-review, continuity-group-local"
N-EVT-B03-C18-S01-005,B03,B03-C18-S01,B03-C18-S01,Henderson spared and accepted,narrative_action,ENT-CHAR-0001;ENT-CHAR-0012,Jonah Harrow:participant;Henderson:participant,CH18-LOCAL-SEQUENCE,B03-C18-S01,Henderson spared and accepted,scene-ledger-event-specific,candidate,candidate-review-flagged,"Derived from author-ratified scene ledger major event; type-review, continuity-group-local"
N-EVT-B03-C18-S01-006,B03,B03-C18-S01,B03-C18-S01,duct grate destroyed,narrative_action,ENT-CHAR-0001,Jonah Harrow:participant,CH18-LOCAL-SEQUENCE,B03-C18-S01,duct grate destroyed,scene-ledger-event-specific,candidate,candidate-review-flagged,"Derived from author-ratified scene ledger major event; granularity-review, type-review, continuity-group-local"
N-EVT-B03-C18-S02-001,B03,B03-C18-S02,B03-C18-S02,Jonah drops from vent,narrative_action,ENT-CHAR-0001,Jonah Harrow:participant,JONAH-INJURY,B03-C18-S02,Jonah drops from vent,scene-ledger-event-specific,candidate,candidate-review-flagged,Derived from author-ratified scene ledger major event; type-review
N-EVT-B03-C18-S02-002,B03,B03-C18-S02,B03-C18-S02,overhears Alpha-level heat warning,narrative_action,ENT-CHAR-0001,Jonah Harrow:participant,CH18-LOCAL-SEQUENCE,B03-C18-S02,overhears Alpha-level heat warning,scene-ledger-event-specific,candidate,candidate-review-flagged,"Derived from author-ratified scene ledger major event; type-review, continuity-group-local"
N-EVT-B03-C18-S02-003,B03,B03-C18-S02,B03-C18-S02,incapacitates two troopers,physical_conflict,ENT-CHAR-0001,Jonah Harrow:participant,CH18-LOCAL-SEQUENCE,B03-C18-S02,incapacitates two troopers,scene-ledger-event-specific,candidate,candidate-review-flagged,"Derived from author-ratified scene ledger major event; granularity-review, continuity-group-local"
N-EVT-B03-C18-S02-004,B03,B03-C18-S02,B03-C18-S02,follows Pack scent,narrative_action,ENT-CHAR-0001;ENT-GROUP-0002,Jonah Harrow:participant;Snowfall Creek Werewolf Pack:participant,CH18-LOCAL-SEQUENCE,B03-C18-S02,follows Pack scent,scene-ledger-event-specific,candidate,candidate-review-flagged,"Derived from author-ratified scene ledger major event; granularity-review, type-review, continuity-group-local"
N-EVT-B03-C18-S02-005,B03,B03-C18-S02,B03-C18-S02,bursts through doors,narrative_action,ENT-CHAR-0001,Jonah Harrow:participant,CH18-LOCAL-SEQUENCE,B03-C18-S02,bursts through doors,scene-ledger-event-specific,candidate,candidate-review-flagged,"Derived from author-ratified scene ledger major event; granularity-review, type-review, continuity-group-local"
N-EVT-B03-C18-S03-001,B03,B03-C18-S03,B03-C18-S03,Jonah howls,narrative_action,ENT-CHAR-0001,Jonah Harrow:participant,JONAH-INJURY,B03-C18-S03,Jonah howls,scene-ledger-event-specific,candidate,candidate-review-flagged,"Derived from author-ratified scene ledger major event; granularity-review, type-review"
N-EVT-B03-C18-S03-002,B03,B03-C18-S03,B03-C18-S03,wolves rally,narrative_action,ENT-CHAR-0001,Jonah Harrow:participant,CH18-LOCAL-SEQUENCE,B03-C18-S03,wolves rally,scene-ledger-event-specific,candidate,candidate-review-flagged,"Derived from author-ratified scene ledger major event; granularity-review, type-review, continuity-group-local"
N-EVT-B03-C18-S03-003,B03,B03-C18-S03,B03-C18-S03,lead transport attacked,narrative_action,ENT-CHAR-0001,Jonah Harrow:participant,CH18-LOCAL-SEQUENCE,B03-C18-S03,lead transport attacked,scene-ledger-event-specific,candidate,candidate-review-flagged,"Derived from author-ratified scene ledger major event; granularity-review, type-review, continuity-group-local"
N-EVT-B03-C18-S03-004,B03,B03-C18-S03,B03-C18-S03,coordinated disabling action,narrative_action,ENT-CHAR-0001,Jonah Harrow:participant,CH18-LOCAL-SEQUENCE,B03-C18-S03,coordinated disabling action,scene-ledger-event-specific,candidate,candidate-review-flagged,"Derived from author-ratified scene ledger major event; granularity-review, type-review, continuity-group-local"
N-EVT-B03-C18-S03-005,B03,B03-C18-S03,B03-C18-S03,school secured,narrative_action,ENT-CHAR-0001;ENT-OBJ-0024,Jonah Harrow:participant;Dragon's-Blood Antiviral Cure:participant,CURE-DELIVERY,B03-C18-S03,school secured,scene-ledger-event-specific,candidate,candidate-review-flagged,"Derived from author-ratified scene ledger major event; granularity-review, type-review"
N-EVT-B03-C18-S03-006,B03,B03-C18-S03,B03-C18-S03,Sarah reports Margot passed toward the access road,disclosure,ENT-CHAR-0001;ENT-CHAR-0002;ENT-CHAR-0016,Jonah Harrow:participant;Margot Vance:participant;Sarah:participant,CH18-LOCAL-SEQUENCE,B03-C18-S03,Sarah reports Margot passed toward the access road,scene-ledger-event-specific,candidate,candidate-review-flagged,Derived from author-ratified scene ledger major event; continuity-group-local
N-EVT-B03-C18-S04-001,B03,B03-C18-S04,B03-C18-S04,Jonah runs uphill,movement,ENT-CHAR-0001,Jonah Harrow:participant,JONAH-INJURY,B03-C18-S04,Jonah runs uphill,scene-ledger-event-specific,candidate,candidate-review-flagged,Derived from author-ratified scene ledger major event; granularity-review
N-EVT-B03-C18-S04-002,B03,B03-C18-S04,B03-C18-S04,sees overturned jeep,discovery,ENT-CHAR-0001,Jonah Harrow:participant,CH18-LOCAL-SEQUENCE,B03-C18-S04,sees overturned jeep,scene-ledger-event-specific,candidate,candidate-review-flagged,"Derived from author-ratified scene ledger major event; granularity-review, continuity-group-local"
N-EVT-B03-C18-S04-003,B03,B03-C18-S04,B03-C18-S04,finds team,narrative_action,ENT-CHAR-0001,Jonah Harrow:participant,CH18-LOCAL-SEQUENCE,B03-C18-S04,finds team,scene-ledger-event-specific,candidate,candidate-review-flagged,"Derived from author-ratified scene ledger major event; granularity-review, type-review, continuity-group-local"
N-EVT-B03-C18-S04-004,B03,B03-C18-S04,B03-C18-S04,shifts,transformation,ENT-CHAR-0001,Jonah Harrow:participant,CH18-LOCAL-SEQUENCE,B03-C18-S04,shifts,scene-ledger-event-specific,candidate,candidate-review-flagged,"Derived from author-ratified scene ledger major event; granularity-review, continuity-group-local"
N-EVT-B03-C18-S04-005,B03,B03-C18-S04,B03-C18-S04,embraces Margot,relationship_event,ENT-CHAR-0001;ENT-CHAR-0002,Jonah Harrow:participant;Margot Vance:participant,CH18-LOCAL-SEQUENCE,B03-C18-S04,embraces Margot,scene-ledger-event-specific,candidate,candidate-review-flagged,"Derived from author-ratified scene ledger major event; granularity-review, continuity-group-local"
N-EVT-B03-C18-S04-006,B03,B03-C18-S04,B03-C18-S04,confirms restored magic,disclosure,ENT-CHAR-0001,Jonah Harrow:participant,CH18-LOCAL-SEQUENCE,B03-C18-S04,confirms restored magic,scene-ledger-event-specific,candidate,candidate-review-flagged,"Derived from author-ratified scene ledger major event; granularity-review, continuity-group-local"
N-EVT-B03-C18-S04-007,B03,B03-C18-S04,B03-C18-S04,Aleksei points to sky,narrative_action,ENT-CHAR-0001;ENT-CHAR-0004,Jonah Harrow:participant;Aleksei Petrov:participant,CH18-LOCAL-SEQUENCE,B03-C18-S04,Aleksei points to sky,scene-ledger-event-specific,candidate,candidate-review-flagged,"Derived from author-ratified scene ledger major event; type-review, continuity-group-local"
N-EVT-B03-C18-S05-001,B03,B03-C18-S05,B03-C18-S05,Gunship appears,arrival,ENT-CHAR-0001;ENT-OBJ-0033,Jonah Harrow:participant;Magisterium Gunship:participant,GUNSHIP-BATTLE,B03-C18-S05,Gunship appears,scene-ledger-event-specific,candidate,candidate-review-flagged,Derived from author-ratified scene ledger major event; granularity-review
N-EVT-B03-C18-S05-002,B03,B03-C18-S05,B03-C18-S05,school rejected,narrative_action,ENT-CHAR-0001,Jonah Harrow:participant,CH18-LOCAL-SEQUENCE,B03-C18-S05,school rejected,scene-ledger-event-specific,candidate,candidate-review-flagged,"Derived from author-ratified scene ledger major event; granularity-review, type-review, continuity-group-local"
N-EVT-B03-C18-S05-003,B03,B03-C18-S05,B03-C18-S05,Archives chosen as fortress,narrative_action,ENT-CHAR-0001,Jonah Harrow:participant,ARCHIVES-DEFENSE,B03-C18-S05,Archives chosen as fortress,scene-ledger-event-specific,candidate,candidate-review-flagged,Derived from author-ratified scene ledger major event; type-review
N-EVT-B03-C18-S05-004,B03,B03-C18-S05,B03-C18-S05,ballista identified,narrative_action,ENT-CHAR-0001;ENT-OBJ-0019,Jonah Harrow:participant;Dragon-Killer Ballista:participant,ARCHIVES-DEFENSE,B03-C18-S05,ballista identified,scene-ledger-event-specific,candidate,candidate-review-flagged,"Derived from author-ratified scene ledger major event; granularity-review, type-review"
N-EVT-B03-C18-S05-005,B03,B03-C18-S05,B03-C18-S05,"Pack, Trolls, and Aleksei assigned",narrative_action,ENT-CHAR-0001;ENT-CHAR-0004;ENT-GROUP-0002,Jonah Harrow:participant;Aleksei Petrov:participant;Snowfall Creek Werewolf Pack:participant,CH18-LOCAL-SEQUENCE,B03-C18-S05,"Pack, Trolls, and Aleksei assigned",scene-ledger-event-specific,candidate,candidate-review-flagged,"Derived from author-ratified scene ledger major event; type-review, continuity-group-local"
N-EVT-B03-C19-S01-001,B03,B03-C19-S01,B03-C19-S01,Gunship attacks main street,physical_conflict,ENT-CHAR-0002;ENT-CHAR-0001;ENT-OBJ-0033,Margot Vance:participant;Jonah Harrow:participant;Magisterium Gunship:participant,GUNSHIP-BATTLE,B03-C19-S01,Gunship attacks main street,scene-ledger-event-specific,candidate,scaled-reviewed-v1.0,Derived from author-ratified scene ledger major event; no remaining review flag.
N-EVT-B03-C19-S01-002,B03,B03-C19-S01,B03-C19-S01,convoy flees through alley,movement,ENT-CHAR-0002;ENT-CHAR-0001,Margot Vance:participant;Jonah Harrow:participant,CH19-LOCAL-SEQUENCE,B03-C19-S01,convoy flees through alley,scene-ledger-event-specific,candidate,candidate-review-flagged,Derived from author-ratified scene ledger major event; continuity-group-local
N-EVT-B03-C19-S01-003,B03,B03-C19-S01,B03-C19-S01,wounded supernatural allies retreat toward library,state_damage,ENT-CHAR-0002;ENT-CHAR-0001,Margot Vance:participant;Jonah Harrow:participant,JONAH-INJURY,B03-C19-S01,wounded supernatural allies retreat toward library,scene-ledger-event-specific,candidate,scaled-reviewed-v1.0,Derived from author-ratified scene ledger major event; no remaining review flag.
N-EVT-B03-C19-S02-001,B03,B03-C19-S02,B03-C19-S02,Library communicates with Margot,narrative_action,ENT-CHAR-0002,Margot Vance:participant,CH19-LOCAL-SEQUENCE,B03-C19-S02,Library communicates with Margot,scene-ledger-event-specific,candidate,candidate-review-flagged,"Derived from author-ratified scene ledger major event; type-review, continuity-group-local"
N-EVT-B03-C19-S02-002,B03,B03-C19-S02,B03-C19-S02,lockdown systems activate,narrative_action,ENT-CHAR-0002,Margot Vance:participant,CH19-LOCAL-SEQUENCE,B03-C19-S02,lockdown systems activate,scene-ledger-event-specific,candidate,candidate-review-flagged,"Derived from author-ratified scene ledger major event; granularity-review, type-review, continuity-group-local"
N-EVT-B03-C19-S02-003,B03,B03-C19-S02,B03-C19-S02,gargoyle sonic defenses engage,narrative_action,ENT-CHAR-0002,Margot Vance:participant,CH19-LOCAL-SEQUENCE,B03-C19-S02,gargoyle sonic defenses engage,scene-ledger-event-specific,candidate,candidate-review-flagged,"Derived from author-ratified scene ledger major event; type-review, continuity-group-local"
N-EVT-B03-C19-S03-001,B03,B03-C19-S03,B03-C19-S03,Survivors cross lawn under fire,narrative_action,ENT-CHAR-0002;ENT-CHAR-0001,Margot Vance:participant;Jonah Harrow:participant,CH19-LOCAL-SEQUENCE,B03-C19-S03,Survivors cross lawn under fire,scene-ledger-event-specific,candidate,candidate-review-flagged,"Derived from author-ratified scene ledger major event; type-review, continuity-group-local"
N-EVT-B03-C19-S03-002,B03,B03-C19-S03,B03-C19-S03,all enter,narrative_action,ENT-CHAR-0002;ENT-CHAR-0001,Margot Vance:participant;Jonah Harrow:participant,CH19-LOCAL-SEQUENCE,B03-C19-S03,all enter,scene-ledger-event-specific,candidate,candidate-review-flagged,"Derived from author-ratified scene ledger major event; granularity-review, type-review, continuity-group-local"
N-EVT-B03-C19-S03-003,B03,B03-C19-S03,B03-C19-S03,doors and iron deadbolts seal,narrative_action,ENT-CHAR-0002;ENT-CHAR-0001,Margot Vance:participant;Jonah Harrow:participant,CH19-LOCAL-SEQUENCE,B03-C19-S03,doors and iron deadbolts seal,scene-ledger-event-specific,candidate,candidate-review-flagged,"Derived from author-ratified scene ledger major event; type-review, continuity-group-local"
N-EVT-B03-C19-S03-004,B03,B03-C19-S03,B03-C19-S03,service hoist is selected,narrative_action,ENT-CHAR-0002;ENT-CHAR-0001,Margot Vance:participant;Jonah Harrow:participant,CH19-LOCAL-SEQUENCE,B03-C19-S03,service hoist is selected,scene-ledger-event-specific,candidate,candidate-review-flagged,"Derived from author-ratified scene ledger major event; type-review, continuity-group-local"
N-EVT-B03-C19-S04-001,B03,B03-C19-S04,B03-C19-S04,Hoist descends through B1-B3,narrative_action,ENT-CHAR-0001,Jonah Harrow:participant,CH19-LOCAL-SEQUENCE,B03-C19-S04,Hoist descends through B1-B3,scene-ledger-event-specific,candidate,candidate-review-flagged,"Derived from author-ratified scene ledger major event; type-review, continuity-group-local"
N-EVT-B03-C19-S04-002,B03,B03-C19-S04,B03-C19-S04,B4 arsenal opened,narrative_action,ENT-CHAR-0001,Jonah Harrow:participant,CH19-LOCAL-SEQUENCE,B03-C19-S04,B4 arsenal opened,scene-ledger-event-specific,candidate,candidate-review-flagged,"Derived from author-ratified scene ledger major event; granularity-review, type-review, continuity-group-local"
N-EVT-B03-C19-S04-003,B03,B03-C19-S04,B03-C19-S04,Trolls lift ancient ballista,narrative_action,ENT-CHAR-0001;ENT-OBJ-0019,Jonah Harrow:participant;Dragon-Killer Ballista:participant,ARCHIVES-DEFENSE,B03-C19-S04,Trolls lift ancient ballista,scene-ledger-event-specific,candidate,candidate-review-flagged,Derived from author-ratified scene ledger major event; type-review
N-EVT-B03-C19-S05-001,B03,B03-C19-S05,B03-C19-S05,Ballista positioned under skylight,narrative_action,ENT-CHAR-0002;ENT-OBJ-0019,Margot Vance:participant;Dragon-Killer Ballista:participant,ARCHIVES-DEFENSE,B03-C19-S05,Ballista positioned under skylight,scene-ledger-event-specific,candidate,candidate-review-flagged,Derived from author-ratified scene ledger major event; type-review
N-EVT-B03-C19-S05-002,B03,B03-C19-S05,B03-C19-S05,gunship aligns overhead,narrative_action,ENT-CHAR-0002;ENT-OBJ-0033,Margot Vance:participant;Magisterium Gunship:participant,GUNSHIP-BATTLE,B03-C19-S05,gunship aligns overhead,scene-ledger-event-specific,candidate,candidate-review-flagged,"Derived from author-ratified scene ledger major event; granularity-review, type-review"
N-EVT-B03-C19-S05-003,B03,B03-C19-S05,B03-C19-S05,Margot fires magical harpoon,narrative_action,ENT-CHAR-0002,Margot Vance:participant,CH19-LOCAL-SEQUENCE,B03-C19-S05,Margot fires magical harpoon,scene-ledger-event-specific,candidate,candidate-review-flagged,"Derived from author-ratified scene ledger major event; type-review, continuity-group-local"
N-EVT-B03-C20-S01-001,B03,B03-C20-S01,B03-C20-S01,Green neurotoxin fills atrium,narrative_action,ENT-CHAR-0002,Margot Vance:participant,CH20-LOCAL-SEQUENCE,B03-C20-S01,Green neurotoxin fills atrium,scene-ledger-event-specific,candidate,candidate-review-flagged,"Derived from author-ratified scene ledger major event; type-review, continuity-group-local"
N-EVT-B03-C20-S01-002,B03,B03-C20-S01,B03-C20-S01,defenders collapse,narrative_action,ENT-CHAR-0002,Margot Vance:participant,CH20-LOCAL-SEQUENCE,B03-C20-S01,defenders collapse,scene-ledger-event-specific,candidate,candidate-review-flagged,"Derived from author-ratified scene ledger major event; granularity-review, type-review, continuity-group-local"
N-EVT-B03-C20-S01-003,B03,B03-C20-S01,B03-C20-S01,Valerius reveals Grey Guard control and experimental intent,disclosure,ENT-CHAR-0002;ENT-CHAR-0014;ENT-GROUP-0004,Margot Vance:participant;Inquisitor Valerius:participant;Grey Guard:participant,WILD-HUNT,B03-C20-S01,Valerius reveals Grey Guard control and experimental intent,scene-ledger-event-specific,candidate,scaled-reviewed-v1.0,Derived from author-ratified scene ledger major event; no remaining review flag.
N-EVT-B03-C20-S02-001,B03,B03-C20-S02,B03-C20-S02,Wolf hunts Margot through iron forest,narrative_action,ENT-CHAR-0001;ENT-CHAR-0002;ENT-STATE-0002,Jonah Harrow:participant;Margot Vance:participant;Jonah's Wolf:participant,CH20-LOCAL-SEQUENCE,B03-C20-S02,Wolf hunts Margot through iron forest,scene-ledger-event-specific,candidate,candidate-review-flagged,"Derived from author-ratified scene ledger major event; type-review, continuity-group-local"
N-EVT-B03-C20-S02-002,B03,B03-C20-S02,B03-C20-S02,shadow interferes,narrative_action,ENT-CHAR-0001,Jonah Harrow:participant,CH20-LOCAL-SEQUENCE,B03-C20-S02,shadow interferes,scene-ledger-event-specific,candidate,candidate-review-flagged,"Derived from author-ratified scene ledger major event; granularity-review, type-review, continuity-group-local"
N-EVT-B03-C20-S02-003,B03,B03-C20-S02,B03-C20-S02,Margot becomes pages and ash,narrative_action,ENT-CHAR-0001;ENT-CHAR-0002,Jonah Harrow:participant;Margot Vance:participant,CH20-LOCAL-SEQUENCE,B03-C20-S02,Margot becomes pages and ash,scene-ledger-event-specific,candidate,candidate-review-flagged,"Derived from author-ratified scene ledger major event; type-review, continuity-group-local"
N-EVT-B03-C20-S03-001,B03,B03-C20-S03,B03-C20-S03,Margot drags Jonah to safety,narrative_action,ENT-CHAR-0001;ENT-CHAR-0002,Jonah Harrow:participant;Margot Vance:participant,JONAH-INJURY,B03-C20-S03,Margot drags Jonah to safety,scene-ledger-event-specific,candidate,candidate-review-flagged,Derived from author-ratified scene ledger major event; type-review
N-EVT-B03-C20-S03-002,B03,B03-C20-S03,B03-C20-S03,occupied library seen under searchlights,narrative_action,ENT-CHAR-0001,Jonah Harrow:participant,CH20-LOCAL-SEQUENCE,B03-C20-S03,occupied library seen under searchlights,scene-ledger-event-specific,candidate,candidate-review-flagged,"Derived from author-ratified scene ledger major event; type-review, continuity-group-local"
N-EVT-B03-C20-S03-003,B03,B03-C20-S03,B03-C20-S03,Wild Hunt protocol activated,narrative_action,ENT-CHAR-0001,Jonah Harrow:participant,WILD-HUNT,B03-C20-S03,Wild Hunt protocol activated,scene-ledger-event-specific,candidate,candidate-review-flagged,Derived from author-ratified scene ledger major event; type-review
N-EVT-B03-C21-S01-001,B03,B03-C21-S01,B03-C21-S01,Troll barricades built,narrative_action,ENT-CHAR-0001,Jonah Harrow:participant,CH21-LOCAL-SEQUENCE,B03-C21-S01,Troll barricades built,scene-ledger-event-specific,candidate,candidate-review-flagged,"Derived from author-ratified scene ledger major event; granularity-review, type-review, continuity-group-local"
N-EVT-B03-C21-S01-002,B03,B03-C21-S01,B03-C21-S01,wolf trenches dug,narrative_action,ENT-CHAR-0001;ENT-STATE-0002,Jonah Harrow:participant;Jonah's Wolf:participant,CH21-LOCAL-SEQUENCE,B03-C21-S01,wolf trenches dug,scene-ledger-event-specific,candidate,candidate-review-flagged,"Derived from author-ratified scene ledger major event; granularity-review, type-review, continuity-group-local"
N-EVT-B03-C21-S01-003,B03,B03-C21-S01,B03-C21-S01,town fortified,narrative_action,ENT-CHAR-0001,Jonah Harrow:participant,CH21-LOCAL-SEQUENCE,B03-C21-S01,town fortified,scene-ledger-event-specific,candidate,candidate-review-flagged,"Derived from author-ratified scene ledger major event; granularity-review, type-review, continuity-group-local"
N-EVT-B03-C21-S01-004,B03,B03-C21-S01,B03-C21-S01,Jonah recognizes command responsibility,discovery,ENT-CHAR-0001,Jonah Harrow:participant,JONAH-INJURY,B03-C21-S01,Jonah recognizes command responsibility,scene-ledger-event-specific,candidate,scaled-reviewed-v1.0,Derived from author-ratified scene ledger major event; no remaining review flag.
N-EVT-B03-C21-S02-001,B03,B03-C21-S02,B03-C21-S02,Fire Elemental installed in furnace,narrative_action,ENT-CHAR-0001,Jonah Harrow:participant,CH21-LOCAL-SEQUENCE,B03-C21-S02,Fire Elemental installed in furnace,scene-ledger-event-specific,candidate,candidate-review-flagged,"Derived from author-ratified scene ledger major event; type-review, continuity-group-local"
N-EVT-B03-C21-S02-002,B03,B03-C21-S02,B03-C21-S02,ley-line capacitor powered,narrative_action,ENT-CHAR-0001,Jonah Harrow:participant,CH21-LOCAL-SEQUENCE,B03-C21-S02,ley-line capacitor powered,scene-ledger-event-specific,candidate,candidate-review-flagged,"Derived from author-ratified scene ledger major event; granularity-review, type-review, continuity-group-local"
N-EVT-B03-C21-S02-003,B03,B03-C21-S02,B03-C21-S02,wards strengthened,narrative_action,ENT-CHAR-0001,Jonah Harrow:participant,CH21-LOCAL-SEQUENCE,B03-C21-S02,wards strengthened,scene-ledger-event-specific,candidate,candidate-review-flagged,"Derived from author-ratified scene ledger major event; granularity-review, type-review, continuity-group-local"
N-EVT-B03-C21-S03-001,B03,B03-C21-S03,B03-C21-S03,Blade of Silas examined,narrative_action,ENT-CHAR-0001;ENT-CHAR-0017,Jonah Harrow:participant;Silas Blackwood:participant,CH21-LOCAL-SEQUENCE,B03-C21-S03,Blade of Silas examined,scene-ledger-event-specific,candidate,candidate-review-flagged,"Derived from author-ratified scene ledger major event; type-review, continuity-group-local"
N-EVT-B03-C21-S03-002,B03,B03-C21-S03,B03-C21-S03,dark artifacts debated,narrative_action,ENT-CHAR-0001,Jonah Harrow:participant,CH21-LOCAL-SEQUENCE,B03-C21-S03,dark artifacts debated,scene-ledger-event-specific,candidate,candidate-review-flagged,"Derived from author-ratified scene ledger major event; granularity-review, type-review, continuity-group-local"
N-EVT-B03-C21-S03-003,B03,B03-C21-S03,B03-C21-S03,"rifles, armor, and grimoires distributed",narrative_action,ENT-CHAR-0001;ENT-OBJ-0020,Jonah Harrow:participant;Combat Grimoires:participant,ARCHIVES-DEFENSE,B03-C21-S03,"rifles, armor, and grimoires distributed",scene-ledger-event-specific,candidate,candidate-review-flagged,Derived from author-ratified scene ledger major event; type-review
N-EVT-B03-C21-S04-001,B03,B03-C21-S04,B03-C21-S04,Topographic map reviewed,narrative_action,ENT-CHAR-0001,Jonah Harrow:participant,CH21-LOCAL-SEQUENCE,B03-C21-S04,Topographic map reviewed,scene-ledger-event-specific,candidate,candidate-review-flagged,"Derived from author-ratified scene ledger major event; granularity-review, type-review, continuity-group-local"
N-EVT-B03-C21-S04-002,B03,B03-C21-S04,B03-C21-S04,bridge choke point planned,narrative_action,ENT-CHAR-0001,Jonah Harrow:participant,RESISTANCE-MISSION,B03-C21-S04,bridge choke point planned,scene-ledger-event-specific,candidate,candidate-review-flagged,Derived from author-ratified scene ledger major event; type-review
N-EVT-B03-C21-S04-003,B03,B03-C21-S04,B03-C21-S04,Trolls assigned as living armor,narrative_action,ENT-CHAR-0001,Jonah Harrow:participant,CH21-LOCAL-SEQUENCE,B03-C21-S04,Trolls assigned as living armor,scene-ledger-event-specific,candidate,candidate-review-flagged,"Derived from author-ratified scene ledger major event; type-review, continuity-group-local"
N-EVT-B03-C21-S04-004,B03,B03-C21-S04,B03-C21-S04,escape and Scroll contingency discussed,narrative_action,ENT-CHAR-0001;ENT-OBJ-0010,Jonah Harrow:participant;Original Integration Treaty:participant,TREATY-CUSTODY,B03-C21-S04,escape and Scroll contingency discussed,scene-ledger-event-specific,candidate,candidate-review-flagged,Derived from author-ratified scene ledger major event; type-review
N-EVT-B03-C21-S05-001,B03,B03-C21-S05,B03-C21-S05,Jonah rejects abandoning Margot,narrative_action,ENT-CHAR-0001;ENT-CHAR-0002,Jonah Harrow:participant;Margot Vance:participant,JONAH-INJURY,B03-C21-S05,Jonah rejects abandoning Margot,scene-ledger-event-specific,candidate,candidate-review-flagged,Derived from author-ratified scene ledger major event; type-review
N-EVT-B03-C21-S05-002,B03,B03-C21-S05,B03-C21-S05,declares her his anchor,decision,ENT-CHAR-0001,Jonah Harrow:participant,RELATIONSHIP-ESCALATION,B03-C21-S05,declares her his anchor,scene-ledger-event-specific,candidate,scaled-reviewed-v1.0,Derived from author-ratified scene ledger major event; no remaining review flag.
N-EVT-B03-C21-S05-003,B03,B03-C21-S05,B03-C21-S05,emotional confession,narrative_action,ENT-CHAR-0001,Jonah Harrow:participant,CH21-LOCAL-SEQUENCE,B03-C21-S05,emotional confession,scene-ledger-event-specific,candidate,candidate-review-flagged,"Derived from author-ratified scene ledger major event; granularity-review, type-review, continuity-group-local"
N-EVT-B03-C21-S05-004,B03,B03-C21-S05,B03-C21-S05,advancing army detected,narrative_action,ENT-CHAR-0001,Jonah Harrow:participant,CH21-LOCAL-SEQUENCE,B03-C21-S05,advancing army detected,scene-ledger-event-specific,candidate,candidate-review-flagged,"Derived from author-ratified scene ledger major event; granularity-review, type-review, continuity-group-local"
N-EVT-B03-C21-S06-001,B03,B03-C21-S06,B03-C21-S06,Grey Guard legion crosses bridge,narrative_action,ENT-CHAR-0001;ENT-GROUP-0004,Jonah Harrow:participant;Grey Guard:participant,WILD-HUNT,B03-C21-S06,Grey Guard legion crosses bridge,scene-ledger-event-specific,candidate,candidate-review-flagged,Derived from author-ratified scene ledger major event; type-review
N-EVT-B03-C21-S06-002,B03,B03-C21-S06,B03-C21-S06,anti-magic phalanx revealed,narrative_action,ENT-CHAR-0001,Jonah Harrow:participant,CH21-LOCAL-SEQUENCE,B03-C21-S06,anti-magic phalanx revealed,scene-ledger-event-specific,candidate,candidate-review-flagged,"Derived from author-ratified scene ledger major event; granularity-review, type-review, continuity-group-local"
N-EVT-B03-C21-S06-003,B03,B03-C21-S06,B03-C21-S06,Valerius demands surrender,narrative_action,ENT-CHAR-0001;ENT-CHAR-0014,Jonah Harrow:participant;Inquisitor Valerius:participant,FINAL-CONFRONTATION,B03-C21-S06,Valerius demands surrender,scene-ledger-event-specific,candidate,candidate-review-flagged,"Derived from author-ratified scene ledger major event; granularity-review, type-review"
N-EVT-B03-C21-S06-004,B03,B03-C21-S06,B03-C21-S06,town answers with armed defiance,narrative_action,ENT-CHAR-0001,Jonah Harrow:participant,CH21-LOCAL-SEQUENCE,B03-C21-S06,town answers with armed defiance,scene-ledger-event-specific,candidate,candidate-review-flagged,"Derived from author-ratified scene ledger major event; type-review, continuity-group-local"
N-EVT-B03-C22-S01-001,B03,B03-C22-S01,B03-C22-S01,Grey Guard advances,narrative_action,ENT-CHAR-0002;ENT-CHAR-0001;ENT-GROUP-0004,Margot Vance:participant;Jonah Harrow:participant;Grey Guard:participant,WILD-HUNT,B03-C22-S01,Grey Guard advances,scene-ledger-event-specific,candidate,candidate-review-flagged,"Derived from author-ratified scene ledger major event; granularity-review, type-review"
N-EVT-B03-C22-S01-002,B03,B03-C22-S01,B03-C22-S01,trench defense collapses,narrative_action,ENT-CHAR-0002;ENT-CHAR-0001,Margot Vance:participant;Jonah Harrow:participant,CH22-LOCAL-SEQUENCE,B03-C22-S01,trench defense collapses,scene-ledger-event-specific,candidate,candidate-review-flagged,"Derived from author-ratified scene ledger major event; granularity-review, type-review, continuity-group-local"
N-EVT-B03-C22-S01-003,B03,B03-C22-S01,B03-C22-S01,wounded defenders retreat,state_damage,ENT-CHAR-0002;ENT-CHAR-0001,Margot Vance:participant;Jonah Harrow:participant,JONAH-INJURY,B03-C22-S01,wounded defenders retreat,scene-ledger-event-specific,candidate,candidate-review-flagged,Derived from author-ratified scene ledger major event; granularity-review
N-EVT-B03-C22-S01-004,B03,B03-C22-S01,B03-C22-S01,plasma cutter attacks the oak doors,physical_conflict,ENT-CHAR-0002;ENT-CHAR-0001,Margot Vance:participant;Jonah Harrow:participant,CH22-LOCAL-SEQUENCE,B03-C22-S01,plasma cutter attacks the oak doors,scene-ledger-event-specific,candidate,candidate-review-flagged,Derived from author-ratified scene ledger major event; continuity-group-local
N-EVT-B03-C22-S02-001,B03,B03-C22-S02,B03-C22-S02,Oak doors glow from plasma cutter,narrative_action,ENT-CHAR-0002,Margot Vance:participant,CH22-LOCAL-SEQUENCE,B03-C22-S02,Oak doors glow from plasma cutter,scene-ledger-event-specific,candidate,candidate-review-flagged,"Derived from author-ratified scene ledger major event; type-review, continuity-group-local"
N-EVT-B03-C22-S02-002,B03,B03-C22-S02,B03-C22-S02,Grey Guard breaches,movement,ENT-CHAR-0002;ENT-GROUP-0004,Margot Vance:participant;Grey Guard:participant,WILD-HUNT,B03-C22-S02,Grey Guard breaches,scene-ledger-event-specific,candidate,candidate-review-flagged,Derived from author-ratified scene ledger major event; granularity-review
N-EVT-B03-C22-S02-003,B03,B03-C22-S02,B03-C22-S02,Margot positions defenders and prepares floor mechanism,preparation,ENT-CHAR-0002,Margot Vance:participant,CH22-LOCAL-SEQUENCE,B03-C22-S02,Margot positions defenders and prepares floor mechanism,scene-ledger-event-specific,candidate,candidate-review-flagged,Derived from author-ratified scene ledger major event; continuity-group-local
N-EVT-B03-C22-S03-001,B03,B03-C22-S03,B03-C22-S03,Floor rotates,narrative_action,ENT-CHAR-0002;ENT-CHAR-0001,Margot Vance:participant;Jonah Harrow:participant,CH22-LOCAL-SEQUENCE,B03-C22-S03,Floor rotates,scene-ledger-event-specific,candidate,candidate-review-flagged,"Derived from author-ratified scene ledger major event; granularity-review, type-review, continuity-group-local"
N-EVT-B03-C22-S03-002,B03,B03-C22-S03,B03-C22-S03,gravity follows,narrative_action,ENT-CHAR-0002;ENT-CHAR-0001,Margot Vance:participant;Jonah Harrow:participant,CH22-LOCAL-SEQUENCE,B03-C22-S03,gravity follows,scene-ledger-event-specific,candidate,candidate-review-flagged,"Derived from author-ratified scene ledger major event; granularity-review, type-review, continuity-group-local"
N-EVT-B03-C22-S03-003,B03,B03-C22-S03,B03-C22-S03,Grey Guard falls into paradox space,narrative_action,ENT-CHAR-0002;ENT-CHAR-0001;ENT-GROUP-0004,Margot Vance:participant;Jonah Harrow:participant;Grey Guard:participant,WILD-HUNT,B03-C22-S03,Grey Guard falls into paradox space,scene-ledger-event-specific,candidate,candidate-review-flagged,Derived from author-ratified scene ledger major event; type-review
N-EVT-B03-C22-S03-004,B03,B03-C22-S03,B03-C22-S03,Valerius orders reserves,decision,ENT-CHAR-0002;ENT-CHAR-0001;ENT-CHAR-0014,Margot Vance:participant;Jonah Harrow:participant;Inquisitor Valerius:participant,FINAL-CONFRONTATION,B03-C22-S03,Valerius orders reserves,scene-ledger-event-specific,candidate,candidate-review-flagged,Derived from author-ratified scene ledger major event; granularity-review
N-EVT-B03-C22-S04-001,B03,B03-C22-S04,B03-C22-S04,Valerius approaches alone,narrative_action,ENT-CHAR-0001;ENT-CHAR-0014,Jonah Harrow:participant;Inquisitor Valerius:participant,FINAL-CONFRONTATION,B03-C22-S04,Valerius approaches alone,scene-ledger-event-specific,candidate,candidate-review-flagged,"Derived from author-ratified scene ledger major event; granularity-review, type-review"
N-EVT-B03-C22-S04-002,B03,B03-C22-S04,B03-C22-S04,terms exchanged,narrative_action,ENT-CHAR-0001,Jonah Harrow:participant,CH22-LOCAL-SEQUENCE,B03-C22-S04,terms exchanged,scene-ledger-event-specific,candidate,candidate-review-flagged,"Derived from author-ratified scene ledger major event; granularity-review, type-review, continuity-group-local"
N-EVT-B03-C22-S04-003,B03,B03-C22-S04,B03-C22-S04,Margot requests access to the Scroll,narrative_action,ENT-CHAR-0001;ENT-CHAR-0002;ENT-OBJ-0010,Jonah Harrow:participant;Margot Vance:participant;Original Integration Treaty:participant,TREATY-CUSTODY,B03-C22-S04,Margot requests access to the Scroll,scene-ledger-event-specific,candidate,candidate-review-flagged,Derived from author-ratified scene ledger major event; type-review
N-EVT-B03-C22-S04-004,B03,B03-C22-S04,B03-C22-S04,Jonah reads her real plan,narrative_action,ENT-CHAR-0001,Jonah Harrow:participant,JONAH-INJURY,B03-C22-S04,Jonah reads her real plan,scene-ledger-event-specific,candidate,candidate-review-flagged,Derived from author-ratified scene ledger major event; type-review
N-EVT-B03-C22-S05-001,B03,B03-C22-S05,B03-C22-S05,Margot consults the Fire Elemental,narrative_action,ENT-CHAR-0002,Margot Vance:participant,CH22-LOCAL-SEQUENCE,B03-C22-S05,Margot consults the Fire Elemental,scene-ledger-event-specific,candidate,candidate-review-flagged,"Derived from author-ratified scene ledger major event; type-review, continuity-group-local"
N-EVT-B03-C22-S05-002,B03,B03-C22-S05,B03-C22-S05,enemy construct approaches,narrative_action,ENT-CHAR-0002,Margot Vance:participant,CH22-LOCAL-SEQUENCE,B03-C22-S05,enemy construct approaches,scene-ledger-event-specific,candidate,candidate-review-flagged,"Derived from author-ratified scene ledger major event; granularity-review, type-review, continuity-group-local"
N-EVT-B03-C22-S05-003,B03,B03-C22-S05,B03-C22-S05,Siege Golem revealed,narrative_action,ENT-CHAR-0002,Margot Vance:participant,CH22-LOCAL-SEQUENCE,B03-C22-S05,Siege Golem revealed,scene-ledger-event-specific,candidate,candidate-review-flagged,"Derived from author-ratified scene ledger major event; granularity-review, type-review, continuity-group-local"
N-EVT-B03-C22-S06-001,B03,B03-C22-S06,B03-C22-S06,Siege Golem attacks,physical_conflict,ENT-CHAR-0002;ENT-CHAR-0001,Margot Vance:participant;Jonah Harrow:participant,CH22-LOCAL-SEQUENCE,B03-C22-S06,Siege Golem attacks,scene-ledger-event-specific,candidate,candidate-review-flagged,"Derived from author-ratified scene ledger major event; granularity-review, continuity-group-local"
N-EVT-B03-C22-S06-002,B03,B03-C22-S06,B03-C22-S06,Grishka is thrown into fountain,narrative_action,ENT-CHAR-0002;ENT-CHAR-0001;ENT-CHAR-0003,Margot Vance:participant;Jonah Harrow:participant;Grishka:participant,CH22-LOCAL-SEQUENCE,B03-C22-S06,Grishka is thrown into fountain,scene-ledger-event-specific,candidate,candidate-review-flagged,"Derived from author-ratified scene ledger major event; type-review, continuity-group-local"
N-EVT-B03-C22-S06-003,B03,B03-C22-S06,B03-C22-S06,Golem raises both arms to break through,preparation,ENT-CHAR-0002;ENT-CHAR-0001,Margot Vance:participant;Jonah Harrow:participant,CH22-LOCAL-SEQUENCE,B03-C22-S06,Golem raises both arms to break through,scene-ledger-event-specific,candidate,candidate-review-flagged,Derived from author-ratified scene ledger major event; continuity-group-local
N-EVT-B03-C23-S01-001,B03,B03-C23-S01,B03-C23-S01,Golem destroys interior,destruction,ENT-CHAR-0002,Margot Vance:participant,CH23-LOCAL-SEQUENCE,B03-C23-S01,Golem destroys interior,scene-ledger-event-specific,candidate,candidate-review-flagged,"Derived from author-ratified scene ledger major event; granularity-review, continuity-group-local"
N-EVT-B03-C23-S01-002,B03,B03-C23-S01,B03-C23-S01,Grishka wounded,state_damage,ENT-CHAR-0002;ENT-CHAR-0003,Margot Vance:participant;Grishka:participant,JONAH-INJURY,B03-C23-S01,Grishka wounded,scene-ledger-event-specific,candidate,candidate-review-flagged,Derived from author-ratified scene ledger major event; granularity-review
N-EVT-B03-C23-S01-003,B03,B03-C23-S01,B03-C23-S01,Margot analyzes construct rules,narrative_action,ENT-CHAR-0002,Margot Vance:participant,CH23-LOCAL-SEQUENCE,B03-C23-S01,Margot analyzes construct rules,scene-ledger-event-specific,candidate,candidate-review-flagged,"Derived from author-ratified scene ledger major event; type-review, continuity-group-local"
N-EVT-B03-C23-S01-004,B03,B03-C23-S01,B03-C23-S01,loophole idea forms,narrative_action,ENT-CHAR-0002,Margot Vance:participant,CH23-LOCAL-SEQUENCE,B03-C23-S01,loophole idea forms,scene-ledger-event-specific,candidate,candidate-review-flagged,"Derived from author-ratified scene ledger major event; granularity-review, type-review, continuity-group-local"
N-EVT-B03-C23-S02-001,B03,B03-C23-S02,B03-C23-S02,Old Index searched,narrative_action,ENT-CHAR-0002,Margot Vance:participant,CH23-LOCAL-SEQUENCE,B03-C23-S02,Old Index searched,scene-ledger-event-specific,candidate,candidate-review-flagged,"Derived from author-ratified scene ledger major event; granularity-review, type-review, continuity-group-local"
N-EVT-B03-C23-S02-002,B03,B03-C23-S02,B03-C23-S02,Golem classified,narrative_action,ENT-CHAR-0002,Margot Vance:participant,CH23-LOCAL-SEQUENCE,B03-C23-S02,Golem classified,scene-ledger-event-specific,candidate,candidate-review-flagged,"Derived from author-ratified scene ledger major event; granularity-review, type-review, continuity-group-local"
N-EVT-B03-C23-S02-003,B03,B03-C23-S02,B03-C23-S02,Trans-Dimensional Oversize Returns chute requested,narrative_action,ENT-CHAR-0002,Margot Vance:participant,CH23-LOCAL-SEQUENCE,B03-C23-S02,Trans-Dimensional Oversize Returns chute requested,scene-ledger-event-specific,candidate,candidate-review-flagged,"Derived from author-ratified scene ledger major event; type-review, continuity-group-local"
N-EVT-B03-C23-S02-004,B03,B03-C23-S02,B03-C23-S02,Label Gun loaded,narrative_action,ENT-CHAR-0002;ENT-OBJ-0021,Margot Vance:participant;Keeper's Label Gun:participant,CH23-LOCAL-SEQUENCE,B03-C23-S02,Label Gun loaded,scene-ledger-event-specific,candidate,candidate-review-flagged,"Derived from author-ratified scene ledger major event; granularity-review, type-review, continuity-group-local"
N-EVT-B03-C23-S03-001,B03,B03-C23-S03,B03-C23-S03,Margot rides book cart,narrative_action,ENT-CHAR-0002,Margot Vance:participant,CH23-LOCAL-SEQUENCE,B03-C23-S03,Margot rides book cart,scene-ledger-event-specific,candidate,candidate-review-flagged,"Derived from author-ratified scene ledger major event; type-review, continuity-group-local"
N-EVT-B03-C23-S03-002,B03,B03-C23-S03,B03-C23-S03,Jonah shifts and attacks hydraulics,physical_conflict,ENT-CHAR-0002;ENT-CHAR-0001,Margot Vance:participant;Jonah Harrow:participant,JONAH-INJURY,B03-C23-S03,Jonah shifts and attacks hydraulics,scene-ledger-event-specific,candidate,scaled-reviewed-v1.0,Derived from author-ratified scene ledger major event; no remaining review flag.
N-EVT-B03-C23-S03-003,B03,B03-C23-S03,B03-C23-S03,Aleksei distracts,narrative_action,ENT-CHAR-0002;ENT-CHAR-0004,Margot Vance:participant;Aleksei Petrov:participant,CH23-LOCAL-SEQUENCE,B03-C23-S03,Aleksei distracts,scene-ledger-event-specific,candidate,candidate-review-flagged,"Derived from author-ratified scene ledger major event; granularity-review, type-review, continuity-group-local"
N-EVT-B03-C23-S03-004,B03,B03-C23-S03,B03-C23-S03,Label Gun fired,narrative_action,ENT-CHAR-0002;ENT-OBJ-0021,Margot Vance:participant;Keeper's Label Gun:participant,CH23-LOCAL-SEQUENCE,B03-C23-S03,Label Gun fired,scene-ledger-event-specific,candidate,candidate-review-flagged,"Derived from author-ratified scene ledger major event; granularity-review, type-review, continuity-group-local"
N-EVT-B03-C23-S04-001,B03,B03-C23-S04,B03-C23-S04,Golem fights sorting system,physical_conflict,ENT-CHAR-0002,Margot Vance:participant,CH23-LOCAL-SEQUENCE,B03-C23-S04,Golem fights sorting system,scene-ledger-event-specific,candidate,candidate-review-flagged,Derived from author-ratified scene ledger major event; continuity-group-local
N-EVT-B03-C23-S04-002,B03,B03-C23-S04,B03-C23-S04,label smokes,narrative_action,ENT-CHAR-0002,Margot Vance:participant,CH23-LOCAL-SEQUENCE,B03-C23-S04,label smokes,scene-ledger-event-specific,candidate,candidate-review-flagged,"Derived from author-ratified scene ledger major event; granularity-review, type-review, continuity-group-local"
N-EVT-B03-C23-S04-003,B03,B03-C23-S04,B03-C23-S04,stamp identified,narrative_action,ENT-CHAR-0002;ENT-OBJ-0022,Margot Vance:participant;Checkout Stamp:participant,CH23-LOCAL-SEQUENCE,B03-C23-S04,stamp identified,scene-ledger-event-specific,candidate,candidate-review-flagged,"Derived from author-ratified scene ledger major event; granularity-review, type-review, continuity-group-local"
N-EVT-B03-C23-S04-004,B03,B03-C23-S04,B03-C23-S04,fastball launch begins,narrative_action,ENT-CHAR-0002,Margot Vance:participant,CH23-LOCAL-SEQUENCE,B03-C23-S04,fastball launch begins,scene-ledger-event-specific,candidate,candidate-review-flagged,"Derived from author-ratified scene ledger major event; granularity-review, type-review, continuity-group-local"
N-EVT-B03-C23-S05-001,B03,B03-C23-S05,B03-C23-S05,Margot lands on Golem,arrival,ENT-CHAR-0002,Margot Vance:participant,CH23-LOCAL-SEQUENCE,B03-C23-S05,Margot lands on Golem,scene-ledger-event-specific,candidate,candidate-review-flagged,Derived from author-ratified scene ledger major event; continuity-group-local
N-EVT-B03-C23-S05-002,B03,B03-C23-S05,B03-C23-S05,stamps it,narrative_action,ENT-CHAR-0002;ENT-OBJ-0022,Margot Vance:participant;Checkout Stamp:participant,CH23-LOCAL-SEQUENCE,B03-C23-S05,stamps it,scene-ledger-event-specific,candidate,candidate-review-flagged,"Derived from author-ratified scene ledger major event; granularity-review, type-review, continuity-group-local"
N-EVT-B03-C23-S05-003,B03,B03-C23-S05,B03-C23-S05,rollers accelerate,narrative_action,ENT-CHAR-0002,Margot Vance:participant,CH23-LOCAL-SEQUENCE,B03-C23-S05,rollers accelerate,scene-ledger-event-specific,candidate,candidate-review-flagged,"Derived from author-ratified scene ledger major event; granularity-review, type-review, continuity-group-local"
N-EVT-B03-C23-S05-004,B03,B03-C23-S05,B03-C23-S05,Jonah uses Librarian's Shush,narrative_action,ENT-CHAR-0002;ENT-CHAR-0001,Margot Vance:participant;Jonah Harrow:participant,JONAH-INJURY,B03-C23-S05,Jonah uses Librarian's Shush,scene-ledger-event-specific,candidate,candidate-review-flagged,Derived from author-ratified scene ledger major event; type-review
N-EVT-B03-C23-S05-005,B03,B03-C23-S05,B03-C23-S05,Golem falls into vortex,narrative_action,ENT-CHAR-0002,Margot Vance:participant,CH23-LOCAL-SEQUENCE,B03-C23-S05,Golem falls into vortex,scene-ledger-event-specific,candidate,candidate-review-flagged,"Derived from author-ratified scene ledger major event; type-review, continuity-group-local"
N-EVT-B03-C23-S06-001,B03,B03-C23-S06,B03-C23-S06,Casualty check,narrative_action,ENT-CHAR-0002,Margot Vance:participant,CH23-LOCAL-SEQUENCE,B03-C23-S06,Casualty check,scene-ledger-event-specific,candidate,candidate-review-flagged,"Derived from author-ratified scene ledger major event; granularity-review, type-review, continuity-group-local"
N-EVT-B03-C23-S06-002,B03,B03-C23-S06,B03-C23-S06,Grishka survives,narrative_action,ENT-CHAR-0002;ENT-CHAR-0003,Margot Vance:participant;Grishka:participant,CH23-LOCAL-SEQUENCE,B03-C23-S06,Grishka survives,scene-ledger-event-specific,candidate,candidate-review-flagged,"Derived from author-ratified scene ledger major event; granularity-review, type-review, continuity-group-local"
N-EVT-B03-C23-S06-003,B03,B03-C23-S06,B03-C23-S06,Valerius establishes perimeter and containment grid,narrative_action,ENT-CHAR-0002;ENT-CHAR-0014,Margot Vance:participant;Inquisitor Valerius:participant,FINAL-CONFRONTATION,B03-C23-S06,Valerius establishes perimeter and containment grid,scene-ledger-event-specific,candidate,candidate-review-flagged,Derived from author-ratified scene ledger major event; type-review
N-EVT-B03-C23-S06-004,B03,B03-C23-S06,B03-C23-S06,offensive decision,narrative_action,ENT-CHAR-0002,Margot Vance:participant,CH23-LOCAL-SEQUENCE,B03-C23-S06,offensive decision,scene-ledger-event-specific,candidate,candidate-review-flagged,"Derived from author-ratified scene ledger major event; granularity-review, type-review, continuity-group-local"
N-EVT-B03-C24-S01-001,B03,B03-C24-S01,B03-C24-S01,Supply status reviewed,narrative_action,ENT-CHAR-0001,Jonah Harrow:participant,CH24-LOCAL-SEQUENCE,B03-C24-S01,Supply status reviewed,scene-ledger-event-specific,candidate,candidate-review-flagged,"Derived from author-ratified scene ledger major event; granularity-review, type-review, continuity-group-local"
N-EVT-B03-C24-S01-002,B03,B03-C24-S01,B03-C24-S01,jamming analyzed,narrative_action,ENT-CHAR-0001,Jonah Harrow:participant,CH24-LOCAL-SEQUENCE,B03-C24-S01,jamming analyzed,scene-ledger-event-specific,candidate,candidate-review-flagged,"Derived from author-ratified scene ledger major event; granularity-review, type-review, continuity-group-local"
N-EVT-B03-C24-S01-003,B03,B03-C24-S01,B03-C24-S01,logging station identified,narrative_action,ENT-CHAR-0001,Jonah Harrow:participant,CH24-LOCAL-SEQUENCE,B03-C24-S01,logging station identified,scene-ledger-event-specific,candidate,candidate-review-flagged,"Derived from author-ratified scene ledger major event; granularity-review, type-review, continuity-group-local"
N-EVT-B03-C24-S01-004,B03,B03-C24-S01,B03-C24-S01,Aleksei and Sarah join mission,narrative_action,ENT-CHAR-0001;ENT-CHAR-0004;ENT-CHAR-0016,Jonah Harrow:participant;Aleksei Petrov:participant;Sarah:participant,RESISTANCE-MISSION,B03-C24-S01,Aleksei and Sarah join mission,scene-ledger-event-specific,candidate,candidate-review-flagged,Derived from author-ratified scene ledger major event; type-review
N-EVT-B03-C24-S02-001,B03,B03-C24-S02,B03-C24-S02,Coal-chute escape,narrative_action,ENT-CHAR-0001,Jonah Harrow:participant,CH24-LOCAL-SEQUENCE,B03-C24-S02,Coal-chute escape,scene-ledger-event-specific,candidate,candidate-review-flagged,"Derived from author-ratified scene ledger major event; granularity-review, type-review, continuity-group-local"
N-EVT-B03-C24-S02-002,B03,B03-C24-S02,B03-C24-S02,patrol evaded,narrative_action,ENT-CHAR-0001,Jonah Harrow:participant,CH24-LOCAL-SEQUENCE,B03-C24-S02,patrol evaded,scene-ledger-event-specific,candidate,candidate-review-flagged,"Derived from author-ratified scene ledger major event; granularity-review, type-review, continuity-group-local"
N-EVT-B03-C24-S02-003,B03,B03-C24-S02,B03-C24-S02,forest hunt,narrative_action,ENT-CHAR-0001,Jonah Harrow:participant,CH24-LOCAL-SEQUENCE,B03-C24-S02,forest hunt,scene-ledger-event-specific,candidate,candidate-review-flagged,"Derived from author-ratified scene ledger major event; granularity-review, type-review, continuity-group-local"
N-EVT-B03-C24-S02-004,B03,B03-C24-S02,B03-C24-S02,logging station reconnoitered,narrative_action,ENT-CHAR-0001,Jonah Harrow:participant,CH24-LOCAL-SEQUENCE,B03-C24-S02,logging station reconnoitered,scene-ledger-event-specific,candidate,candidate-review-flagged,"Derived from author-ratified scene ledger major event; granularity-review, type-review, continuity-group-local"
N-EVT-B03-C24-S03-001,B03,B03-C24-S03,B03-C24-S03,Guards knocked unconscious,narrative_action,ENT-CHAR-0001,Jonah Harrow:participant,CH24-LOCAL-SEQUENCE,B03-C24-S03,Guards knocked unconscious,scene-ledger-event-specific,candidate,candidate-review-flagged,"Derived from author-ratified scene ledger major event; granularity-review, type-review, continuity-group-local"
N-EVT-B03-C24-S03-002,B03,B03-C24-S03,B03-C24-S03,shack breached,narrative_action,ENT-CHAR-0001,Jonah Harrow:participant,CH24-LOCAL-SEQUENCE,B03-C24-S03,shack breached,scene-ledger-event-specific,candidate,candidate-review-flagged,"Derived from author-ratified scene ledger major event; granularity-review, type-review, continuity-group-local"
N-EVT-B03-C24-S03-003,B03,B03-C24-S03,B03-C24-S03,geothermal backup and transmitter activated,narrative_action,ENT-CHAR-0001;ENT-OBJ-0023,Jonah Harrow:participant;Logging-Station AM Transmitter:participant,CH24-LOCAL-SEQUENCE,B03-C24-S03,geothermal backup and transmitter activated,scene-ledger-event-specific,candidate,candidate-review-flagged,"Derived from author-ratified scene ledger major event; type-review, continuity-group-local"
N-EVT-B03-C24-S04-001,B03,B03-C24-S04,B03-C24-S04,"Jonah broadcasts town identity, siege facts, and plea for witnesses",disclosure,ENT-CHAR-0001,Jonah Harrow:participant,JONAH-INJURY,B03-C24-S04,"Jonah broadcasts town identity, siege facts, and plea for witnesses",scene-ledger-event-specific,candidate,scaled-reviewed-v1.0,Derived from author-ratified scene ledger major event; no remaining review flag.
N-EVT-B03-C24-S04-002,B03,B03-C24-S04,B03-C24-S04,transmitter destroyed,narrative_action,ENT-CHAR-0001;ENT-OBJ-0023,Jonah Harrow:participant;Logging-Station AM Transmitter:participant,CH24-LOCAL-SEQUENCE,B03-C24-S04,transmitter destroyed,scene-ledger-event-specific,candidate,candidate-review-flagged,"Derived from author-ratified scene ledger major event; granularity-review, type-review, continuity-group-local"
N-EVT-B03-C24-S04-003,B03,B03-C24-S04,B03-C24-S04,escape begins,narrative_action,ENT-CHAR-0001,Jonah Harrow:participant,CH24-LOCAL-SEQUENCE,B03-C24-S04,escape begins,scene-ledger-event-specific,candidate,candidate-review-flagged,"Derived from author-ratified scene ledger major event; granularity-review, type-review, continuity-group-local"
N-EVT-B03-C24-S05-001,B03,B03-C24-S05,B03-C24-S05,Team scatters,narrative_action,ENT-CHAR-0001,Jonah Harrow:participant,CH24-LOCAL-SEQUENCE,B03-C24-S05,Team scatters,scene-ledger-event-specific,candidate,candidate-review-flagged,"Derived from author-ratified scene ledger major event; granularity-review, type-review, continuity-group-local"
N-EVT-B03-C24-S05-002,B03,B03-C24-S05,B03-C24-S05,Jonah full-shifts,transformation,ENT-CHAR-0001,Jonah Harrow:participant,JONAH-INJURY,B03-C24-S05,Jonah full-shifts,scene-ledger-event-specific,candidate,candidate-review-flagged,Derived from author-ratified scene ledger major event; granularity-review
N-EVT-B03-C24-S05-003,B03,B03-C24-S05,B03-C24-S05,net and taser strike,narrative_action,ENT-CHAR-0001,Jonah Harrow:participant,CH24-LOCAL-SEQUENCE,B03-C24-S05,net and taser strike,scene-ledger-event-specific,candidate,candidate-review-flagged,"Derived from author-ratified scene ledger major event; type-review, continuity-group-local"
N-EVT-B03-C24-S05-004,B03,B03-C24-S05,B03-C24-S05,earth roots attack soldiers,narrative_action,ENT-CHAR-0001,Jonah Harrow:participant,CH24-LOCAL-SEQUENCE,B03-C24-S05,earth roots attack soldiers,scene-ledger-event-specific,candidate,candidate-review-flagged,"Derived from author-ratified scene ledger major event; type-review, continuity-group-local"
N-EVT-B03-C24-S05-005,B03,B03-C24-S05,B03-C24-S05,cliff jump,narrative_action,ENT-CHAR-0001,Jonah Harrow:participant,CH24-LOCAL-SEQUENCE,B03-C24-S05,cliff jump,scene-ledger-event-specific,candidate,candidate-review-flagged,"Derived from author-ratified scene ledger major event; granularity-review, type-review, continuity-group-local"
N-EVT-B03-C24-S06-001,B03,B03-C24-S06,B03-C24-S06,Jonah falls into icy river,narrative_action,ENT-CHAR-0001,Jonah Harrow:participant,JONAH-INJURY,B03-C24-S06,Jonah falls into icy river,scene-ledger-event-specific,candidate,candidate-review-flagged,Derived from author-ratified scene ledger major event; type-review
N-EVT-B03-C24-S06-002,B03,B03-C24-S06,B03-C24-S06,reaches bank naked and exhausted,movement,ENT-CHAR-0001,Jonah Harrow:participant,CH24-LOCAL-SEQUENCE,B03-C24-S06,reaches bank naked and exhausted,scene-ledger-event-specific,candidate,candidate-review-flagged,Derived from author-ratified scene ledger major event; continuity-group-local
N-EVT-B03-C24-S06-003,B03,B03-C24-S06,B03-C24-S06,civilian convoy approaches town,narrative_action,ENT-CHAR-0001,Jonah Harrow:participant,CH24-LOCAL-SEQUENCE,B03-C24-S06,civilian convoy approaches town,scene-ledger-event-specific,candidate,candidate-review-flagged,"Derived from author-ratified scene ledger major event; type-review, continuity-group-local"
N-EVT-B03-C25-S01-001,B03,B03-C25-S01,B03-C25-S01,Jonah returns through coal chute,narrative_action,ENT-CHAR-0002;ENT-CHAR-0001,Margot Vance:participant;Jonah Harrow:participant,JONAH-INJURY,B03-C25-S01,Jonah returns through coal chute,scene-ledger-event-specific,candidate,candidate-review-flagged,Derived from author-ratified scene ledger major event; type-review
N-EVT-B03-C25-S01-002,B03,B03-C25-S01,B03-C25-S01,reunion,narrative_action,ENT-CHAR-0002;ENT-CHAR-0001,Margot Vance:participant;Jonah Harrow:participant,CH25-LOCAL-SEQUENCE,B03-C25-S01,reunion,scene-ledger-event-specific,candidate,candidate-review-flagged,"Derived from author-ratified scene ledger major event; granularity-review, type-review, continuity-group-local"
N-EVT-B03-C25-S01-003,B03,B03-C25-S01,B03-C25-S01,broadcast success confirmed,narrative_action,ENT-CHAR-0002;ENT-CHAR-0001,Margot Vance:participant;Jonah Harrow:participant,TOWN-HALL-UPRISING,B03-C25-S01,broadcast success confirmed,scene-ledger-event-specific,candidate,candidate-review-flagged,"Derived from author-ratified scene ledger major event; granularity-review, type-review"
N-EVT-B03-C25-S01-004,B03,B03-C25-S01,B03-C25-S01,Jonah treated for cold exposure,narrative_action,ENT-CHAR-0002;ENT-CHAR-0001,Margot Vance:participant;Jonah Harrow:participant,JONAH-INJURY,B03-C25-S01,Jonah treated for cold exposure,scene-ledger-event-specific,candidate,candidate-review-flagged,Derived from author-ratified scene ledger major event; type-review
N-EVT-B03-C25-S02-001,B03,B03-C25-S02,B03-C25-S02,Convoy arrives,arrival,ENT-CHAR-0001,Jonah Harrow:participant,CH25-LOCAL-SEQUENCE,B03-C25-S02,Convoy arrives,scene-ledger-event-specific,candidate,candidate-review-flagged,"Derived from author-ratified scene ledger major event; granularity-review, continuity-group-local"
N-EVT-B03-C25-S02-002,B03,B03-C25-S02,B03-C25-S02,cameras record,narrative_action,ENT-CHAR-0001,Jonah Harrow:participant,CH25-LOCAL-SEQUENCE,B03-C25-S02,cameras record,scene-ledger-event-specific,candidate,candidate-review-flagged,"Derived from author-ratified scene ledger major event; granularity-review, type-review, continuity-group-local"
N-EVT-B03-C25-S02-003,B03,B03-C25-S02,B03-C25-S02,Jonah confronts Valerius,narrative_action,ENT-CHAR-0001;ENT-CHAR-0014,Jonah Harrow:participant;Inquisitor Valerius:participant,JONAH-INJURY,B03-C25-S02,Jonah confronts Valerius,scene-ledger-event-specific,candidate,candidate-review-flagged,"Derived from author-ratified scene ledger major event; granularity-review, type-review"
N-EVT-B03-C25-S02-004,B03,B03-C25-S02,B03-C25-S02,Valerius triggers backup system,narrative_action,ENT-CHAR-0001;ENT-CHAR-0014,Jonah Harrow:participant;Inquisitor Valerius:participant,FINAL-CONFRONTATION,B03-C25-S02,Valerius triggers backup system,scene-ledger-event-specific,candidate,candidate-review-flagged,Derived from author-ratified scene ledger major event; type-review
N-EVT-B03-C25-S03-001,B03,B03-C25-S03,B03-C25-S03,Backup signal disperses,narrative_action,ENT-CHAR-0002,Margot Vance:participant,CH25-LOCAL-SEQUENCE,B03-C25-S03,Backup signal disperses,scene-ledger-event-specific,candidate,candidate-review-flagged,"Derived from author-ratified scene ledger major event; granularity-review, type-review, continuity-group-local"
N-EVT-B03-C25-S03-002,B03,B03-C25-S03,B03-C25-S03,"Trolls, Vampires, and Wolves go feral",narrative_action,ENT-CHAR-0002,Margot Vance:participant,CH25-LOCAL-SEQUENCE,B03-C25-S03,"Trolls, Vampires, and Wolves go feral",scene-ledger-event-specific,candidate,candidate-review-flagged,"Derived from author-ratified scene ledger major event; type-review, continuity-group-local"
N-EVT-B03-C25-S03-003,B03,B03-C25-S03,B03-C25-S03,civilians and cameramen are attacked,narrative_action,ENT-CHAR-0002,Margot Vance:participant,CH25-LOCAL-SEQUENCE,B03-C25-S03,civilians and cameramen are attacked,scene-ledger-event-specific,candidate,candidate-review-flagged,"Derived from author-ratified scene ledger major event; type-review, continuity-group-local"
N-EVT-B03-C25-S04-001,B03,B03-C25-S04,B03-C25-S04,Grey Guard uses tranquilizer fire to shape violence toward cameras,narrative_action,ENT-CHAR-0002;ENT-CHAR-0001;ENT-GROUP-0004,Margot Vance:participant;Jonah Harrow:participant;Grey Guard:participant,WILD-HUNT,B03-C25-S04,Grey Guard uses tranquilizer fire to shape violence toward cameras,scene-ledger-event-specific,candidate,candidate-review-flagged,Derived from author-ratified scene ledger major event; type-review
N-EVT-B03-C25-S04-002,B03,B03-C25-S04,B03-C25-S04,defenders lose control,narrative_action,ENT-CHAR-0002;ENT-CHAR-0001,Margot Vance:participant;Jonah Harrow:participant,CH25-LOCAL-SEQUENCE,B03-C25-S04,defenders lose control,scene-ledger-event-specific,candidate,candidate-review-flagged,"Derived from author-ratified scene ledger major event; granularity-review, type-review, continuity-group-local"
N-EVT-B03-C25-S04-003,B03,B03-C25-S04,B03-C25-S04,Margot dragged inside,narrative_action,ENT-CHAR-0001;ENT-CHAR-0002,Jonah Harrow:participant;Margot Vance:participant,CH25-LOCAL-SEQUENCE,B03-C25-S04,Margot dragged inside,scene-ledger-event-specific,candidate,candidate-review-flagged,"Derived from author-ratified scene ledger major event; granularity-review, type-review, continuity-group-local"
N-EVT-B03-C25-S04-004,B03,B03-C25-S04,B03-C25-S04,Jonah left outside,narrative_action,ENT-CHAR-0002;ENT-CHAR-0001,Margot Vance:participant;Jonah Harrow:participant,JONAH-INJURY,B03-C25-S04,Jonah left outside,scene-ledger-event-specific,candidate,candidate-review-flagged,"Derived from author-ratified scene ledger major event; granularity-review, type-review"
N-EVT-B03-C25-S05-001,B03,B03-C25-S05,B03-C25-S05,Margot commits to catching Jonah,decision,ENT-CHAR-0001;ENT-CHAR-0002,Jonah Harrow:participant;Margot Vance:participant,JONAH-INJURY,B03-C25-S05,Margot commits to catching Jonah,scene-ledger-event-specific,candidate,scaled-reviewed-v1.0,Derived from author-ratified scene ledger major event; no remaining review flag.
N-EVT-B03-C25-S05-002,B03,B03-C25-S05,B03-C25-S05,alchemy station assembled,narrative_action,ENT-CHAR-0002,Margot Vance:participant,CH25-LOCAL-SEQUENCE,B03-C25-S05,alchemy station assembled,scene-ledger-event-specific,candidate,candidate-review-flagged,"Derived from author-ratified scene ledger major event; granularity-review, type-review, continuity-group-local"
N-EVT-B03-C25-S05-003,B03,B03-C25-S05,B03-C25-S05,cure plan formed,narrative_action,ENT-CHAR-0002;ENT-OBJ-0024,Margot Vance:participant;Dragon's-Blood Antiviral Cure:participant,RESISTANCE-MISSION,B03-C25-S05,cure plan formed,scene-ledger-event-specific,candidate,candidate-review-flagged,"Derived from author-ratified scene ledger major event; granularity-review, type-review"
N-EVT-B03-C25-S06-001,B03,B03-C25-S06,B03-C25-S06,Alchemy workspace prepared,narrative_action,ENT-CHAR-0002,Margot Vance:participant,CH25-LOCAL-SEQUENCE,B03-C25-S06,Alchemy workspace prepared,scene-ledger-event-specific,candidate,candidate-review-flagged,"Derived from author-ratified scene ledger major event; granularity-review, type-review, continuity-group-local"
N-EVT-B03-C25-S06-002,B03,B03-C25-S06,B03-C25-S06,dragon's blood antiviral process initiated,narrative_action,ENT-CHAR-0002,Margot Vance:participant,CURE-DELIVERY,B03-C25-S06,dragon's blood antiviral process initiated,scene-ledger-event-specific,candidate,candidate-review-flagged,Derived from author-ratified scene ledger major event; type-review
N-EVT-B03-C26-S01-001,B03,B03-C26-S01,B03-C26-S01,Virus intensifies,narrative_action,ENT-CHAR-0001,Jonah Harrow:participant,CH26-LOCAL-SEQUENCE,B03-C26-S01,Virus intensifies,scene-ledger-event-specific,candidate,candidate-review-flagged,"Derived from author-ratified scene ledger major event; granularity-review, type-review, continuity-group-local"
N-EVT-B03-C26-S01-002,B03,B03-C26-S01,B03-C26-S01,hallucinations begin,narrative_action,ENT-CHAR-0001,Jonah Harrow:participant,CH26-LOCAL-SEQUENCE,B03-C26-S01,hallucinations begin,scene-ledger-event-specific,candidate,candidate-review-flagged,"Derived from author-ratified scene ledger major event; granularity-review, type-review, continuity-group-local"
N-EVT-B03-C26-S01-003,B03,B03-C26-S01,B03-C26-S01,rat killed,narrative_action,ENT-CHAR-0001,Jonah Harrow:participant,CH26-LOCAL-SEQUENCE,B03-C26-S01,rat killed,scene-ledger-event-specific,candidate,candidate-review-flagged,"Derived from author-ratified scene ledger major event; granularity-review, type-review, continuity-group-local"
N-EVT-B03-C26-S01-004,B03,B03-C26-S01,B03-C26-S01,Jonah uses scent to navigate,narrative_action,ENT-CHAR-0001,Jonah Harrow:participant,JONAH-INJURY,B03-C26-S01,Jonah uses scent to navigate,scene-ledger-event-specific,candidate,candidate-review-flagged,Derived from author-ratified scene ledger major event; type-review
N-EVT-B03-C26-S02-001,B03,B03-C26-S02,B03-C26-S02,Ruined bar explored,narrative_action,ENT-CHAR-0001,Jonah Harrow:participant,CH26-LOCAL-SEQUENCE,B03-C26-S02,Ruined bar explored,scene-ledger-event-specific,candidate,candidate-review-flagged,"Derived from author-ratified scene ledger major event; granularity-review, type-review, continuity-group-local"
N-EVT-B03-C26-S02-002,B03,B03-C26-S02,B03-C26-S02,whiskey used to blunt rage,narrative_action,ENT-CHAR-0001,Jonah Harrow:participant,CH26-LOCAL-SEQUENCE,B03-C26-S02,whiskey used to blunt rage,scene-ledger-event-specific,candidate,candidate-review-flagged,"Derived from author-ratified scene ledger major event; type-review, continuity-group-local"
N-EVT-B03-C26-S02-003,B03,B03-C26-S02,B03-C26-S02,civilian enters,movement,ENT-CHAR-0001,Jonah Harrow:participant,CH26-LOCAL-SEQUENCE,B03-C26-S02,civilian enters,scene-ledger-event-specific,candidate,candidate-review-flagged,"Derived from author-ratified scene ledger major event; granularity-review, continuity-group-local"
N-EVT-B03-C26-S02-004,B03,B03-C26-S02,B03-C26-S02,Jonah resists attack,narrative_action,ENT-CHAR-0001,Jonah Harrow:participant,JONAH-INJURY,B03-C26-S02,Jonah resists attack,scene-ledger-event-specific,candidate,candidate-review-flagged,"Derived from author-ratified scene ledger major event; granularity-review, type-review"
N-EVT-B03-C26-S03-001,B03,B03-C26-S03,B03-C26-S03,Jonah locks himself in drunk tank,narrative_action,ENT-CHAR-0001,Jonah Harrow:participant,JONAH-INJURY,B03-C26-S03,Jonah locks himself in drunk tank,scene-ledger-event-specific,candidate,candidate-review-flagged,Derived from author-ratified scene ledger major event; type-review
N-EVT-B03-C26-S03-002,B03,B03-C26-S03,B03-C26-S03,hallucinations worsen,narrative_action,ENT-CHAR-0001,Jonah Harrow:participant,CH26-LOCAL-SEQUENCE,B03-C26-S03,hallucinations worsen,scene-ledger-event-specific,candidate,candidate-review-flagged,"Derived from author-ratified scene ledger major event; granularity-review, type-review, continuity-group-local"
N-EVT-B03-C26-S03-003,B03,B03-C26-S03,B03-C26-S03,CCTV contact with Margot established,narrative_action,ENT-CHAR-0001;ENT-CHAR-0002,Jonah Harrow:participant;Margot Vance:participant,CH26-LOCAL-SEQUENCE,B03-C26-S03,CCTV contact with Margot established,scene-ledger-event-specific,candidate,candidate-review-flagged,"Derived from author-ratified scene ledger major event; type-review, continuity-group-local"
N-EVT-B03-C26-S04-001,B03,B03-C26-S04,B03-C26-S04,Kill squad arrives,arrival,ENT-CHAR-0001,Jonah Harrow:participant,CH26-LOCAL-SEQUENCE,B03-C26-S04,Kill squad arrives,scene-ledger-event-specific,candidate,candidate-review-flagged,"Derived from author-ratified scene ledger major event; granularity-review, continuity-group-local"
N-EVT-B03-C26-S04-002,B03,B03-C26-S04,B03-C26-S04,Margot activates PA counter-signal,narrative_action,ENT-CHAR-0001;ENT-CHAR-0002,Jonah Harrow:participant;Margot Vance:participant,CH26-LOCAL-SEQUENCE,B03-C26-S04,Margot activates PA counter-signal,scene-ledger-event-specific,candidate,candidate-review-flagged,"Derived from author-ratified scene ledger major event; type-review, continuity-group-local"
N-EVT-B03-C26-S04-003,B03,B03-C26-S04,B03-C26-S04,Jonah vomits black ichor,narrative_action,ENT-CHAR-0001,Jonah Harrow:participant,JONAH-INJURY,B03-C26-S04,Jonah vomits black ichor,scene-ledger-event-specific,candidate,candidate-review-flagged,Derived from author-ratified scene ledger major event; type-review
N-EVT-B03-C26-S04-004,B03,B03-C26-S04,B03-C26-S04,rifles aimed,narrative_action,ENT-CHAR-0001,Jonah Harrow:participant,CH26-LOCAL-SEQUENCE,B03-C26-S04,rifles aimed,scene-ledger-event-specific,candidate,candidate-review-flagged,"Derived from author-ratified scene ledger major event; granularity-review, type-review, continuity-group-local"
N-EVT-B03-C26-S05-001,B03,B03-C26-S05,B03-C26-S05,Lights fail,narrative_action,ENT-CHAR-0001,Jonah Harrow:participant,CH26-LOCAL-SEQUENCE,B03-C26-S05,Lights fail,scene-ledger-event-specific,candidate,candidate-review-flagged,"Derived from author-ratified scene ledger major event; granularity-review, type-review, continuity-group-local"
N-EVT-B03-C26-S05-002,B03,B03-C26-S05,B03-C26-S05,Silas attacks soldiers,physical_conflict,ENT-CHAR-0001;ENT-CHAR-0017,Jonah Harrow:participant;Silas Blackwood:participant,CH26-LOCAL-SEQUENCE,B03-C26-S05,Silas attacks soldiers,scene-ledger-event-specific,candidate,candidate-review-flagged,"Derived from author-ratified scene ledger major event; granularity-review, continuity-group-local"
N-EVT-B03-C26-S05-003,B03,B03-C26-S05,B03-C26-S05,lock rusts away,narrative_action,ENT-CHAR-0001,Jonah Harrow:participant,CH26-LOCAL-SEQUENCE,B03-C26-S05,lock rusts away,scene-ledger-event-specific,candidate,candidate-review-flagged,"Derived from author-ratified scene ledger major event; granularity-review, type-review, continuity-group-local"
N-EVT-B03-C26-S05-004,B03,B03-C26-S05,B03-C26-S05,Jonah freed,narrative_action,ENT-CHAR-0001,Jonah Harrow:participant,JONAH-INJURY,B03-C26-S05,Jonah freed,scene-ledger-event-specific,candidate,candidate-review-flagged,"Derived from author-ratified scene ledger major event; granularity-review, type-review"
N-EVT-B03-C26-S06-001,B03,B03-C26-S06,B03-C26-S06,Silas uses Notice-Me-Not and blind door,narrative_action,ENT-CHAR-0001;ENT-CHAR-0017,Jonah Harrow:participant;Silas Blackwood:participant,CH26-LOCAL-SEQUENCE,B03-C26-S06,Silas uses Notice-Me-Not and blind door,scene-ledger-event-specific,candidate,candidate-review-flagged,"Derived from author-ratified scene ledger major event; type-review, continuity-group-local"
N-EVT-B03-C26-S06-002,B03,B03-C26-S06,B03-C26-S06,reunion in B4,narrative_action,ENT-CHAR-0001,Jonah Harrow:participant,CH26-LOCAL-SEQUENCE,B03-C26-S06,reunion in B4,scene-ledger-event-specific,candidate,candidate-review-flagged,"Derived from author-ratified scene ledger major event; granularity-review, type-review, continuity-group-local"
N-EVT-B03-C26-S06-003,B03,B03-C26-S06,B03-C26-S06,virus mechanism explained,narrative_action,ENT-CHAR-0001,Jonah Harrow:participant,CH26-LOCAL-SEQUENCE,B03-C26-S06,virus mechanism explained,scene-ledger-event-specific,candidate,candidate-review-flagged,"Derived from author-ratified scene ledger major event; granularity-review, type-review, continuity-group-local"
N-EVT-B03-C26-S06-004,B03,B03-C26-S06,B03-C26-S06,train robbery proposed,narrative_action,ENT-CHAR-0001,Jonah Harrow:participant,CH26-LOCAL-SEQUENCE,B03-C26-S06,train robbery proposed,scene-ledger-event-specific,candidate,candidate-review-flagged,"Derived from author-ratified scene ledger major event; granularity-review, type-review, continuity-group-local"
N-EVT-B03-C27-S01-001,B03,B03-C27-S01,B03-C27-S01,Train layout reviewed,narrative_action,ENT-CHAR-0002,Margot Vance:participant,CH27-LOCAL-SEQUENCE,B03-C27-S01,Train layout reviewed,scene-ledger-event-specific,candidate,candidate-review-flagged,"Derived from author-ratified scene ledger major event; granularity-review, type-review, continuity-group-local"
N-EVT-B03-C27-S01-002,B03,B03-C27-S01,B03-C27-S01,derailment rejected,narrative_action,ENT-CHAR-0002,Margot Vance:participant,CH27-LOCAL-SEQUENCE,B03-C27-S01,derailment rejected,scene-ledger-event-specific,candidate,candidate-review-flagged,"Derived from author-ratified scene ledger major event; granularity-review, type-review, continuity-group-local"
N-EVT-B03-C27-S01-003,B03,B03-C27-S01,B03-C27-S01,boarding strategy formed,narrative_action,ENT-CHAR-0002,Margot Vance:participant,CH27-LOCAL-SEQUENCE,B03-C27-S01,boarding strategy formed,scene-ledger-event-specific,candidate,candidate-review-flagged,"Derived from author-ratified scene ledger major event; granularity-review, type-review, continuity-group-local"
N-EVT-B03-C27-S01-004,B03,B03-C27-S01,B03-C27-S01,zip-line tower selected,narrative_action,ENT-CHAR-0002,Margot Vance:participant,EMITTER-SABOTAGE,B03-C27-S01,zip-line tower selected,scene-ledger-event-specific,candidate,candidate-review-flagged,"Derived from author-ratified scene ledger major event; granularity-review, type-review"
N-EVT-B03-C27-S02-001,B03,B03-C27-S02,B03-C27-S02,Tower climbed,narrative_action,ENT-CHAR-0002,Margot Vance:participant,EMITTER-SABOTAGE,B03-C27-S02,Tower climbed,scene-ledger-event-specific,candidate,candidate-review-flagged,"Derived from author-ratified scene ledger major event; granularity-review, type-review"
N-EVT-B03-C27-S02-002,B03,B03-C27-S02,B03-C27-S02,Iron Horse approaches,narrative_action,ENT-CHAR-0002;ENT-OBJ-0034,Margot Vance:participant;Iron Horse:participant,IRON-HORSE,B03-C27-S02,Iron Horse approaches,scene-ledger-event-specific,candidate,candidate-review-flagged,"Derived from author-ratified scene ledger major event; granularity-review, type-review"
N-EVT-B03-C27-S02-003,B03,B03-C27-S02,B03-C27-S02,zip-line route assessed,narrative_action,ENT-CHAR-0002,Margot Vance:participant,CH27-LOCAL-SEQUENCE,B03-C27-S02,zip-line route assessed,scene-ledger-event-specific,candidate,candidate-review-flagged,"Derived from author-ratified scene ledger major event; granularity-review, type-review, continuity-group-local"
N-EVT-B03-C27-S02-004,B03,B03-C27-S02,B03-C27-S02,Aleksei jumps,narrative_action,ENT-CHAR-0002;ENT-CHAR-0004,Margot Vance:participant;Aleksei Petrov:participant,CH27-LOCAL-SEQUENCE,B03-C27-S02,Aleksei jumps,scene-ledger-event-specific,candidate,candidate-review-flagged,"Derived from author-ratified scene ledger major event; granularity-review, type-review, continuity-group-local"
N-EVT-B03-C27-S03-001,B03,B03-C27-S03,B03-C27-S03,Aleksei disables turret,physical_conflict,ENT-CHAR-0002;ENT-CHAR-0004,Margot Vance:participant;Aleksei Petrov:participant,CH27-LOCAL-SEQUENCE,B03-C27-S03,Aleksei disables turret,scene-ledger-event-specific,candidate,candidate-review-flagged,"Derived from author-ratified scene ledger major event; granularity-review, continuity-group-local"
N-EVT-B03-C27-S03-002,B03,B03-C27-S03,B03-C27-S03,Margot and others zip-line aboard,narrative_action,ENT-CHAR-0002,Margot Vance:participant,CH27-LOCAL-SEQUENCE,B03-C27-S03,Margot and others zip-line aboard,scene-ledger-event-specific,candidate,candidate-review-flagged,"Derived from author-ratified scene ledger major event; type-review, continuity-group-local"
N-EVT-B03-C27-S03-003,B03,B03-C27-S03,B03-C27-S03,Jonah destroys mounted gun,destruction,ENT-CHAR-0002;ENT-CHAR-0001,Margot Vance:participant;Jonah Harrow:participant,JONAH-INJURY,B03-C27-S03,Jonah destroys mounted gun,scene-ledger-event-specific,candidate,scaled-reviewed-v1.0,Derived from author-ratified scene ledger major event; no remaining review flag.
N-EVT-B03-C27-S03-004,B03,B03-C27-S03,B03-C27-S03,hatch decoded,narrative_action,ENT-CHAR-0002,Margot Vance:participant,CH27-LOCAL-SEQUENCE,B03-C27-S03,hatch decoded,scene-ledger-event-specific,candidate,candidate-review-flagged,"Derived from author-ratified scene ledger major event; granularity-review, type-review, continuity-group-local"
N-EVT-B03-C27-S04-001,B03,B03-C27-S04,B03-C27-S04,Server-car firefight,narrative_action,ENT-CHAR-0002,Margot Vance:participant,CH27-LOCAL-SEQUENCE,B03-C27-S04,Server-car firefight,scene-ledger-event-specific,candidate,candidate-review-flagged,"Derived from author-ratified scene ledger major event; granularity-review, type-review, continuity-group-local"
N-EVT-B03-C27-S04-002,B03,B03-C27-S04,B03-C27-S04,Shock Troopers defeated,narrative_action,ENT-CHAR-0002,Margot Vance:participant,CH27-LOCAL-SEQUENCE,B03-C27-S04,Shock Troopers defeated,scene-ledger-event-specific,candidate,candidate-review-flagged,"Derived from author-ratified scene ledger major event; granularity-review, type-review, continuity-group-local"
N-EVT-B03-C27-S04-003,B03,B03-C27-S04,B03-C27-S04,telemetry examined,narrative_action,ENT-CHAR-0002,Margot Vance:participant,CH27-LOCAL-SEQUENCE,B03-C27-S04,telemetry examined,scene-ledger-event-specific,candidate,candidate-review-flagged,"Derived from author-ratified scene ledger major event; granularity-review, type-review, continuity-group-local"
N-EVT-B03-C27-S04-004,B03,B03-C27-S04,B03-C27-S04,Jackson Harrow identified as fuel,narrative_action,ENT-CHAR-0002,Margot Vance:participant,CH27-LOCAL-SEQUENCE,B03-C27-S04,Jackson Harrow identified as fuel,scene-ledger-event-specific,candidate,candidate-review-flagged,"Derived from author-ratified scene ledger major event; type-review, continuity-group-local"
N-EVT-B03-C27-S05-001,B03,B03-C27-S05,B03-C27-S05,Jonah charges through sleeper car,narrative_action,ENT-CHAR-0002;ENT-CHAR-0001,Margot Vance:participant;Jonah Harrow:participant,JONAH-INJURY,B03-C27-S05,Jonah charges through sleeper car,scene-ledger-event-specific,candidate,candidate-review-flagged,Derived from author-ratified scene ledger major event; type-review
N-EVT-B03-C27-S05-002,B03,B03-C27-S05,B03-C27-S05,guards defeated,narrative_action,ENT-CHAR-0002;ENT-CHAR-0001,Margot Vance:participant;Jonah Harrow:participant,CH27-LOCAL-SEQUENCE,B03-C27-S05,guards defeated,scene-ledger-event-specific,candidate,candidate-review-flagged,"Derived from author-ratified scene ledger major event; granularity-review, type-review, continuity-group-local"
N-EVT-B03-C27-S05-003,B03,B03-C27-S05,B03-C27-S05,Valerius confronted,narrative_action,ENT-CHAR-0002;ENT-CHAR-0001;ENT-CHAR-0014,Margot Vance:participant;Jonah Harrow:participant;Inquisitor Valerius:participant,FINAL-CONFRONTATION,B03-C27-S05,Valerius confronted,scene-ledger-event-specific,candidate,candidate-review-flagged,"Derived from author-ratified scene ledger major event; granularity-review, type-review"
N-EVT-B03-C27-S05-004,B03,B03-C27-S05,B03-C27-S05,dam collision announced,narrative_action,ENT-CHAR-0002;ENT-CHAR-0001,Margot Vance:participant;Jonah Harrow:participant,CH27-LOCAL-SEQUENCE,B03-C27-S05,dam collision announced,scene-ledger-event-specific,candidate,candidate-review-flagged,"Derived from author-ratified scene ledger major event; granularity-review, type-review, continuity-group-local"
N-EVT-B03-C28-S01-001,B03,B03-C28-S01,B03-C28-S01,Jonah fights Valerius,physical_conflict,ENT-CHAR-0002;ENT-CHAR-0001;ENT-CHAR-0014,Margot Vance:participant;Jonah Harrow:participant;Inquisitor Valerius:participant,JONAH-INJURY,B03-C28-S01,Jonah fights Valerius,scene-ledger-event-specific,candidate,candidate-review-flagged,Derived from author-ratified scene ledger major event; granularity-review
N-EVT-B03-C28-S01-002,B03,B03-C28-S01,B03-C28-S01,Margot attacks Jackson's tank,physical_conflict,ENT-CHAR-0001;ENT-CHAR-0002,Jonah Harrow:participant;Margot Vance:participant,CH28-LOCAL-SEQUENCE,B03-C28-S01,Margot attacks Jackson's tank,scene-ledger-event-specific,candidate,candidate-review-flagged,Derived from author-ratified scene ledger major event; continuity-group-local
N-EVT-B03-C28-S01-003,B03,B03-C28-S01,B03-C28-S01,throttle control is destroyed,narrative_action,ENT-CHAR-0002;ENT-CHAR-0001,Margot Vance:participant;Jonah Harrow:participant,CH28-LOCAL-SEQUENCE,B03-C28-S01,throttle control is destroyed,scene-ledger-event-specific,candidate,candidate-review-flagged,"Derived from author-ratified scene ledger major event; type-review, continuity-group-local"
N-EVT-B03-C28-S02-001,B03,B03-C28-S02,B03-C28-S02,Roof combat,narrative_action,UNRESOLVED,,CH28-LOCAL-SEQUENCE,B03-C28-S02,Roof combat,scene-ledger-event-specific,candidate,candidate-review-flagged,"Derived from author-ratified scene ledger major event; participant-unresolved, granularity-review, type-review, continuity-group-local"
N-EVT-B03-C28-S02-002,B03,B03-C28-S02,B03-C28-S02,coupling pin removed,narrative_action,UNRESOLVED,,CH28-LOCAL-SEQUENCE,B03-C28-S02,coupling pin removed,scene-ledger-event-specific,candidate,candidate-review-flagged,"Derived from author-ratified scene ledger major event; participant-unresolved, granularity-review, type-review, continuity-group-local"
N-EVT-B03-C28-S02-003,B03,B03-C28-S02,B03-C28-S02,safety-chain problem revealed,narrative_action,UNRESOLVED,,CH28-LOCAL-SEQUENCE,B03-C28-S02,safety-chain problem revealed,scene-ledger-event-specific,candidate,candidate-review-flagged,"Derived from author-ratified scene ledger major event; participant-unresolved, granularity-review, type-review, continuity-group-local"
N-EVT-B03-C28-S03-001,B03,B03-C28-S03,B03-C28-S03,Margot breaks tank,destruction,ENT-CHAR-0002,Margot Vance:participant,CH28-LOCAL-SEQUENCE,B03-C28-S03,Margot breaks tank,scene-ledger-event-specific,candidate,candidate-review-flagged,"Derived from author-ratified scene ledger major event; granularity-review, continuity-group-local"
N-EVT-B03-C28-S03-002,B03,B03-C28-S03,B03-C28-S03,Jackson freed,narrative_action,ENT-CHAR-0002,Margot Vance:participant,CH28-LOCAL-SEQUENCE,B03-C28-S03,Jackson freed,scene-ledger-event-specific,candidate,candidate-review-flagged,"Derived from author-ratified scene ledger major event; granularity-review, type-review, continuity-group-local"
N-EVT-B03-C28-S03-003,B03,B03-C28-S03,B03-C28-S03,Emitter destroyed,narrative_action,ENT-CHAR-0002;ENT-OBJ-0029,Margot Vance:participant;Magisterium Emitter Tower:participant,EMITTER-SABOTAGE,B03-C28-S03,Emitter destroyed,scene-ledger-event-specific,candidate,candidate-review-flagged,"Derived from author-ratified scene ledger major event; granularity-review, type-review"
N-EVT-B03-C28-S03-004,B03,B03-C28-S03,B03-C28-S03,Jonah tackles Valerius,narrative_action,ENT-CHAR-0002;ENT-CHAR-0001;ENT-CHAR-0014,Margot Vance:participant;Jonah Harrow:participant;Inquisitor Valerius:participant,JONAH-INJURY,B03-C28-S03,Jonah tackles Valerius,scene-ledger-event-specific,candidate,candidate-review-flagged,"Derived from author-ratified scene ledger major event; granularity-review, type-review"
N-EVT-B03-C28-S04-001,B03,B03-C28-S04,B03-C28-S04,Safety chain severed,narrative_action,ENT-CHAR-0002;ENT-CHAR-0001,Margot Vance:participant;Jonah Harrow:participant,CH28-LOCAL-SEQUENCE,B03-C28-S04,Safety chain severed,scene-ledger-event-specific,candidate,candidate-review-flagged,"Derived from author-ratified scene ledger major event; granularity-review, type-review, continuity-group-local"
N-EVT-B03-C28-S04-002,B03,B03-C28-S04,B03-C28-S04,rear train brakes,narrative_action,ENT-CHAR-0002;ENT-CHAR-0001,Margot Vance:participant;Jonah Harrow:participant,CH28-LOCAL-SEQUENCE,B03-C28-S04,rear train brakes,scene-ledger-event-specific,candidate,candidate-review-flagged,"Derived from author-ratified scene ledger major event; granularity-review, type-review, continuity-group-local"
N-EVT-B03-C28-S04-003,B03,B03-C28-S04,B03-C28-S04,Valerius parachutes away,narrative_action,ENT-CHAR-0002;ENT-CHAR-0001;ENT-CHAR-0014,Margot Vance:participant;Jonah Harrow:participant;Inquisitor Valerius:participant,FINAL-CONFRONTATION,B03-C28-S04,Valerius parachutes away,scene-ledger-event-specific,candidate,candidate-review-flagged,"Derived from author-ratified scene ledger major event; granularity-review, type-review"
N-EVT-B03-C28-S04-004,B03,B03-C28-S04,B03-C28-S04,locomotive reaches dam wall,movement,ENT-CHAR-0002;ENT-CHAR-0001,Margot Vance:participant;Jonah Harrow:participant,CH28-LOCAL-SEQUENCE,B03-C28-S04,locomotive reaches dam wall,scene-ledger-event-specific,candidate,candidate-review-flagged,Derived from author-ratified scene ledger major event; continuity-group-local
N-EVT-B03-C28-S05-001,B03,B03-C28-S05,B03-C28-S05,Locomotive crashes,narrative_action,ENT-CHAR-0002;ENT-CHAR-0001,Margot Vance:participant;Jonah Harrow:participant,CH28-LOCAL-SEQUENCE,B03-C28-S05,Locomotive crashes,scene-ledger-event-specific,candidate,candidate-review-flagged,"Derived from author-ratified scene ledger major event; granularity-review, type-review, continuity-group-local"
N-EVT-B03-C28-S05-002,B03,B03-C28-S05,B03-C28-S05,engine enters reservoir,movement,ENT-CHAR-0002;ENT-CHAR-0001,Margot Vance:participant;Jonah Harrow:participant,CH28-LOCAL-SEQUENCE,B03-C28-S05,engine enters reservoir,scene-ledger-event-specific,candidate,candidate-review-flagged,"Derived from author-ratified scene ledger major event; granularity-review, continuity-group-local"
N-EVT-B03-C28-S05-003,B03,B03-C28-S05,B03-C28-S05,survivors reach surface,narrative_action,ENT-CHAR-0002;ENT-CHAR-0001,Margot Vance:participant;Jonah Harrow:participant,CH28-LOCAL-SEQUENCE,B03-C28-S05,survivors reach surface,scene-ledger-event-specific,candidate,candidate-review-flagged,"Derived from author-ratified scene ledger major event; granularity-review, type-review, continuity-group-local"
N-EVT-B03-C28-S05-004,B03,B03-C28-S05,B03-C28-S05,dam holds despite cracking,narrative_action,ENT-CHAR-0002;ENT-CHAR-0001,Margot Vance:participant;Jonah Harrow:participant,CH28-LOCAL-SEQUENCE,B03-C28-S05,dam holds despite cracking,scene-ledger-event-specific,candidate,candidate-review-flagged,"Derived from author-ratified scene ledger major event; type-review, continuity-group-local"
N-EVT-B03-C28-S06-001,B03,B03-C28-S06,B03-C28-S06,Jonah shifts human,transformation,ENT-CHAR-0002;ENT-CHAR-0001,Margot Vance:participant;Jonah Harrow:participant,JONAH-INJURY,B03-C28-S06,Jonah shifts human,scene-ledger-event-specific,candidate,candidate-review-flagged,Derived from author-ratified scene ledger major event; granularity-review
N-EVT-B03-C28-S06-002,B03,B03-C28-S06,B03-C28-S06,Jackson remains wolf but regains awareness,narrative_action,ENT-CHAR-0002;ENT-CHAR-0001;ENT-STATE-0002,Margot Vance:participant;Jonah Harrow:participant;Jonah's Wolf:participant,CH28-LOCAL-SEQUENCE,B03-C28-S06,Jackson remains wolf but regains awareness,scene-ledger-event-specific,candidate,candidate-review-flagged,"Derived from author-ratified scene ledger major event; type-review, continuity-group-local"
N-EVT-B03-C28-S06-003,B03,B03-C28-S06,B03-C28-S06,father-son contact,narrative_action,ENT-CHAR-0002;ENT-CHAR-0001,Margot Vance:participant;Jonah Harrow:participant,CH28-LOCAL-SEQUENCE,B03-C28-S06,father-son contact,scene-ledger-event-specific,candidate,candidate-review-flagged,"Derived from author-ratified scene ledger major event; granularity-review, type-review, continuity-group-local"
N-EVT-B03-C28-S06-004,B03,B03-C28-S06,B03-C28-S06,town status checked,narrative_action,ENT-CHAR-0002;ENT-CHAR-0001,Margot Vance:participant;Jonah Harrow:participant,CH28-LOCAL-SEQUENCE,B03-C28-S06,town status checked,scene-ledger-event-specific,candidate,candidate-review-flagged,"Derived from author-ratified scene ledger major event; granularity-review, type-review, continuity-group-local"
N-EVT-B03-C29-S01-001,B03,B03-C29-S01,B03-C29-S01,Return walk,narrative_action,ENT-CHAR-0002,Margot Vance:participant,CH29-LOCAL-SEQUENCE,B03-C29-S01,Return walk,scene-ledger-event-specific,candidate,candidate-review-flagged,"Derived from author-ratified scene ledger major event; granularity-review, type-review, continuity-group-local"
N-EVT-B03-C29-S01-002,B03,B03-C29-S01,B03-C29-S01,helicopter spotted,narrative_action,ENT-CHAR-0002,Margot Vance:participant,GUNSHIP-BATTLE,B03-C29-S01,helicopter spotted,scene-ledger-event-specific,candidate,candidate-review-flagged,"Derived from author-ratified scene ledger major event; granularity-review, type-review"
N-EVT-B03-C29-S01-003,B03,B03-C29-S01,B03-C29-S01,Margot carries Founding Scroll,narrative_action,ENT-CHAR-0002;ENT-OBJ-0010,Margot Vance:participant;Original Integration Treaty:participant,FOUNDING-TRUTH,B03-C29-S01,Margot carries Founding Scroll,scene-ledger-event-specific,candidate,candidate-review-flagged,Derived from author-ratified scene ledger major event; type-review
N-EVT-B03-C29-S01-004,B03,B03-C29-S01,B03-C29-S01,Jonah ordered to paramedics,narrative_action,ENT-CHAR-0002;ENT-CHAR-0001,Margot Vance:participant;Jonah Harrow:participant,JONAH-INJURY,B03-C29-S01,Jonah ordered to paramedics,scene-ledger-event-specific,candidate,candidate-review-flagged,Derived from author-ratified scene ledger major event; type-review
N-EVT-B03-C29-S02-001,B03,B03-C29-S02,B03-C29-S02,Sterling caught packing cash,narrative_action,ENT-CHAR-0002;ENT-CHAR-0009;ENT-GROUP-0002,Margot Vance:participant;Arthur Sterling:participant;Snowfall Creek Werewolf Pack:participant,FINAL-CONFRONTATION,B03-C29-S02,Sterling caught packing cash,scene-ledger-event-specific,candidate,candidate-review-flagged,Derived from author-ratified scene ledger major event; type-review
N-EVT-B03-C29-S02-002,B03,B03-C29-S02,B03-C29-S02,betrayal confessed,narrative_action,ENT-CHAR-0002,Margot Vance:participant,CH29-LOCAL-SEQUENCE,B03-C29-S02,betrayal confessed,scene-ledger-event-specific,candidate,candidate-review-flagged,"Derived from author-ratified scene ledger major event; granularity-review, type-review, continuity-group-local"
N-EVT-B03-C29-S02-003,B03,B03-C29-S02,B03-C29-S02,Margot condemns him,narrative_action,ENT-CHAR-0002,Margot Vance:participant,CH29-LOCAL-SEQUENCE,B03-C29-S02,Margot condemns him,scene-ledger-event-specific,candidate,candidate-review-flagged,"Derived from author-ratified scene ledger major event; granularity-review, type-review, continuity-group-local"
N-EVT-B03-C29-S03-001,B03,B03-C29-S03,B03-C29-S03,Valerius claims he can still prove the town failed,narrative_action,ENT-CHAR-0002;ENT-CHAR-0014,Margot Vance:participant;Inquisitor Valerius:participant,FINAL-CONFRONTATION,B03-C29-S03,Valerius claims he can still prove the town failed,scene-ledger-event-specific,candidate,candidate-review-flagged,Derived from author-ratified scene ledger major event; type-review
N-EVT-B03-C29-S03-002,B03,B03-C29-S03,B03-C29-S03,Margot invokes Charter and House Rules,narrative_action,ENT-CHAR-0002,Margot Vance:participant,CH29-LOCAL-SEQUENCE,B03-C29-S03,Margot invokes Charter and House Rules,scene-ledger-event-specific,candidate,candidate-review-flagged,"Derived from author-ratified scene ledger major event; type-review, continuity-group-local"
N-EVT-B03-C29-S04-001,B03,B03-C29-S04,B03-C29-S04,Fire absorbed,narrative_action,ENT-CHAR-0002,Margot Vance:participant,CH29-LOCAL-SEQUENCE,B03-C29-S04,Fire absorbed,scene-ledger-event-specific,candidate,candidate-review-flagged,"Derived from author-ratified scene ledger major event; granularity-review, type-review, continuity-group-local"
N-EVT-B03-C29-S04-002,B03,B03-C29-S04,B03-C29-S04,gravity blocked,narrative_action,ENT-CHAR-0002,Margot Vance:participant,CH29-LOCAL-SEQUENCE,B03-C29-S04,gravity blocked,scene-ledger-event-specific,candidate,candidate-review-flagged,"Derived from author-ratified scene ledger major event; granularity-review, type-review, continuity-group-local"
N-EVT-B03-C29-S04-003,B03,B03-C29-S04,B03-C29-S04,helicopter immobilized,narrative_action,ENT-CHAR-0002,Margot Vance:participant,GUNSHIP-BATTLE,B03-C29-S04,helicopter immobilized,scene-ledger-event-specific,candidate,candidate-review-flagged,"Derived from author-ratified scene ledger major event; granularity-review, type-review"
N-EVT-B03-C29-S04-004,B03,B03-C29-S04,B03-C29-S04,access revoked,narrative_action,ENT-CHAR-0002,Margot Vance:participant,CH29-LOCAL-SEQUENCE,B03-C29-S04,access revoked,scene-ledger-event-specific,candidate,candidate-review-flagged,"Derived from author-ratified scene ledger major event; granularity-review, type-review, continuity-group-local"
N-EVT-B03-C29-S05-001,B03,B03-C29-S05,B03-C29-S05,Bullet becomes paper moth,narrative_action,ENT-CHAR-0002,Margot Vance:participant,CH29-LOCAL-SEQUENCE,B03-C29-S05,Bullet becomes paper moth,scene-ledger-event-specific,candidate,candidate-review-flagged,"Derived from author-ratified scene ledger major event; type-review, continuity-group-local"
N-EVT-B03-C29-S05-002,B03,B03-C29-S05,B03-C29-S05,Valerius flattens into parchment,narrative_action,ENT-CHAR-0002;ENT-CHAR-0014,Margot Vance:participant;Inquisitor Valerius:participant,FINAL-CONFRONTATION,B03-C29-S05,Valerius flattens into parchment,scene-ledger-event-specific,candidate,candidate-review-flagged,Derived from author-ratified scene ledger major event; type-review
N-EVT-B03-C29-S05-003,B03,B03-C29-S05,B03-C29-S05,pilot surrenders,capture,ENT-CHAR-0002,Margot Vance:participant,CH29-LOCAL-SEQUENCE,B03-C29-S05,pilot surrenders,scene-ledger-event-specific,candidate,candidate-review-flagged,"Derived from author-ratified scene ledger major event; granularity-review, continuity-group-local"
N-EVT-B03-C29-S06-001,B03,B03-C29-S06,B03-C29-S06,Margot reports Valerius processed,disclosure,ENT-CHAR-0001;ENT-CHAR-0002;ENT-CHAR-0014,Jonah Harrow:participant;Margot Vance:participant;Inquisitor Valerius:participant,FINAL-CONFRONTATION,B03-C29-S06,Margot reports Valerius processed,scene-ledger-event-specific,candidate,scaled-reviewed-v1.0,Derived from author-ratified scene ledger major event; no remaining review flag.
N-EVT-B03-C29-S06-002,B03,B03-C29-S06,B03-C29-S06,Jackson receives care,narrative_action,ENT-CHAR-0002;ENT-CHAR-0001,Margot Vance:participant;Jonah Harrow:participant,CH29-LOCAL-SEQUENCE,B03-C29-S06,Jackson receives care,scene-ledger-event-specific,candidate,candidate-review-flagged,"Derived from author-ratified scene ledger major event; granularity-review, type-review, continuity-group-local"
N-EVT-B03-C29-S06-003,B03,B03-C29-S06,B03-C29-S06,victory acknowledged,narrative_action,ENT-CHAR-0002;ENT-CHAR-0001,Margot Vance:participant;Jonah Harrow:participant,CH29-LOCAL-SEQUENCE,B03-C29-S06,victory acknowledged,scene-ledger-event-specific,candidate,candidate-review-flagged,"Derived from author-ratified scene ledger major event; granularity-review, type-review, continuity-group-local"
N-EVT-B03-C29-S06-004,B03,B03-C29-S06,B03-C29-S06,pair return to library,narrative_action,ENT-CHAR-0002;ENT-CHAR-0001,Margot Vance:participant;Jonah Harrow:participant,CH29-LOCAL-SEQUENCE,B03-C29-S06,pair return to library,scene-ledger-event-specific,candidate,candidate-review-flagged,"Derived from author-ratified scene ledger major event; type-review, continuity-group-local"
N-EVT-B03-C30-S01-001,B03,B03-C30-S01,B03-C30-S01,Businesses reopen,narrative_action,ENT-CHAR-0002;ENT-CHAR-0001,Margot Vance:participant;Jonah Harrow:participant,CH30-LOCAL-SEQUENCE,B03-C30-S01,Businesses reopen,scene-ledger-event-specific,candidate,candidate-review-flagged,"Derived from author-ratified scene ledger major event; granularity-review, type-review, continuity-group-local"
N-EVT-B03-C30-S01-002,B03,B03-C30-S01,B03-C30-S01,supernatural residents work openly,narrative_action,ENT-CHAR-0002;ENT-CHAR-0001,Margot Vance:participant;Jonah Harrow:participant,CH30-LOCAL-SEQUENCE,B03-C30-S01,supernatural residents work openly,scene-ledger-event-specific,candidate,candidate-review-flagged,"Derived from author-ratified scene ledger major event; type-review, continuity-group-local"
N-EVT-B03-C30-S01-003,B03,B03-C30-S01,B03-C30-S01,journalists remain,narrative_action,ENT-CHAR-0002;ENT-CHAR-0001,Margot Vance:participant;Jonah Harrow:participant,CH30-LOCAL-SEQUENCE,B03-C30-S01,journalists remain,scene-ledger-event-specific,candidate,candidate-review-flagged,"Derived from author-ratified scene ledger major event; granularity-review, type-review, continuity-group-local"
N-EVT-B03-C30-S01-004,B03,B03-C30-S01,B03-C30-S01,Silas gives interviews,narrative_action,ENT-CHAR-0002;ENT-CHAR-0001;ENT-CHAR-0017,Margot Vance:participant;Jonah Harrow:participant;Silas Blackwood:participant,CH30-LOCAL-SEQUENCE,B03-C30-S01,Silas gives interviews,scene-ledger-event-specific,candidate,candidate-review-flagged,"Derived from author-ratified scene ledger major event; granularity-review, type-review, continuity-group-local"
N-EVT-B03-C30-S01-005,B03,B03-C30-S01,B03-C30-S01,library doors become transparent,narrative_action,ENT-CHAR-0002;ENT-CHAR-0001,Margot Vance:participant;Jonah Harrow:participant,CH30-LOCAL-SEQUENCE,B03-C30-S01,library doors become transparent,scene-ledger-event-specific,candidate,candidate-review-flagged,"Derived from author-ratified scene ledger major event; type-review, continuity-group-local"
N-EVT-B03-C30-S02-001,B03,B03-C30-S02,B03-C30-S02,Valerius book shelved,narrative_action,ENT-CHAR-0002;ENT-CHAR-0014,Margot Vance:participant;Inquisitor Valerius:participant,FINAL-CONFRONTATION,B03-C30-S02,Valerius book shelved,scene-ledger-event-specific,candidate,candidate-review-flagged,"Derived from author-ratified scene ledger major event; granularity-review, type-review"
N-EVT-B03-C30-S02-002,B03,B03-C30-S02,B03-C30-S02,Integration Act and Special Administrative Zone established,narrative_action,ENT-CHAR-0002,Margot Vance:participant,CH30-LOCAL-SEQUENCE,B03-C30-S02,Integration Act and Special Administrative Zone established,scene-ledger-event-specific,candidate,candidate-review-flagged,"Derived from author-ratified scene ledger major event; type-review, continuity-group-local"
N-EVT-B03-C30-S02-003,B03,B03-C30-S02,B03-C30-S02,Margot named Administrator,narrative_action,ENT-CHAR-0002,Margot Vance:participant,CH30-LOCAL-SEQUENCE,B03-C30-S02,Margot named Administrator,scene-ledger-event-specific,candidate,candidate-review-flagged,"Derived from author-ratified scene ledger major event; granularity-review, type-review, continuity-group-local"
N-EVT-B03-C30-S03-001,B03,B03-C30-S03,B03-C30-S03,Cabin restored,narrative_action,ENT-CHAR-0002;ENT-CHAR-0001,Margot Vance:participant;Jonah Harrow:participant,CH30-LOCAL-SEQUENCE,B03-C30-S03,Cabin restored,scene-ledger-event-specific,candidate,candidate-review-flagged,"Derived from author-ratified scene ledger major event; granularity-review, type-review, continuity-group-local"
N-EVT-B03-C30-S03-002,B03,B03-C30-S03,B03-C30-S03,no-more-secrets agreement,narrative_action,ENT-CHAR-0002;ENT-CHAR-0001,Margot Vance:participant;Jonah Harrow:participant,CH30-LOCAL-SEQUENCE,B03-C30-S03,no-more-secrets agreement,scene-ledger-event-specific,candidate,candidate-review-flagged,"Derived from author-ratified scene ledger major event; granularity-review, type-review, continuity-group-local"
N-EVT-B03-C30-S03-003,B03,B03-C30-S03,B03-C30-S03,consensual intimacy,relationship_event,ENT-CHAR-0002;ENT-CHAR-0001,Margot Vance:participant;Jonah Harrow:participant,CH30-LOCAL-SEQUENCE,B03-C30-S03,consensual intimacy,scene-ledger-event-specific,candidate,candidate-review-flagged,"Derived from author-ratified scene ledger major event; granularity-review, continuity-group-local"
N-EVT-B03-C30-S03-004,B03,B03-C30-S03,B03-C30-S03,love and relief shared through bond,relationship_event,ENT-CHAR-0002;ENT-CHAR-0001,Margot Vance:participant;Jonah Harrow:participant,RELATIONSHIP-ESCALATION,B03-C30-S03,love and relief shared through bond,scene-ledger-event-specific,candidate,scaled-reviewed-v1.0,Derived from author-ratified scene ledger major event; no remaining review flag.
N-EVT-B03-C30-S04-001,B03,B03-C30-S04,B03-C30-S04,Coffee conversation,narrative_action,ENT-CHAR-0001,Jonah Harrow:participant,CH30-LOCAL-SEQUENCE,B03-C30-S04,Coffee conversation,scene-ledger-event-specific,candidate,candidate-review-flagged,"Derived from author-ratified scene ledger major event; granularity-review, type-review, continuity-group-local"
N-EVT-B03-C30-S04-002,B03,B03-C30-S04,B03-C30-S04,old badge transferred,narrative_action,ENT-CHAR-0001,Jonah Harrow:participant,CH30-LOCAL-SEQUENCE,B03-C30-S04,old badge transferred,scene-ledger-event-specific,candidate,candidate-review-flagged,"Derived from author-ratified scene ledger major event; granularity-review, type-review, continuity-group-local"
N-EVT-B03-C30-S04-003,B03,B03-C30-S04,B03-C30-S04,Jackson plans museum work with Silas,narrative_action,ENT-CHAR-0001;ENT-CHAR-0017,Jonah Harrow:participant;Silas Blackwood:participant,RESISTANCE-MISSION,B03-C30-S04,Jackson plans museum work with Silas,scene-ledger-event-specific,candidate,candidate-review-flagged,Derived from author-ratified scene ledger major event; type-review
N-EVT-B03-C30-S05-001,B03,B03-C30-S05,B03-C30-S05,Council meeting,narrative_action,ENT-CHAR-0002;ENT-CHAR-0001,Margot Vance:participant;Jonah Harrow:participant,CH30-LOCAL-SEQUENCE,B03-C30-S05,Council meeting,scene-ledger-event-specific,candidate,candidate-review-flagged,"Derived from author-ratified scene ledger major event; granularity-review, type-review, continuity-group-local"
N-EVT-B03-C30-S05-002,B03,B03-C30-S05,B03-C30-S05,school and blood-drive agenda,narrative_action,ENT-CHAR-0002;ENT-CHAR-0001,Margot Vance:participant;Jonah Harrow:participant,CH30-LOCAL-SEQUENCE,B03-C30-S05,school and blood-drive agenda,scene-ledger-event-specific,candidate,candidate-review-flagged,"Derived from author-ratified scene ledger major event; type-review, continuity-group-local"
N-EVT-B03-C30-S05-003,B03,B03-C30-S05,B03-C30-S05,statue unveiled,narrative_action,ENT-CHAR-0002;ENT-CHAR-0001,Margot Vance:participant;Jonah Harrow:participant,CH30-LOCAL-SEQUENCE,B03-C30-S05,statue unveiled,scene-ledger-event-specific,candidate,candidate-review-flagged,"Derived from author-ratified scene ledger major event; granularity-review, type-review, continuity-group-local"
N-EVT-B03-C30-S05-004,B03,B03-C30-S05,B03-C30-S05,Silas presides as Speaker,narrative_action,ENT-CHAR-0002;ENT-CHAR-0001;ENT-CHAR-0017,Margot Vance:participant;Jonah Harrow:participant;Silas Blackwood:participant,CH30-LOCAL-SEQUENCE,B03-C30-S05,Silas presides as Speaker,scene-ledger-event-specific,candidate,candidate-review-flagged,"Derived from author-ratified scene ledger major event; type-review, continuity-group-local"
N-EVT-B03-C30-S06-001,B03,B03-C30-S06,B03-C30-S06,Black sedan arrives,arrival,ENT-CHAR-0002;ENT-CHAR-0001,Margot Vance:participant;Jonah Harrow:participant,CH30-LOCAL-SEQUENCE,B03-C30-S06,Black sedan arrives,scene-ledger-event-specific,candidate,candidate-review-flagged,"Derived from author-ratified scene ledger major event; granularity-review, continuity-group-local"
N-EVT-B03-C30-S06-002,B03,B03-C30-S06,B03-C30-S06,Cian confronts Aleksei,narrative_action,ENT-CHAR-0002;ENT-CHAR-0001;ENT-CHAR-0004;ENT-CHAR-0018,Margot Vance:participant;Jonah Harrow:participant;Aleksei Petrov:participant;Cian:participant,CH30-LOCAL-SEQUENCE,B03-C30-S06,Cian confronts Aleksei,scene-ledger-event-specific,candidate,candidate-review-flagged,"Derived from author-ratified scene ledger major event; granularity-review, type-review, continuity-group-local"
N-EVT-B03-C30-S06-003,B03,B03-C30-S06,B03-C30-S06,father-survival tease,narrative_action,ENT-CHAR-0002;ENT-CHAR-0001,Margot Vance:participant;Jonah Harrow:participant,CH30-LOCAL-SEQUENCE,B03-C30-S06,father-survival tease,scene-ledger-event-specific,candidate,candidate-review-flagged,"Derived from author-ratified scene ledger major event; granularity-review, type-review, continuity-group-local"
N-EVT-B03-C30-S06-004,B03,B03-C30-S06,B03-C30-S06,Necronomicon request,narrative_action,ENT-CHAR-0002;ENT-CHAR-0001,Margot Vance:participant;Jonah Harrow:participant,CH30-LOCAL-SEQUENCE,B03-C30-S06,Necronomicon request,scene-ledger-event-specific,candidate,candidate-review-flagged,"Derived from author-ratified scene ledger major event; granularity-review, type-review, continuity-group-local"
N-EVT-B03-C30-S06-005,B03,B03-C30-S06,B03-C30-S06,Jonah and Margot kiss and prepare,narrative_action,ENT-CHAR-0001;ENT-CHAR-0002,Jonah Harrow:participant;Margot Vance:participant,RELATIONSHIP-ESCALATION,B03-C30-S06,Jonah and Margot kiss and prepare,scene-ledger-event-specific,candidate,candidate-review-flagged,Derived from author-ratified scene ledger major event; type-review
