normalized_event_id,book_id,start_scene_id,end_scene_id,event_label,event_type,participant_entity_ids,participant_roles,continuity_group_id,source_span,source_quote,evidence_status,canonical_status,review_status,review_rationale
N-EVT-B03-C13-S01-001,B03,B03-C13-S01,B03-C13-S01,Jonah shifts back,transformation,ENT-CHAR-0001,Jonah Harrow:participant,JONAH-INJURY,B03-C13-S01,Jonah shifts back,scene-ledger-event-specific,candidate,candidate-review-flagged,Derived from author-ratified scene ledger major event; granularity-review
N-EVT-B03-C13-S01-002,B03,B03-C13-S01,B03-C13-S01,Margot gives him his clothes,narrative_action,ENT-CHAR-0001;ENT-CHAR-0002,Jonah Harrow:participant;Margot Vance:participant,CH13-LOCAL-SEQUENCE,B03-C13-S01,Margot gives him his clothes,scene-ledger-event-specific,candidate,candidate-review-flagged,"Derived from author-ratified scene ledger major event; type-review, continuity-group-local"
N-EVT-B03-C13-S01-003,B03,B03-C13-S01,B03-C13-S01,he explains Alpha combat form and the danger of remaining full wolf,disclosure,ENT-CHAR-0001;ENT-STATE-0002,Jonah Harrow:participant;Jonah's Wolf:participant,CH13-LOCAL-SEQUENCE,B03-C13-S01,he explains Alpha combat form and the danger of remaining full wolf,scene-ledger-event-specific,candidate,candidate-review-flagged,Derived from author-ratified scene ledger major event; continuity-group-local
N-EVT-B03-C13-S01-004,B03,B03-C13-S01,B03-C13-S01,they confirm temporary safety,narrative_action,ENT-CHAR-0001,Jonah Harrow:participant,CH13-LOCAL-SEQUENCE,B03-C13-S01,they confirm temporary safety,scene-ledger-event-specific,candidate,candidate-review-flagged,"Derived from author-ratified scene ledger major event; type-review, continuity-group-local"
N-EVT-B03-C13-S02-001,B03,B03-C13-S02,B03-C13-S02,Jonah explains the Undercity,disclosure,ENT-CHAR-0002;ENT-CHAR-0001,Margot Vance:participant;Jonah Harrow:participant,JONAH-INJURY,B03-C13-S02,Jonah explains the Undercity,scene-ledger-event-specific,candidate,scaled-reviewed-v1.0,Derived from author-ratified scene ledger major event; no remaining review flag.
N-EVT-B03-C13-S02-002,B03,B03-C13-S02,B03-C13-S02,they enter the Hive,narrative_action,ENT-CHAR-0002;ENT-CHAR-0001,Margot Vance:participant;Jonah Harrow:participant,CH13-LOCAL-SEQUENCE,B03-C13-S02,they enter the Hive,scene-ledger-event-specific,candidate,candidate-review-flagged,"Derived from author-ratified scene ledger major event; type-review, continuity-group-local"
N-EVT-B03-C13-S02-003,B03,B03-C13-S02,B03-C13-S02,Iron-Jaw confronts them,narrative_action,ENT-CHAR-0002;ENT-CHAR-0001;ENT-CHAR-0013,Margot Vance:participant;Jonah Harrow:participant;Iron-Jaw:participant,CH13-LOCAL-SEQUENCE,B03-C13-S02,Iron-Jaw confronts them,scene-ledger-event-specific,candidate,candidate-review-flagged,"Derived from author-ratified scene ledger major event; granularity-review, type-review, continuity-group-local"
N-EVT-B03-C13-S02-004,B03,B03-C13-S02,B03-C13-S02,Margot is identified as the Keeper,narrative_action,ENT-CHAR-0001;ENT-CHAR-0002,Jonah Harrow:participant;Margot Vance:participant,CH13-LOCAL-SEQUENCE,B03-C13-S02,Margot is identified as the Keeper,scene-ledger-event-specific,candidate,candidate-review-flagged,"Derived from author-ratified scene ledger major event; type-review, continuity-group-local"
N-EVT-B03-C13-S02-005,B03,B03-C13-S02,B03-C13-S02,news of the riot and Pack blockade is delivered,narrative_action,ENT-CHAR-0002;ENT-CHAR-0001;ENT-GROUP-0002,Margot Vance:participant;Jonah Harrow:participant;Snowfall Creek Werewolf Pack:participant,TOWN-HALL-UPRISING,B03-C13-S02,news of the riot and Pack blockade is delivered,scene-ledger-event-specific,candidate,candidate-review-flagged,Derived from author-ratified scene ledger major event; type-review
N-EVT-B03-C13-S02-006,B03,B03-C13-S02,B03-C13-S02,Iron-Jaw provides the route,narrative_action,ENT-CHAR-0002;ENT-CHAR-0001;ENT-CHAR-0013,Margot Vance:participant;Jonah Harrow:participant;Iron-Jaw:participant,CH13-LOCAL-SEQUENCE,B03-C13-S02,Iron-Jaw provides the route,scene-ledger-event-specific,candidate,candidate-review-flagged,"Derived from author-ratified scene ledger major event; type-review, continuity-group-local"
N-EVT-B03-C13-S03-001,B03,B03-C13-S03,B03-C13-S03,They discuss Pack loyalty and hope,narrative_action,ENT-CHAR-0002;ENT-GROUP-0002,Margot Vance:participant;Snowfall Creek Werewolf Pack:participant,CH13-LOCAL-SEQUENCE,B03-C13-S03,They discuss Pack loyalty and hope,scene-ledger-event-specific,candidate,candidate-review-flagged,"Derived from author-ratified scene ledger major event; type-review, continuity-group-local"
N-EVT-B03-C13-S03-002,B03,B03-C13-S03,B03-C13-S03,Jonah identifies the pressure-release timing,discovery,ENT-CHAR-0002;ENT-CHAR-0001,Margot Vance:participant;Jonah Harrow:participant,JONAH-INJURY,B03-C13-S03,Jonah identifies the pressure-release timing,scene-ledger-event-specific,candidate,scaled-reviewed-v1.0,Derived from author-ratified scene ledger major event; no remaining review flag.
N-EVT-B03-C13-S03-003,B03,B03-C13-S03,B03-C13-S03,Margot asks for the Wolf,narrative_action,ENT-CHAR-0002;ENT-STATE-0002,Margot Vance:participant;Jonah's Wolf:participant,CH13-LOCAL-SEQUENCE,B03-C13-S03,Margot asks for the Wolf,scene-ledger-event-specific,candidate,candidate-review-flagged,"Derived from author-ratified scene ledger major event; type-review, continuity-group-local"
N-EVT-B03-C13-S03-004,B03,B03-C13-S03,B03-C13-S03,they have sex,relationship_event,ENT-CHAR-0002,Margot Vance:participant,CH13-LOCAL-SEQUENCE,B03-C13-S03,they have sex,scene-ledger-event-specific,candidate,candidate-review-flagged,"Derived from author-ratified scene ledger major event; granularity-review, continuity-group-local"
N-EVT-B03-C13-S03-005,B03,B03-C13-S03,B03-C13-S03,the valve vents,narrative_action,ENT-CHAR-0002,Margot Vance:participant,CH13-LOCAL-SEQUENCE,B03-C13-S03,the valve vents,scene-ledger-event-specific,candidate,candidate-review-flagged,"Derived from author-ratified scene ledger major event; granularity-review, type-review, continuity-group-local"
N-EVT-B03-C13-S03-006,B03,B03-C13-S03,B03-C13-S03,they escape into the safety niche and continue,narrative_action,ENT-CHAR-0002,Margot Vance:participant,CH13-LOCAL-SEQUENCE,B03-C13-S03,they escape into the safety niche and continue,scene-ledger-event-specific,candidate,candidate-review-flagged,"Derived from author-ratified scene ledger major event; type-review, continuity-group-local"
N-EVT-B03-C14-S01-001,B03,B03-C14-S01,B03-C14-S01,Margot climbs to the roof,movement,ENT-CHAR-0002,Margot Vance:participant,CH14-LOCAL-SEQUENCE,B03-C14-S01,Margot climbs to the roof,scene-ledger-event-specific,candidate,candidate-review-flagged,Derived from author-ratified scene ledger major event; continuity-group-local
N-EVT-B03-C14-S01-002,B03,B03-C14-S01,B03-C14-S01,they observe a disciplined human-monster coalition in the square,narrative_action,ENT-CHAR-0002;ENT-GROUP-0005,Margot Vance:participant;Snowfall Creek Defense Coalition:participant,TOWN-HALL-UPRISING,B03-C14-S01,they observe a disciplined human-monster coalition in the square,scene-ledger-event-specific,candidate,candidate-review-flagged,Derived from author-ratified scene ledger major event; type-review
N-EVT-B03-C14-S01-003,B03,B03-C14-S01,B03-C14-S01,Jonah spots snipers,discovery,ENT-CHAR-0002;ENT-CHAR-0001,Margot Vance:participant;Jonah Harrow:participant,JONAH-INJURY,B03-C14-S01,Jonah spots snipers,scene-ledger-event-specific,candidate,candidate-review-flagged,Derived from author-ratified scene ledger major event; granularity-review
N-EVT-B03-C14-S01-004,B03,B03-C14-S01,B03-C14-S01,he proposes a skylight insertion,narrative_action,ENT-CHAR-0002,Margot Vance:participant,CH14-LOCAL-SEQUENCE,B03-C14-S01,he proposes a skylight insertion,scene-ledger-event-specific,candidate,candidate-review-flagged,"Derived from author-ratified scene ledger major event; type-review, continuity-group-local"
N-EVT-B03-C14-S02-001,B03,B03-C14-S02,B03-C14-S02,Bridge crossing,movement,ENT-CHAR-0002,Margot Vance:participant,CH14-LOCAL-SEQUENCE,B03-C14-S02,Bridge crossing,scene-ledger-event-specific,candidate,candidate-review-flagged,"Derived from author-ratified scene ledger major event; granularity-review, continuity-group-local"
N-EVT-B03-C14-S02-002,B03,B03-C14-S02,B03-C14-S02,spotlight evasion,narrative_action,ENT-CHAR-0002,Margot Vance:participant,CH14-LOCAL-SEQUENCE,B03-C14-S02,spotlight evasion,scene-ledger-event-specific,candidate,candidate-review-flagged,"Derived from author-ratified scene ledger major event; granularity-review, type-review, continuity-group-local"
N-EVT-B03-C14-S02-003,B03,B03-C14-S02,B03-C14-S02,shotgun breach,narrative_action,ENT-CHAR-0002,Margot Vance:participant,CH14-LOCAL-SEQUENCE,B03-C14-S02,shotgun breach,scene-ledger-event-specific,candidate,candidate-review-flagged,"Derived from author-ratified scene ledger major event; granularity-review, type-review, continuity-group-local"
N-EVT-B03-C14-S02-004,B03,B03-C14-S02,B03-C14-S02,fall through skylight,narrative_action,ENT-CHAR-0002,Margot Vance:participant,CH14-LOCAL-SEQUENCE,B03-C14-S02,fall through skylight,scene-ledger-event-specific,candidate,candidate-review-flagged,"Derived from author-ratified scene ledger major event; granularity-review, type-review, continuity-group-local"
N-EVT-B03-C14-S02-005,B03,B03-C14-S02,B03-C14-S02,guards surrender under Jonah's Alpha command,narrative_action,ENT-CHAR-0002;ENT-CHAR-0001,Margot Vance:participant;Jonah Harrow:participant,JONAH-INJURY,B03-C14-S02,guards surrender under Jonah's Alpha command,scene-ledger-event-specific,candidate,candidate-review-flagged,Derived from author-ratified scene ledger major event; type-review
N-EVT-B03-C14-S02-006,B03,B03-C14-S02,B03-C14-S02,Margot restrains them,narrative_action,ENT-CHAR-0002,Margot Vance:participant,CH14-LOCAL-SEQUENCE,B03-C14-S02,Margot restrains them,scene-ledger-event-specific,candidate,candidate-review-flagged,"Derived from author-ratified scene ledger major event; granularity-review, type-review, continuity-group-local"
N-EVT-B03-C14-S03-001,B03,B03-C14-S03,B03-C14-S03,Jonah breaches the office,movement,ENT-CHAR-0002;ENT-CHAR-0001,Margot Vance:participant;Jonah Harrow:participant,JONAH-INJURY,B03-C14-S03,Jonah breaches the office,scene-ledger-event-specific,candidate,scaled-reviewed-v1.0,Derived from author-ratified scene ledger major event; no remaining review flag.
N-EVT-B03-C14-S03-002,B03,B03-C14-S03,B03-C14-S03,Sterling defends the old order,narrative_action,ENT-CHAR-0002;ENT-CHAR-0009,Margot Vance:participant;Arthur Sterling:participant,FINAL-CONFRONTATION,B03-C14-S03,Sterling defends the old order,scene-ledger-event-specific,candidate,candidate-review-flagged,Derived from author-ratified scene ledger major event; type-review
N-EVT-B03-C14-S03-003,B03,B03-C14-S03,B03-C14-S03,Margot reveals the original alliance and accuses Sterling's family of betrayal,disclosure,ENT-CHAR-0002;ENT-CHAR-0009,Margot Vance:participant;Arthur Sterling:participant,FOUNDING-TRUTH,B03-C14-S03,Margot reveals the original alliance and accuses Sterling's family of betrayal,scene-ledger-event-specific,candidate,scaled-reviewed-v1.0,Derived from author-ratified scene ledger major event; no remaining review flag.
N-EVT-B03-C14-S03-004,B03,B03-C14-S03,B03-C14-S03,Sterling shoots Jonah,physical_conflict,ENT-CHAR-0002;ENT-CHAR-0001;ENT-CHAR-0009,Margot Vance:participant;Jonah Harrow:participant;Arthur Sterling:participant,JONAH-INJURY,B03-C14-S03,Sterling shoots Jonah,scene-ledger-event-specific,candidate,candidate-review-flagged,Derived from author-ratified scene ledger major event; granularity-review
N-EVT-B03-C14-S04-001,B03,B03-C14-S04,B03-C14-S04,Aleksei crashes through the window,narrative_action,ENT-CHAR-0002;ENT-CHAR-0004,Margot Vance:participant;Aleksei Petrov:participant,CH14-LOCAL-SEQUENCE,B03-C14-S04,Aleksei crashes through the window,scene-ledger-event-specific,candidate,candidate-review-flagged,"Derived from author-ratified scene ledger major event; type-review, continuity-group-local"
N-EVT-B03-C14-S04-002,B03,B03-C14-S04,B03-C14-S04,he disables Sterling,physical_conflict,ENT-CHAR-0002;ENT-CHAR-0009,Margot Vance:participant;Arthur Sterling:participant,FINAL-CONFRONTATION,B03-C14-S04,he disables Sterling,scene-ledger-event-specific,candidate,candidate-review-flagged,Derived from author-ratified scene ledger major event; granularity-review
N-EVT-B03-C14-S04-003,B03,B03-C14-S04,B03-C14-S04,Margot identifies the silver wound,discovery,ENT-CHAR-0002,Margot Vance:participant,JONAH-INJURY,B03-C14-S04,Margot identifies the silver wound,scene-ledger-event-specific,candidate,scaled-reviewed-v1.0,Derived from author-ratified scene ledger major event; no remaining review flag.
N-EVT-B03-C14-S04-004,B03,B03-C14-S04,B03-C14-S04,Jonah insists she address the town,narrative_action,ENT-CHAR-0002;ENT-CHAR-0001,Margot Vance:participant;Jonah Harrow:participant,JONAH-INJURY,B03-C14-S04,Jonah insists she address the town,scene-ledger-event-specific,candidate,candidate-review-flagged,Derived from author-ratified scene ledger major event; type-review
N-EVT-B03-C14-S04-005,B03,B03-C14-S04,B03-C14-S04,she takes the microphone,narrative_action,ENT-CHAR-0002,Margot Vance:participant,CH14-LOCAL-SEQUENCE,B03-C14-S04,she takes the microphone,scene-ledger-event-specific,candidate,candidate-review-flagged,"Derived from author-ratified scene ledger major event; type-review, continuity-group-local"
N-EVT-B03-C14-S05-001,B03,B03-C14-S05,B03-C14-S05,Margot broadcasts the truth,disclosure,ENT-CHAR-0002,Margot Vance:participant,TOWN-HALL-UPRISING,B03-C14-S05,Margot broadcasts the truth,scene-ledger-event-specific,candidate,scaled-reviewed-v1.0,Derived from author-ratified scene ledger major event; no remaining review flag.
N-EVT-B03-C14-S05-002,B03,B03-C14-S05,B03-C14-S05,humans and supernatural residents celebrate together,narrative_action,ENT-CHAR-0002,Margot Vance:participant,CH14-LOCAL-SEQUENCE,B03-C14-S05,humans and supernatural residents celebrate together,scene-ledger-event-specific,candidate,candidate-review-flagged,"Derived from author-ratified scene ledger major event; type-review, continuity-group-local"
N-EVT-B03-C14-S05-003,B03,B03-C14-S05,B03-C14-S05,Jonah briefly rallies,narrative_action,ENT-CHAR-0002;ENT-CHAR-0001,Margot Vance:participant;Jonah Harrow:participant,JONAH-INJURY,B03-C14-S05,Jonah briefly rallies,scene-ledger-event-specific,candidate,candidate-review-flagged,"Derived from author-ratified scene ledger major event; granularity-review, type-review"
N-EVT-B03-C14-S05-004,B03,B03-C14-S05,B03-C14-S05,Margot declares love,decision,ENT-CHAR-0002,Margot Vance:participant,RELATIONSHIP-ESCALATION,B03-C14-S05,Margot declares love,scene-ledger-event-specific,candidate,candidate-review-flagged,Derived from author-ratified scene ledger major event; granularity-review
N-EVT-B03-C14-S05-005,B03,B03-C14-S05,B03-C14-S05,Magisterium forces break the barricades and descend on the square,narrative_action,ENT-CHAR-0002;ENT-GROUP-0003,Margot Vance:participant;Federal Magisterium:participant,MAGISTERIUM-OCCUPATION,B03-C14-S05,Magisterium forces break the barricades and descend on the square,scene-ledger-event-specific,candidate,candidate-review-flagged,Derived from author-ratified scene ledger major event; type-review
N-EVT-B03-C15-S01-001,B03,B03-C15-S01,B03-C15-S01,Chinooks land,narrative_action,ENT-CHAR-0002;ENT-CHAR-0001,Margot Vance:participant;Jonah Harrow:participant,GUNSHIP-BATTLE,B03-C15-S01,Chinooks land,scene-ledger-event-specific,candidate,candidate-review-flagged,"Derived from author-ratified scene ledger major event; granularity-review, type-review"
N-EVT-B03-C15-S01-002,B03,B03-C15-S01,B03-C15-S01,black-armored Inquisitors deploy,narrative_action,ENT-CHAR-0002;ENT-CHAR-0001,Margot Vance:participant;Jonah Harrow:participant,MAGISTERIUM-OCCUPATION,B03-C15-S01,black-armored Inquisitors deploy,scene-ledger-event-specific,candidate,candidate-review-flagged,"Derived from author-ratified scene ledger major event; granularity-review, type-review"
N-EVT-B03-C15-S01-003,B03,B03-C15-S01,B03-C15-S01,a void-iron staff activates the dampening pulse,narrative_action,ENT-CHAR-0002;ENT-CHAR-0001,Margot Vance:participant;Jonah Harrow:participant,EMITTER-SABOTAGE,B03-C15-S01,a void-iron staff activates the dampening pulse,scene-ledger-event-specific,candidate,candidate-review-flagged,Derived from author-ratified scene ledger major event; type-review
N-EVT-B03-C15-S01-004,B03,B03-C15-S01,B03-C15-S01,Jonah loses the Wolf,state_damage,ENT-CHAR-0002;ENT-CHAR-0001;ENT-STATE-0002,Margot Vance:participant;Jonah Harrow:participant;Jonah's Wolf:participant,JONAH-INJURY,B03-C15-S01,Jonah loses the Wolf,scene-ledger-event-specific,candidate,scaled-reviewed-v1.0,Derived from author-ratified scene ledger major event; no remaining review flag.
N-EVT-B03-C15-S01-005,B03,B03-C15-S01,B03-C15-S01,Aleksei loses vampiric power,state_damage,ENT-CHAR-0002;ENT-CHAR-0001;ENT-CHAR-0004,Margot Vance:participant;Jonah Harrow:participant;Aleksei Petrov:participant,CH15-LOCAL-SEQUENCE,B03-C15-S01,Aleksei loses vampiric power,scene-ledger-event-specific,candidate,candidate-review-flagged,Derived from author-ratified scene ledger major event; continuity-group-local
N-EVT-B03-C15-S02-001,B03,B03-C15-S02,B03-C15-S02,Martial law announcement,narrative_action,ENT-CHAR-0002,Margot Vance:participant,MAGISTERIUM-OCCUPATION,B03-C15-S02,Martial law announcement,scene-ledger-event-specific,candidate,candidate-review-flagged,"Derived from author-ratified scene ledger major event; granularity-review, type-review"
N-EVT-B03-C15-S02-002,B03,B03-C15-S02,B03-C15-S02,humans and monsters separated,narrative_action,ENT-CHAR-0002,Margot Vance:participant,CH15-LOCAL-SEQUENCE,B03-C15-S02,humans and monsters separated,scene-ledger-event-specific,candidate,candidate-review-flagged,"Derived from author-ratified scene ledger major event; type-review, continuity-group-local"
N-EVT-B03-C15-S02-003,B03,B03-C15-S02,B03-C15-S02,Mrs. Gable struck,narrative_action,ENT-CHAR-0002;ENT-CHAR-0015,Margot Vance:participant;Mrs. Gable:participant,CH15-LOCAL-SEQUENCE,B03-C15-S02,Mrs. Gable struck,scene-ledger-event-specific,candidate,candidate-review-flagged,"Derived from author-ratified scene ledger major event; granularity-review, type-review, continuity-group-local"
N-EVT-B03-C15-S02-004,B03,B03-C15-S02,B03-C15-S02,Sterling admits sanitization,disclosure,ENT-CHAR-0002;ENT-CHAR-0009,Margot Vance:participant;Arthur Sterling:participant,MAGISTERIUM-OCCUPATION,B03-C15-S02,Sterling admits sanitization,scene-ledger-event-specific,candidate,candidate-review-flagged,Derived from author-ratified scene ledger major event; granularity-review
N-EVT-B03-C15-S02-005,B03,B03-C15-S02,B03-C15-S02,group selects roof route,narrative_action,ENT-CHAR-0002,Margot Vance:participant,CH15-LOCAL-SEQUENCE,B03-C15-S02,group selects roof route,scene-ledger-event-specific,candidate,candidate-review-flagged,"Derived from author-ratified scene ledger major event; type-review, continuity-group-local"
N-EVT-B03-C15-S03-001,B03,B03-C15-S03,B03-C15-S03,Rooftop crossing,movement,ENT-CHAR-0002;ENT-CHAR-0001,Margot Vance:participant;Jonah Harrow:participant,CH15-LOCAL-SEQUENCE,B03-C15-S03,Rooftop crossing,scene-ledger-event-specific,candidate,candidate-review-flagged,"Derived from author-ratified scene ledger major event; granularity-review, continuity-group-local"
N-EVT-B03-C15-S03-002,B03,B03-C15-S03,B03-C15-S03,Aleksei tackles Jonah out of a sniper shot,narrative_action,ENT-CHAR-0002;ENT-CHAR-0001;ENT-CHAR-0004,Margot Vance:participant;Jonah Harrow:participant;Aleksei Petrov:participant,JONAH-INJURY,B03-C15-S03,Aleksei tackles Jonah out of a sniper shot,scene-ledger-event-specific,candidate,candidate-review-flagged,Derived from author-ratified scene ledger major event; type-review
N-EVT-B03-C15-S03-003,B03,B03-C15-S03,B03-C15-S03,repeated fire,narrative_action,ENT-CHAR-0002;ENT-CHAR-0001,Margot Vance:participant;Jonah Harrow:participant,CH15-LOCAL-SEQUENCE,B03-C15-S03,repeated fire,scene-ledger-event-specific,candidate,candidate-review-flagged,"Derived from author-ratified scene ledger major event; granularity-review, type-review, continuity-group-local"
N-EVT-B03-C15-S03-004,B03,B03-C15-S03,B03-C15-S03,group reaches Civic Center cover,movement,ENT-CHAR-0002;ENT-CHAR-0001,Margot Vance:participant;Jonah Harrow:participant,CH15-LOCAL-SEQUENCE,B03-C15-S03,group reaches Civic Center cover,scene-ledger-event-specific,candidate,candidate-review-flagged,Derived from author-ratified scene ledger major event; continuity-group-local
N-EVT-B03-C15-S03-005,B03,B03-C15-S03,B03-C15-S03,Margot discovers communications jamming and proposes the duct route,discovery,ENT-CHAR-0001;ENT-CHAR-0002,Jonah Harrow:participant;Margot Vance:participant,CH15-LOCAL-SEQUENCE,B03-C15-S03,Margot discovers communications jamming and proposes the duct route,scene-ledger-event-specific,candidate,candidate-review-flagged,Derived from author-ratified scene ledger major event; continuity-group-local
N-EVT-B03-C15-S04-001,B03,B03-C15-S04,B03-C15-S04,Margot crawls through ducts,narrative_action,ENT-CHAR-0002,Margot Vance:participant,CH15-LOCAL-SEQUENCE,B03-C15-S04,Margot crawls through ducts,scene-ledger-event-specific,candidate,candidate-review-flagged,"Derived from author-ratified scene ledger major event; type-review, continuity-group-local"
N-EVT-B03-C15-S04-002,B03,B03-C15-S04,B03-C15-S04,soldiers search below,narrative_action,ENT-CHAR-0002,Margot Vance:participant,CH15-LOCAL-SEQUENCE,B03-C15-S04,soldiers search below,scene-ledger-event-specific,candidate,candidate-review-flagged,"Derived from author-ratified scene ledger major event; granularity-review, type-review, continuity-group-local"
N-EVT-B03-C15-S04-003,B03,B03-C15-S04,B03-C15-S04,group drops into locker room,narrative_action,ENT-CHAR-0002,Margot Vance:participant,CH15-LOCAL-SEQUENCE,B03-C15-S04,group drops into locker room,scene-ledger-event-specific,candidate,candidate-review-flagged,"Derived from author-ratified scene ledger major event; type-review, continuity-group-local"
N-EVT-B03-C15-S04-004,B03,B03-C15-S04,B03-C15-S04,Henderson emerges with a mop spear,narrative_action,ENT-CHAR-0002;ENT-CHAR-0012,Margot Vance:participant;Henderson:participant,CH15-LOCAL-SEQUENCE,B03-C15-S04,Henderson emerges with a mop spear,scene-ledger-event-specific,candidate,candidate-review-flagged,"Derived from author-ratified scene ledger major event; type-review, continuity-group-local"
N-EVT-B03-C15-S04-005,B03,B03-C15-S04,B03-C15-S04,he offers the lead-lined pump room,narrative_action,ENT-CHAR-0002,Margot Vance:participant,CH15-LOCAL-SEQUENCE,B03-C15-S04,he offers the lead-lined pump room,scene-ledger-event-specific,candidate,candidate-review-flagged,"Derived from author-ratified scene ledger major event; type-review, continuity-group-local"
N-EVT-B03-C15-S05-001,B03,B03-C15-S05,B03-C15-S05,Industrial bio-foam and staples applied,narrative_action,ENT-CHAR-0001;ENT-CHAR-0002,Jonah Harrow:participant;Margot Vance:participant,CH15-LOCAL-SEQUENCE,B03-C15-S05,Industrial bio-foam and staples applied,scene-ledger-event-specific,candidate,candidate-review-flagged,"Derived from author-ratified scene ledger major event; type-review, continuity-group-local"
N-EVT-B03-C15-S05-002,B03,B03-C15-S05,B03-C15-S05,Jonah's heartbeat stabilizes,state_recovery,ENT-CHAR-0002;ENT-CHAR-0001,Margot Vance:participant;Jonah Harrow:participant,JONAH-INJURY,B03-C15-S05,Jonah's heartbeat stabilizes,scene-ledger-event-specific,candidate,candidate-review-flagged,Derived from author-ratified scene ledger major event; granularity-review
N-EVT-B03-C15-S05-003,B03,B03-C15-S05,B03-C15-S05,need for Wolf blood identified,narrative_action,ENT-CHAR-0001;ENT-CHAR-0002;ENT-STATE-0002,Jonah Harrow:participant;Margot Vance:participant;Jonah's Wolf:participant,CH15-LOCAL-SEQUENCE,B03-C15-S05,need for Wolf blood identified,scene-ledger-event-specific,candidate,candidate-review-flagged,"Derived from author-ratified scene ledger major event; type-review, continuity-group-local"
N-EVT-B03-C15-S05-004,B03,B03-C15-S05,B03-C15-S05,radio reveals processing at ice rink,disclosure,ENT-CHAR-0001;ENT-CHAR-0002,Jonah Harrow:participant;Margot Vance:participant,CH15-LOCAL-SEQUENCE,B03-C15-S05,radio reveals processing at ice rink,scene-ledger-event-specific,candidate,candidate-review-flagged,Derived from author-ratified scene ledger major event; continuity-group-local
N-EVT-B03-C15-S05-005,B03,B03-C15-S05,B03-C15-S05,Margot proposes sabotage and communications restoration,narrative_action,ENT-CHAR-0001;ENT-CHAR-0002,Jonah Harrow:participant;Margot Vance:participant,CH15-LOCAL-SEQUENCE,B03-C15-S05,Margot proposes sabotage and communications restoration,scene-ledger-event-specific,candidate,candidate-review-flagged,"Derived from author-ratified scene ledger major event; type-review, continuity-group-local"
N-EVT-B03-C16-S01-001,B03,B03-C16-S01,B03-C16-S01,Jonah wakes,state_recovery,ENT-CHAR-0001,Jonah Harrow:participant,JONAH-INJURY,B03-C16-S01,Jonah wakes,scene-ledger-event-specific,candidate,candidate-review-flagged,Derived from author-ratified scene ledger major event; granularity-review
N-EVT-B03-C16-S01-002,B03,B03-C16-S01,B03-C16-S01,calls for the Wolf,narrative_action,ENT-CHAR-0001;ENT-STATE-0002,Jonah Harrow:participant;Jonah's Wolf:participant,CH16-LOCAL-SEQUENCE,B03-C16-S01,calls for the Wolf,scene-ledger-event-specific,candidate,candidate-review-flagged,"Derived from author-ratified scene ledger major event; type-review, continuity-group-local"
N-EVT-B03-C16-S01-003,B03,B03-C16-S01,B03-C16-S01,fails to shift,narrative_action,ENT-CHAR-0001,Jonah Harrow:participant,CH16-LOCAL-SEQUENCE,B03-C16-S01,fails to shift,scene-ledger-event-specific,candidate,candidate-review-flagged,"Derived from author-ratified scene ledger major event; granularity-review, type-review, continuity-group-local"
N-EVT-B03-C16-S01-004,B03,B03-C16-S01,B03-C16-S01,Aleksei explains Henderson's treatment,disclosure,ENT-CHAR-0001;ENT-CHAR-0004;ENT-CHAR-0012,Jonah Harrow:participant;Aleksei Petrov:participant;Henderson:participant,CH16-LOCAL-SEQUENCE,B03-C16-S01,Aleksei explains Henderson's treatment,scene-ledger-event-specific,candidate,candidate-review-flagged,Derived from author-ratified scene ledger major event; continuity-group-local
N-EVT-B03-C16-S01-005,B03,B03-C16-S01,B03-C16-S01,Jonah learns Margot is scavenging,discovery,ENT-CHAR-0001;ENT-CHAR-0002,Jonah Harrow:participant;Margot Vance:participant,JONAH-INJURY,B03-C16-S01,Jonah learns Margot is scavenging,scene-ledger-event-specific,candidate,scaled-reviewed-v1.0,Derived from author-ratified scene ledger major event; no remaining review flag.
N-EVT-B03-C16-S02-001,B03,B03-C16-S02,B03-C16-S02,Aleksei explains six hours have passed,disclosure,ENT-CHAR-0001;ENT-CHAR-0004,Jonah Harrow:participant;Aleksei Petrov:participant,CH16-LOCAL-SEQUENCE,B03-C16-S02,Aleksei explains six hours have passed,scene-ledger-event-specific,candidate,candidate-review-flagged,Derived from author-ratified scene ledger major event; continuity-group-local
N-EVT-B03-C16-S02-002,B03,B03-C16-S02,B03-C16-S02,lead shielding is confirmed,narrative_action,ENT-CHAR-0001,Jonah Harrow:participant,CH16-LOCAL-SEQUENCE,B03-C16-S02,lead shielding is confirmed,scene-ledger-event-specific,candidate,candidate-review-flagged,"Derived from author-ratified scene ledger major event; type-review, continuity-group-local"
N-EVT-B03-C16-S02-003,B03,B03-C16-S02,B03-C16-S02,both describe physical deterioration,narrative_action,ENT-CHAR-0001,Jonah Harrow:participant,CH16-LOCAL-SEQUENCE,B03-C16-S02,both describe physical deterioration,scene-ledger-event-specific,candidate,candidate-review-flagged,"Derived from author-ratified scene ledger major event; type-review, continuity-group-local"
N-EVT-B03-C16-S02-004,B03,B03-C16-S02,B03-C16-S02,Emitter location is inferred at the ski resort,narrative_action,ENT-CHAR-0001;ENT-OBJ-0029,Jonah Harrow:participant;Magisterium Emitter Tower:participant,EMITTER-SABOTAGE,B03-C16-S02,Emitter location is inferred at the ski resort,scene-ledger-event-specific,candidate,candidate-review-flagged,Derived from author-ratified scene ledger major event; type-review
N-EVT-B03-C16-S03-001,B03,B03-C16-S03,B03-C16-S03,Margot returns with food,narrative_action,ENT-CHAR-0001;ENT-CHAR-0002,Jonah Harrow:participant;Margot Vance:participant,CH16-LOCAL-SEQUENCE,B03-C16-S03,Margot returns with food,scene-ledger-event-specific,candidate,candidate-review-flagged,"Derived from author-ratified scene ledger major event; type-review, continuity-group-local"
N-EVT-B03-C16-S03-002,B03,B03-C16-S03,B03-C16-S03,supports Jonah,narrative_action,ENT-CHAR-0001,Jonah Harrow:participant,JONAH-INJURY,B03-C16-S03,supports Jonah,scene-ledger-event-specific,candidate,candidate-review-flagged,"Derived from author-ratified scene ledger major event; granularity-review, type-review"
N-EVT-B03-C16-S03-003,B03,B03-C16-S03,B03-C16-S03,confirms magic-level sorting,disclosure,ENT-CHAR-0001,Jonah Harrow:participant,CH16-LOCAL-SEQUENCE,B03-C16-S03,confirms magic-level sorting,scene-ledger-event-specific,candidate,candidate-review-flagged,"Derived from author-ratified scene ledger major event; granularity-review, continuity-group-local"
N-EVT-B03-C16-S03-004,B03,B03-C16-S03,B03-C16-S03,Henderson provides map,narrative_action,ENT-CHAR-0001;ENT-CHAR-0012,Jonah Harrow:participant;Henderson:participant,CH16-LOCAL-SEQUENCE,B03-C16-S03,Henderson provides map,scene-ledger-event-specific,candidate,candidate-review-flagged,"Derived from author-ratified scene ledger major event; granularity-review, type-review, continuity-group-local"
N-EVT-B03-C16-S03-005,B03,B03-C16-S03,B03-C16-S03,Jonah begins territorial analysis,narrative_action,ENT-CHAR-0001,Jonah Harrow:participant,JONAH-INJURY,B03-C16-S03,Jonah begins territorial analysis,scene-ledger-event-specific,candidate,candidate-review-flagged,Derived from author-ratified scene ledger major event; type-review
N-EVT-B03-C16-S04-001,B03,B03-C16-S04,B03-C16-S04,Emitter power source identified,narrative_action,ENT-CHAR-0001;ENT-OBJ-0029,Jonah Harrow:participant;Magisterium Emitter Tower:participant,EMITTER-SABOTAGE,B03-C16-S04,Emitter power source identified,scene-ledger-event-specific,candidate,candidate-review-flagged,Derived from author-ratified scene ledger major event; type-review
N-EVT-B03-C16-S04-002,B03,B03-C16-S04,B03-C16-S04,ten-to-fifteen-minute window estimated,relationship_event,ENT-CHAR-0001,Jonah Harrow:participant,RELATIONSHIP-ESCALATION,B03-C16-S04,ten-to-fifteen-minute window estimated,scene-ledger-event-specific,candidate,candidate-review-flagged,Derived from author-ratified scene ledger major event; granularity-review
N-EVT-B03-C16-S04-003,B03,B03-C16-S04,B03-C16-S04,Jonah declares himself a liability,decision,ENT-CHAR-0001,Jonah Harrow:participant,JONAH-INJURY,B03-C16-S04,Jonah declares himself a liability,scene-ledger-event-specific,candidate,scaled-reviewed-v1.0,Derived from author-ratified scene ledger major event; no remaining review flag.
N-EVT-B03-C16-S04-004,B03,B03-C16-S04,B03-C16-S04,roles assigned,narrative_action,ENT-CHAR-0001,Jonah Harrow:participant,CH16-LOCAL-SEQUENCE,B03-C16-S04,roles assigned,scene-ledger-event-specific,candidate,candidate-review-flagged,"Derived from author-ratified scene ledger major event; granularity-review, type-review, continuity-group-local"
N-EVT-B03-C16-S04-005,B03,B03-C16-S04,B03-C16-S04,Margot accepts leadership,narrative_action,ENT-CHAR-0001;ENT-CHAR-0002,Jonah Harrow:participant;Margot Vance:participant,CH16-LOCAL-SEQUENCE,B03-C16-S04,Margot accepts leadership,scene-ledger-event-specific,candidate,candidate-review-flagged,"Derived from author-ratified scene ledger major event; granularity-review, type-review, continuity-group-local"
N-EVT-B03-C16-S05-001,B03,B03-C16-S05,B03-C16-S05,Henderson builds improvised explosives,preparation,ENT-CHAR-0002;ENT-CHAR-0001;ENT-CHAR-0012,Margot Vance:participant;Jonah Harrow:participant;Henderson:participant,CH16-LOCAL-SEQUENCE,B03-C16-S05,Henderson builds improvised explosives,scene-ledger-event-specific,candidate,candidate-review-flagged,Derived from author-ratified scene ledger major event; continuity-group-local
N-EVT-B03-C16-S05-002,B03,B03-C16-S05,B03-C16-S05,Aleksei takes crowbar,narrative_action,ENT-CHAR-0002;ENT-CHAR-0001;ENT-CHAR-0004,Margot Vance:participant;Jonah Harrow:participant;Aleksei Petrov:participant,CH16-LOCAL-SEQUENCE,B03-C16-S05,Aleksei takes crowbar,scene-ledger-event-specific,candidate,candidate-review-flagged,"Derived from author-ratified scene ledger major event; granularity-review, type-review, continuity-group-local"
N-EVT-B03-C16-S05-003,B03,B03-C16-S05,B03-C16-S05,Margot transfers Treaty,narrative_action,ENT-CHAR-0001;ENT-CHAR-0002;ENT-OBJ-0010,Jonah Harrow:participant;Margot Vance:participant;Original Integration Treaty:participant,FOUNDING-TRUTH,B03-C16-S05,Margot transfers Treaty,scene-ledger-event-specific,candidate,candidate-review-flagged,"Derived from author-ratified scene ledger major event; granularity-review, type-review"
N-EVT-B03-C16-S05-004,B03,B03-C16-S05,B03-C16-S05,Jonah gives firearm instructions,narrative_action,ENT-CHAR-0002;ENT-CHAR-0001,Margot Vance:participant;Jonah Harrow:participant,JONAH-INJURY,B03-C16-S05,Jonah gives firearm instructions,scene-ledger-event-specific,candidate,candidate-review-flagged,Derived from author-ratified scene ledger major event; type-review
N-EVT-B03-C16-S05-005,B03,B03-C16-S05,B03-C16-S05,radio check,narrative_action,ENT-CHAR-0002;ENT-CHAR-0001,Margot Vance:participant;Jonah Harrow:participant,CH16-LOCAL-SEQUENCE,B03-C16-S05,radio check,scene-ledger-event-specific,candidate,candidate-review-flagged,"Derived from author-ratified scene ledger major event; granularity-review, type-review, continuity-group-local"
N-EVT-B03-C16-S05-006,B03,B03-C16-S05,B03-C16-S05,desperate kiss,narrative_action,ENT-CHAR-0002;ENT-CHAR-0001,Margot Vance:participant;Jonah Harrow:participant,RELATIONSHIP-ESCALATION,B03-C16-S05,desperate kiss,scene-ledger-event-specific,candidate,candidate-review-flagged,"Derived from author-ratified scene ledger major event; granularity-review, type-review"
N-EVT-B03-C16-S05-007,B03,B03-C16-S05,B03-C16-S05,team departs,narrative_action,ENT-CHAR-0002;ENT-CHAR-0001,Margot Vance:participant;Jonah Harrow:participant,CH16-LOCAL-SEQUENCE,B03-C16-S05,team departs,scene-ledger-event-specific,candidate,candidate-review-flagged,"Derived from author-ratified scene ledger major event; granularity-review, type-review, continuity-group-local"
N-EVT-B03-C17-S01-001,B03,B03-C17-S01,B03-C17-S01,Team crawls through septic outflow,narrative_action,ENT-CHAR-0002,Margot Vance:participant,RESORT-INFILTRATION,B03-C17-S01,Team crawls through septic outflow,scene-ledger-event-specific,candidate,candidate-review-flagged,Derived from author-ratified scene ledger major event; type-review
N-EVT-B03-C17-S01-002,B03,B03-C17-S01,B03-C17-S01,radio contact weakens,narrative_action,ENT-CHAR-0002,Margot Vance:participant,CH17-LOCAL-SEQUENCE,B03-C17-S01,radio contact weakens,scene-ledger-event-specific,candidate,candidate-review-flagged,"Derived from author-ratified scene ledger major event; granularity-review, type-review, continuity-group-local"
N-EVT-B03-C17-S01-003,B03,B03-C17-S01,B03-C17-S01,Henderson uses reactive drain cleaner,narrative_action,ENT-CHAR-0002;ENT-CHAR-0012,Margot Vance:participant;Henderson:participant,CH17-LOCAL-SEQUENCE,B03-C17-S01,Henderson uses reactive drain cleaner,scene-ledger-event-specific,candidate,candidate-review-flagged,"Derived from author-ratified scene ledger major event; type-review, continuity-group-local"
N-EVT-B03-C17-S01-004,B03,B03-C17-S01,B03-C17-S01,grate opens,narrative_action,ENT-CHAR-0002,Margot Vance:participant,CH17-LOCAL-SEQUENCE,B03-C17-S01,grate opens,scene-ledger-event-specific,candidate,candidate-review-flagged,"Derived from author-ratified scene ledger major event; granularity-review, type-review, continuity-group-local"
N-EVT-B03-C17-S01-005,B03,B03-C17-S01,B03-C17-S01,Margot checks Jonah's map,narrative_action,ENT-CHAR-0001;ENT-CHAR-0002,Jonah Harrow:participant;Margot Vance:participant,JONAH-INJURY,B03-C17-S01,Margot checks Jonah's map,scene-ledger-event-specific,candidate,candidate-review-flagged,Derived from author-ratified scene ledger major event; type-review
N-EVT-B03-C17-S02-001,B03,B03-C17-S02,B03-C17-S02,Troopers discuss freezing detainees,narrative_action,ENT-CHAR-0002,Margot Vance:participant,CH17-LOCAL-SEQUENCE,B03-C17-S02,Troopers discuss freezing detainees,scene-ledger-event-specific,candidate,candidate-review-flagged,"Derived from author-ratified scene ledger major event; type-review, continuity-group-local"
N-EVT-B03-C17-S02-002,B03,B03-C17-S02,B03-C17-S02,Jonah orders mission focus,decision,ENT-CHAR-0002;ENT-CHAR-0001,Margot Vance:participant;Jonah Harrow:participant,JONAH-INJURY,B03-C17-S02,Jonah orders mission focus,scene-ledger-event-specific,candidate,scaled-reviewed-v1.0,Derived from author-ratified scene ledger major event; no remaining review flag.
N-EVT-B03-C17-S02-003,B03,B03-C17-S02,B03-C17-S02,Henderson hot-wires elevator,narrative_action,ENT-CHAR-0002;ENT-CHAR-0012,Margot Vance:participant;Henderson:participant,RESORT-INFILTRATION,B03-C17-S02,Henderson hot-wires elevator,scene-ledger-event-specific,candidate,candidate-review-flagged,"Derived from author-ratified scene ledger major event; granularity-review, type-review"
N-EVT-B03-C17-S02-004,B03,B03-C17-S02,B03-C17-S02,override sends team upward,narrative_action,ENT-CHAR-0002,Margot Vance:participant,CH17-LOCAL-SEQUENCE,B03-C17-S02,override sends team upward,scene-ledger-event-specific,candidate,candidate-review-flagged,"Derived from author-ratified scene ledger major event; type-review, continuity-group-local"
N-EVT-B03-C17-S02-005,B03,B03-C17-S02,B03-C17-S02,weapons drawn,narrative_action,ENT-CHAR-0002,Margot Vance:participant,CH17-LOCAL-SEQUENCE,B03-C17-S02,weapons drawn,scene-ledger-event-specific,candidate,candidate-review-flagged,"Derived from author-ratified scene ledger major event; granularity-review, type-review, continuity-group-local"
N-EVT-B03-C17-S03-001,B03,B03-C17-S03,B03-C17-S03,Team captured at elevator,narrative_action,ENT-CHAR-0002,Margot Vance:participant,RESORT-INFILTRATION,B03-C17-S03,Team captured at elevator,scene-ledger-event-specific,candidate,candidate-review-flagged,Derived from author-ratified scene ledger major event; type-review
N-EVT-B03-C17-S03-002,B03,B03-C17-S03,B03-C17-S03,Valerius defends sanitization calculus,narrative_action,ENT-CHAR-0002;ENT-CHAR-0014,Margot Vance:participant;Inquisitor Valerius:participant,MAGISTERIUM-OCCUPATION,B03-C17-S03,Valerius defends sanitization calculus,scene-ledger-event-specific,candidate,candidate-review-flagged,Derived from author-ratified scene ledger major event; type-review
N-EVT-B03-C17-S03-003,B03,B03-C17-S03,B03-C17-S03,Margot accuses him of genocide,narrative_action,ENT-CHAR-0002,Margot Vance:participant,CH17-LOCAL-SEQUENCE,B03-C17-S03,Margot accuses him of genocide,scene-ledger-event-specific,candidate,candidate-review-flagged,"Derived from author-ratified scene ledger major event; type-review, continuity-group-local"
N-EVT-B03-C17-S03-004,B03,B03-C17-S03,B03-C17-S03,bag is retained as evidence,narrative_action,ENT-CHAR-0002,Margot Vance:participant,CH17-LOCAL-SEQUENCE,B03-C17-S03,bag is retained as evidence,scene-ledger-event-specific,candidate,candidate-review-flagged,"Derived from author-ratified scene ledger major event; type-review, continuity-group-local"
N-EVT-B03-C17-S03-005,B03,B03-C17-S03,B03-C17-S03,Henderson signals opportunity,narrative_action,ENT-CHAR-0002;ENT-CHAR-0012,Margot Vance:participant;Henderson:participant,CH17-LOCAL-SEQUENCE,B03-C17-S03,Henderson signals opportunity,scene-ledger-event-specific,candidate,candidate-review-flagged,"Derived from author-ratified scene ledger major event; granularity-review, type-review, continuity-group-local"
N-EVT-B03-C17-S04-001,B03,B03-C17-S04,B03-C17-S04,Captives forced to kneel,capture,ENT-CHAR-0002,Margot Vance:participant,CH17-LOCAL-SEQUENCE,B03-C17-S04,Captives forced to kneel,scene-ledger-event-specific,candidate,candidate-review-flagged,Derived from author-ratified scene ledger major event; continuity-group-local
N-EVT-B03-C17-S04-002,B03,B03-C17-S04,B03-C17-S04,purge ordered,narrative_action,ENT-CHAR-0002,Margot Vance:participant,CH17-LOCAL-SEQUENCE,B03-C17-S04,purge ordered,scene-ledger-event-specific,candidate,candidate-review-flagged,"Derived from author-ratified scene ledger major event; granularity-review, type-review, continuity-group-local"
N-EVT-B03-C17-S04-003,B03,B03-C17-S04,B03-C17-S04,Margot rejects fight/run/talk options,narrative_action,ENT-CHAR-0002,Margot Vance:participant,CH17-LOCAL-SEQUENCE,B03-C17-S04,Margot rejects fight/run/talk options,scene-ledger-event-specific,candidate,candidate-review-flagged,"Derived from author-ratified scene ledger major event; type-review, continuity-group-local"
N-EVT-B03-C17-S04-004,B03,B03-C17-S04,B03-C17-S04,Henderson signals,narrative_action,ENT-CHAR-0002;ENT-CHAR-0012,Margot Vance:participant;Henderson:participant,CH17-LOCAL-SEQUENCE,B03-C17-S04,Henderson signals,scene-ledger-event-specific,candidate,candidate-review-flagged,"Derived from author-ratified scene ledger major event; granularity-review, type-review, continuity-group-local"
N-EVT-B03-C17-S04-005,B03,B03-C17-S04,B03-C17-S04,Margot throws lighter,narrative_action,ENT-CHAR-0002,Margot Vance:participant,CH17-LOCAL-SEQUENCE,B03-C17-S04,Margot throws lighter,scene-ledger-event-specific,candidate,candidate-review-flagged,"Derived from author-ratified scene ledger major event; granularity-review, type-review, continuity-group-local"
N-EVT-B03-C17-S05-001,B03,B03-C17-S05,B03-C17-S05,Chemical eruption destroys intake and tower,destruction,ENT-CHAR-0002,Margot Vance:participant,EMITTER-SABOTAGE,B03-C17-S05,Chemical eruption destroys intake and tower,scene-ledger-event-specific,candidate,scaled-reviewed-v1.0,Derived from author-ratified scene ledger major event; no remaining review flag.
N-EVT-B03-C17-S05-002,B03,B03-C17-S05,B03-C17-S05,magic returns,transformation,ENT-CHAR-0002,Margot Vance:participant,CH17-LOCAL-SEQUENCE,B03-C17-S05,magic returns,scene-ledger-event-specific,candidate,candidate-review-flagged,"Derived from author-ratified scene ledger major event; granularity-review, continuity-group-local"
N-EVT-B03-C17-S05-003,B03,B03-C17-S05,B03-C17-S05,Aleksei regains vampire power,narrative_action,ENT-CHAR-0002;ENT-CHAR-0004,Margot Vance:participant;Aleksei Petrov:participant,CH17-LOCAL-SEQUENCE,B03-C17-S05,Aleksei regains vampire power,scene-ledger-event-specific,candidate,candidate-review-flagged,"Derived from author-ratified scene ledger major event; type-review, continuity-group-local"
N-EVT-B03-C17-S05-004,B03,B03-C17-S05,B03-C17-S05,Valerius retreats,movement,ENT-CHAR-0002;ENT-CHAR-0014,Margot Vance:participant;Inquisitor Valerius:participant,FINAL-CONFRONTATION,B03-C17-S05,Valerius retreats,scene-ledger-event-specific,candidate,candidate-review-flagged,Derived from author-ratified scene ledger major event; granularity-review
N-EVT-B03-C17-S05-005,B03,B03-C17-S05,B03-C17-S05,Jonah reports transformation,disclosure,ENT-CHAR-0002;ENT-CHAR-0001,Margot Vance:participant;Jonah Harrow:participant,JONAH-INJURY,B03-C17-S05,Jonah reports transformation,scene-ledger-event-specific,candidate,candidate-review-flagged,Derived from author-ratified scene ledger major event; granularity-review
N-EVT-B03-C17-S05-006,B03,B03-C17-S05,B03-C17-S05,Pack howls,narrative_action,ENT-CHAR-0002;ENT-GROUP-0002,Margot Vance:participant;Snowfall Creek Werewolf Pack:participant,CH17-LOCAL-SEQUENCE,B03-C17-S05,Pack howls,scene-ledger-event-specific,candidate,candidate-review-flagged,"Derived from author-ratified scene ledger major event; granularity-review, type-review, continuity-group-local"
N-EVT-B03-C18-S01-001,B03,B03-C18-S01,B03-C18-S01,Magic returns,transformation,ENT-CHAR-0001,Jonah Harrow:participant,CH18-LOCAL-SEQUENCE,B03-C18-S01,Magic returns,scene-ledger-event-specific,candidate,candidate-review-flagged,"Derived from author-ratified scene ledger major event; granularity-review, continuity-group-local"
N-EVT-B03-C18-S01-002,B03,B03-C18-S01,B03-C18-S01,silver expelled,narrative_action,ENT-CHAR-0001,Jonah Harrow:participant,JONAH-INJURY,B03-C18-S01,silver expelled,scene-ledger-event-specific,candidate,candidate-review-flagged,"Derived from author-ratified scene ledger major event; granularity-review, type-review"
N-EVT-B03-C18-S01-003,B03,B03-C18-S01,B03-C18-S01,wound heals,state_recovery,ENT-CHAR-0001,Jonah Harrow:participant,JONAH-INJURY,B03-C18-S01,wound heals,scene-ledger-event-specific,candidate,candidate-review-flagged,Derived from author-ratified scene ledger major event; granularity-review
N-EVT-B03-C18-S01-004,B03,B03-C18-S01,B03-C18-S01,transformation occurs,narrative_action,ENT-CHAR-0001,Jonah Harrow:participant,CH18-LOCAL-SEQUENCE,B03-C18-S01,transformation occurs,scene-ledger-event-specific,candidate,candidate-review-flagged,"Derived from author-ratified scene ledger major event; granularity-review, type-review, continuity-group-local"
N-EVT-B03-C18-S01-005,B03,B03-C18-S01,B03-C18-S01,Henderson spared and accepted,narrative_action,ENT-CHAR-0001;ENT-CHAR-0012,Jonah Harrow:participant;Henderson:participant,CH18-LOCAL-SEQUENCE,B03-C18-S01,Henderson spared and accepted,scene-ledger-event-specific,candidate,candidate-review-flagged,"Derived from author-ratified scene ledger major event; type-review, continuity-group-local"
N-EVT-B03-C18-S01-006,B03,B03-C18-S01,B03-C18-S01,duct grate destroyed,narrative_action,ENT-CHAR-0001,Jonah Harrow:participant,CH18-LOCAL-SEQUENCE,B03-C18-S01,duct grate destroyed,scene-ledger-event-specific,candidate,candidate-review-flagged,"Derived from author-ratified scene ledger major event; granularity-review, type-review, continuity-group-local"
N-EVT-B03-C18-S02-001,B03,B03-C18-S02,B03-C18-S02,Jonah drops from vent,narrative_action,ENT-CHAR-0001,Jonah Harrow:participant,JONAH-INJURY,B03-C18-S02,Jonah drops from vent,scene-ledger-event-specific,candidate,candidate-review-flagged,Derived from author-ratified scene ledger major event; type-review
N-EVT-B03-C18-S02-002,B03,B03-C18-S02,B03-C18-S02,overhears Alpha-level heat warning,narrative_action,ENT-CHAR-0001,Jonah Harrow:participant,CH18-LOCAL-SEQUENCE,B03-C18-S02,overhears Alpha-level heat warning,scene-ledger-event-specific,candidate,candidate-review-flagged,"Derived from author-ratified scene ledger major event; type-review, continuity-group-local"
N-EVT-B03-C18-S02-003,B03,B03-C18-S02,B03-C18-S02,incapacitates two troopers,physical_conflict,ENT-CHAR-0001,Jonah Harrow:participant,CH18-LOCAL-SEQUENCE,B03-C18-S02,incapacitates two troopers,scene-ledger-event-specific,candidate,candidate-review-flagged,"Derived from author-ratified scene ledger major event; granularity-review, continuity-group-local"
N-EVT-B03-C18-S02-004,B03,B03-C18-S02,B03-C18-S02,follows Pack scent,narrative_action,ENT-CHAR-0001;ENT-GROUP-0002,Jonah Harrow:participant;Snowfall Creek Werewolf Pack:participant,CH18-LOCAL-SEQUENCE,B03-C18-S02,follows Pack scent,scene-ledger-event-specific,candidate,candidate-review-flagged,"Derived from author-ratified scene ledger major event; granularity-review, type-review, continuity-group-local"
N-EVT-B03-C18-S02-005,B03,B03-C18-S02,B03-C18-S02,bursts through doors,narrative_action,ENT-CHAR-0001,Jonah Harrow:participant,CH18-LOCAL-SEQUENCE,B03-C18-S02,bursts through doors,scene-ledger-event-specific,candidate,candidate-review-flagged,"Derived from author-ratified scene ledger major event; granularity-review, type-review, continuity-group-local"
N-EVT-B03-C18-S03-001,B03,B03-C18-S03,B03-C18-S03,Jonah howls,narrative_action,ENT-CHAR-0001,Jonah Harrow:participant,JONAH-INJURY,B03-C18-S03,Jonah howls,scene-ledger-event-specific,candidate,candidate-review-flagged,"Derived from author-ratified scene ledger major event; granularity-review, type-review"
N-EVT-B03-C18-S03-002,B03,B03-C18-S03,B03-C18-S03,wolves rally,narrative_action,ENT-CHAR-0001,Jonah Harrow:participant,CH18-LOCAL-SEQUENCE,B03-C18-S03,wolves rally,scene-ledger-event-specific,candidate,candidate-review-flagged,"Derived from author-ratified scene ledger major event; granularity-review, type-review, continuity-group-local"
N-EVT-B03-C18-S03-003,B03,B03-C18-S03,B03-C18-S03,lead transport attacked,narrative_action,ENT-CHAR-0001,Jonah Harrow:participant,CH18-LOCAL-SEQUENCE,B03-C18-S03,lead transport attacked,scene-ledger-event-specific,candidate,candidate-review-flagged,"Derived from author-ratified scene ledger major event; granularity-review, type-review, continuity-group-local"
N-EVT-B03-C18-S03-004,B03,B03-C18-S03,B03-C18-S03,coordinated disabling action,narrative_action,ENT-CHAR-0001,Jonah Harrow:participant,CH18-LOCAL-SEQUENCE,B03-C18-S03,coordinated disabling action,scene-ledger-event-specific,candidate,candidate-review-flagged,"Derived from author-ratified scene ledger major event; granularity-review, type-review, continuity-group-local"
N-EVT-B03-C18-S03-005,B03,B03-C18-S03,B03-C18-S03,school secured,narrative_action,ENT-CHAR-0001;ENT-OBJ-0024,Jonah Harrow:participant;Dragon's-Blood Antiviral Cure:participant,CURE-DELIVERY,B03-C18-S03,school secured,scene-ledger-event-specific,candidate,candidate-review-flagged,"Derived from author-ratified scene ledger major event; granularity-review, type-review"
N-EVT-B03-C18-S03-006,B03,B03-C18-S03,B03-C18-S03,Sarah reports Margot passed toward the access road,disclosure,ENT-CHAR-0001;ENT-CHAR-0002;ENT-CHAR-0016,Jonah Harrow:participant;Margot Vance:participant;Sarah:participant,CH18-LOCAL-SEQUENCE,B03-C18-S03,Sarah reports Margot passed toward the access road,scene-ledger-event-specific,candidate,candidate-review-flagged,Derived from author-ratified scene ledger major event; continuity-group-local
N-EVT-B03-C18-S04-001,B03,B03-C18-S04,B03-C18-S04,Jonah runs uphill,movement,ENT-CHAR-0001,Jonah Harrow:participant,JONAH-INJURY,B03-C18-S04,Jonah runs uphill,scene-ledger-event-specific,candidate,candidate-review-flagged,Derived from author-ratified scene ledger major event; granularity-review
N-EVT-B03-C18-S04-002,B03,B03-C18-S04,B03-C18-S04,sees overturned jeep,discovery,ENT-CHAR-0001,Jonah Harrow:participant,CH18-LOCAL-SEQUENCE,B03-C18-S04,sees overturned jeep,scene-ledger-event-specific,candidate,candidate-review-flagged,"Derived from author-ratified scene ledger major event; granularity-review, continuity-group-local"
N-EVT-B03-C18-S04-003,B03,B03-C18-S04,B03-C18-S04,finds team,narrative_action,ENT-CHAR-0001,Jonah Harrow:participant,CH18-LOCAL-SEQUENCE,B03-C18-S04,finds team,scene-ledger-event-specific,candidate,candidate-review-flagged,"Derived from author-ratified scene ledger major event; granularity-review, type-review, continuity-group-local"
N-EVT-B03-C18-S04-004,B03,B03-C18-S04,B03-C18-S04,shifts,transformation,ENT-CHAR-0001,Jonah Harrow:participant,CH18-LOCAL-SEQUENCE,B03-C18-S04,shifts,scene-ledger-event-specific,candidate,candidate-review-flagged,"Derived from author-ratified scene ledger major event; granularity-review, continuity-group-local"
N-EVT-B03-C18-S04-005,B03,B03-C18-S04,B03-C18-S04,embraces Margot,relationship_event,ENT-CHAR-0001;ENT-CHAR-0002,Jonah Harrow:participant;Margot Vance:participant,CH18-LOCAL-SEQUENCE,B03-C18-S04,embraces Margot,scene-ledger-event-specific,candidate,candidate-review-flagged,"Derived from author-ratified scene ledger major event; granularity-review, continuity-group-local"
N-EVT-B03-C18-S04-006,B03,B03-C18-S04,B03-C18-S04,confirms restored magic,disclosure,ENT-CHAR-0001,Jonah Harrow:participant,CH18-LOCAL-SEQUENCE,B03-C18-S04,confirms restored magic,scene-ledger-event-specific,candidate,candidate-review-flagged,"Derived from author-ratified scene ledger major event; granularity-review, continuity-group-local"
N-EVT-B03-C18-S04-007,B03,B03-C18-S04,B03-C18-S04,Aleksei points to sky,narrative_action,ENT-CHAR-0001;ENT-CHAR-0004,Jonah Harrow:participant;Aleksei Petrov:participant,CH18-LOCAL-SEQUENCE,B03-C18-S04,Aleksei points to sky,scene-ledger-event-specific,candidate,candidate-review-flagged,"Derived from author-ratified scene ledger major event; type-review, continuity-group-local"
N-EVT-B03-C18-S05-001,B03,B03-C18-S05,B03-C18-S05,Gunship appears,arrival,ENT-CHAR-0001;ENT-OBJ-0033,Jonah Harrow:participant;Magisterium Gunship:participant,GUNSHIP-BATTLE,B03-C18-S05,Gunship appears,scene-ledger-event-specific,candidate,candidate-review-flagged,Derived from author-ratified scene ledger major event; granularity-review
N-EVT-B03-C18-S05-002,B03,B03-C18-S05,B03-C18-S05,school rejected,narrative_action,ENT-CHAR-0001,Jonah Harrow:participant,CH18-LOCAL-SEQUENCE,B03-C18-S05,school rejected,scene-ledger-event-specific,candidate,candidate-review-flagged,"Derived from author-ratified scene ledger major event; granularity-review, type-review, continuity-group-local"
N-EVT-B03-C18-S05-003,B03,B03-C18-S05,B03-C18-S05,Archives chosen as fortress,narrative_action,ENT-CHAR-0001,Jonah Harrow:participant,ARCHIVES-DEFENSE,B03-C18-S05,Archives chosen as fortress,scene-ledger-event-specific,candidate,candidate-review-flagged,Derived from author-ratified scene ledger major event; type-review
N-EVT-B03-C18-S05-004,B03,B03-C18-S05,B03-C18-S05,ballista identified,narrative_action,ENT-CHAR-0001;ENT-OBJ-0019,Jonah Harrow:participant;Dragon-Killer Ballista:participant,ARCHIVES-DEFENSE,B03-C18-S05,ballista identified,scene-ledger-event-specific,candidate,candidate-review-flagged,"Derived from author-ratified scene ledger major event; granularity-review, type-review"
N-EVT-B03-C18-S05-005,B03,B03-C18-S05,B03-C18-S05,"Pack, Trolls, and Aleksei assigned",narrative_action,ENT-CHAR-0001;ENT-CHAR-0004;ENT-GROUP-0002,Jonah Harrow:participant;Aleksei Petrov:participant;Snowfall Creek Werewolf Pack:participant,CH18-LOCAL-SEQUENCE,B03-C18-S05,"Pack, Trolls, and Aleksei assigned",scene-ledger-event-specific,candidate,candidate-review-flagged,"Derived from author-ratified scene ledger major event; type-review, continuity-group-local"
N-EVT-B03-C19-S01-001,B03,B03-C19-S01,B03-C19-S01,Gunship attacks main street,physical_conflict,ENT-CHAR-0002;ENT-CHAR-0001;ENT-OBJ-0033,Margot Vance:participant;Jonah Harrow:participant;Magisterium Gunship:participant,GUNSHIP-BATTLE,B03-C19-S01,Gunship attacks main street,scene-ledger-event-specific,candidate,scaled-reviewed-v1.0,Derived from author-ratified scene ledger major event; no remaining review flag.
N-EVT-B03-C19-S01-002,B03,B03-C19-S01,B03-C19-S01,convoy flees through alley,movement,ENT-CHAR-0002;ENT-CHAR-0001,Margot Vance:participant;Jonah Harrow:participant,CH19-LOCAL-SEQUENCE,B03-C19-S01,convoy flees through alley,scene-ledger-event-specific,candidate,candidate-review-flagged,Derived from author-ratified scene ledger major event; continuity-group-local
N-EVT-B03-C19-S01-003,B03,B03-C19-S01,B03-C19-S01,wounded supernatural allies retreat toward library,state_damage,ENT-CHAR-0002;ENT-CHAR-0001,Margot Vance:participant;Jonah Harrow:participant,JONAH-INJURY,B03-C19-S01,wounded supernatural allies retreat toward library,scene-ledger-event-specific,candidate,scaled-reviewed-v1.0,Derived from author-ratified scene ledger major event; no remaining review flag.
N-EVT-B03-C19-S02-001,B03,B03-C19-S02,B03-C19-S02,Library communicates with Margot,narrative_action,ENT-CHAR-0002,Margot Vance:participant,CH19-LOCAL-SEQUENCE,B03-C19-S02,Library communicates with Margot,scene-ledger-event-specific,candidate,candidate-review-flagged,"Derived from author-ratified scene ledger major event; type-review, continuity-group-local"
N-EVT-B03-C19-S02-002,B03,B03-C19-S02,B03-C19-S02,lockdown systems activate,narrative_action,ENT-CHAR-0002,Margot Vance:participant,CH19-LOCAL-SEQUENCE,B03-C19-S02,lockdown systems activate,scene-ledger-event-specific,candidate,candidate-review-flagged,"Derived from author-ratified scene ledger major event; granularity-review, type-review, continuity-group-local"
N-EVT-B03-C19-S02-003,B03,B03-C19-S02,B03-C19-S02,gargoyle sonic defenses engage,narrative_action,ENT-CHAR-0002,Margot Vance:participant,CH19-LOCAL-SEQUENCE,B03-C19-S02,gargoyle sonic defenses engage,scene-ledger-event-specific,candidate,candidate-review-flagged,"Derived from author-ratified scene ledger major event; type-review, continuity-group-local"
N-EVT-B03-C19-S03-001,B03,B03-C19-S03,B03-C19-S03,Survivors cross lawn under fire,narrative_action,ENT-CHAR-0002;ENT-CHAR-0001,Margot Vance:participant;Jonah Harrow:participant,CH19-LOCAL-SEQUENCE,B03-C19-S03,Survivors cross lawn under fire,scene-ledger-event-specific,candidate,candidate-review-flagged,"Derived from author-ratified scene ledger major event; type-review, continuity-group-local"
N-EVT-B03-C19-S03-002,B03,B03-C19-S03,B03-C19-S03,all enter,narrative_action,ENT-CHAR-0002;ENT-CHAR-0001,Margot Vance:participant;Jonah Harrow:participant,CH19-LOCAL-SEQUENCE,B03-C19-S03,all enter,scene-ledger-event-specific,candidate,candidate-review-flagged,"Derived from author-ratified scene ledger major event; granularity-review, type-review, continuity-group-local"
N-EVT-B03-C19-S03-003,B03,B03-C19-S03,B03-C19-S03,doors and iron deadbolts seal,narrative_action,ENT-CHAR-0002;ENT-CHAR-0001,Margot Vance:participant;Jonah Harrow:participant,CH19-LOCAL-SEQUENCE,B03-C19-S03,doors and iron deadbolts seal,scene-ledger-event-specific,candidate,candidate-review-flagged,"Derived from author-ratified scene ledger major event; type-review, continuity-group-local"
N-EVT-B03-C19-S03-004,B03,B03-C19-S03,B03-C19-S03,service hoist is selected,narrative_action,ENT-CHAR-0002;ENT-CHAR-0001,Margot Vance:participant;Jonah Harrow:participant,CH19-LOCAL-SEQUENCE,B03-C19-S03,service hoist is selected,scene-ledger-event-specific,candidate,candidate-review-flagged,"Derived from author-ratified scene ledger major event; type-review, continuity-group-local"
N-EVT-B03-C19-S04-001,B03,B03-C19-S04,B03-C19-S04,Hoist descends through B1-B3,narrative_action,ENT-CHAR-0001,Jonah Harrow:participant,CH19-LOCAL-SEQUENCE,B03-C19-S04,Hoist descends through B1-B3,scene-ledger-event-specific,candidate,candidate-review-flagged,"Derived from author-ratified scene ledger major event; type-review, continuity-group-local"
N-EVT-B03-C19-S04-002,B03,B03-C19-S04,B03-C19-S04,B4 arsenal opened,narrative_action,ENT-CHAR-0001,Jonah Harrow:participant,CH19-LOCAL-SEQUENCE,B03-C19-S04,B4 arsenal opened,scene-ledger-event-specific,candidate,candidate-review-flagged,"Derived from author-ratified scene ledger major event; granularity-review, type-review, continuity-group-local"
N-EVT-B03-C19-S04-003,B03,B03-C19-S04,B03-C19-S04,Trolls lift ancient ballista,narrative_action,ENT-CHAR-0001;ENT-OBJ-0019,Jonah Harrow:participant;Dragon-Killer Ballista:participant,ARCHIVES-DEFENSE,B03-C19-S04,Trolls lift ancient ballista,scene-ledger-event-specific,candidate,candidate-review-flagged,Derived from author-ratified scene ledger major event; type-review
N-EVT-B03-C19-S05-001,B03,B03-C19-S05,B03-C19-S05,Ballista positioned under skylight,narrative_action,ENT-CHAR-0002;ENT-OBJ-0019,Margot Vance:participant;Dragon-Killer Ballista:participant,ARCHIVES-DEFENSE,B03-C19-S05,Ballista positioned under skylight,scene-ledger-event-specific,candidate,candidate-review-flagged,Derived from author-ratified scene ledger major event; type-review
N-EVT-B03-C19-S05-002,B03,B03-C19-S05,B03-C19-S05,gunship aligns overhead,narrative_action,ENT-CHAR-0002;ENT-OBJ-0033,Margot Vance:participant;Magisterium Gunship:participant,GUNSHIP-BATTLE,B03-C19-S05,gunship aligns overhead,scene-ledger-event-specific,candidate,candidate-review-flagged,"Derived from author-ratified scene ledger major event; granularity-review, type-review"
N-EVT-B03-C19-S05-003,B03,B03-C19-S05,B03-C19-S05,Margot fires magical harpoon,narrative_action,ENT-CHAR-0002,Margot Vance:participant,CH19-LOCAL-SEQUENCE,B03-C19-S05,Margot fires magical harpoon,scene-ledger-event-specific,candidate,candidate-review-flagged,"Derived from author-ratified scene ledger major event; type-review, continuity-group-local"
N-EVT-B03-C20-S01-001,B03,B03-C20-S01,B03-C20-S01,Green neurotoxin fills atrium,narrative_action,ENT-CHAR-0002,Margot Vance:participant,CH20-LOCAL-SEQUENCE,B03-C20-S01,Green neurotoxin fills atrium,scene-ledger-event-specific,candidate,candidate-review-flagged,"Derived from author-ratified scene ledger major event; type-review, continuity-group-local"
N-EVT-B03-C20-S01-002,B03,B03-C20-S01,B03-C20-S01,defenders collapse,narrative_action,ENT-CHAR-0002,Margot Vance:participant,CH20-LOCAL-SEQUENCE,B03-C20-S01,defenders collapse,scene-ledger-event-specific,candidate,candidate-review-flagged,"Derived from author-ratified scene ledger major event; granularity-review, type-review, continuity-group-local"
N-EVT-B03-C20-S01-003,B03,B03-C20-S01,B03-C20-S01,Valerius reveals Grey Guard control and experimental intent,disclosure,ENT-CHAR-0002;ENT-CHAR-0014;ENT-GROUP-0004,Margot Vance:participant;Inquisitor Valerius:participant;Grey Guard:participant,WILD-HUNT,B03-C20-S01,Valerius reveals Grey Guard control and experimental intent,scene-ledger-event-specific,candidate,scaled-reviewed-v1.0,Derived from author-ratified scene ledger major event; no remaining review flag.
N-EVT-B03-C20-S02-001,B03,B03-C20-S02,B03-C20-S02,Wolf hunts Margot through iron forest,narrative_action,ENT-CHAR-0001;ENT-CHAR-0002;ENT-STATE-0002,Jonah Harrow:participant;Margot Vance:participant;Jonah's Wolf:participant,CH20-LOCAL-SEQUENCE,B03-C20-S02,Wolf hunts Margot through iron forest,scene-ledger-event-specific,candidate,candidate-review-flagged,"Derived from author-ratified scene ledger major event; type-review, continuity-group-local"
N-EVT-B03-C20-S02-002,B03,B03-C20-S02,B03-C20-S02,shadow interferes,narrative_action,ENT-CHAR-0001,Jonah Harrow:participant,CH20-LOCAL-SEQUENCE,B03-C20-S02,shadow interferes,scene-ledger-event-specific,candidate,candidate-review-flagged,"Derived from author-ratified scene ledger major event; granularity-review, type-review, continuity-group-local"
N-EVT-B03-C20-S02-003,B03,B03-C20-S02,B03-C20-S02,Margot becomes pages and ash,narrative_action,ENT-CHAR-0001;ENT-CHAR-0002,Jonah Harrow:participant;Margot Vance:participant,CH20-LOCAL-SEQUENCE,B03-C20-S02,Margot becomes pages and ash,scene-ledger-event-specific,candidate,candidate-review-flagged,"Derived from author-ratified scene ledger major event; type-review, continuity-group-local"
N-EVT-B03-C20-S03-001,B03,B03-C20-S03,B03-C20-S03,Margot drags Jonah to safety,narrative_action,ENT-CHAR-0001;ENT-CHAR-0002,Jonah Harrow:participant;Margot Vance:participant,JONAH-INJURY,B03-C20-S03,Margot drags Jonah to safety,scene-ledger-event-specific,candidate,candidate-review-flagged,Derived from author-ratified scene ledger major event; type-review
N-EVT-B03-C20-S03-002,B03,B03-C20-S03,B03-C20-S03,occupied library seen under searchlights,narrative_action,ENT-CHAR-0001,Jonah Harrow:participant,CH20-LOCAL-SEQUENCE,B03-C20-S03,occupied library seen under searchlights,scene-ledger-event-specific,candidate,candidate-review-flagged,"Derived from author-ratified scene ledger major event; type-review, continuity-group-local"
N-EVT-B03-C20-S03-003,B03,B03-C20-S03,B03-C20-S03,Wild Hunt protocol activated,narrative_action,ENT-CHAR-0001,Jonah Harrow:participant,WILD-HUNT,B03-C20-S03,Wild Hunt protocol activated,scene-ledger-event-specific,candidate,candidate-review-flagged,Derived from author-ratified scene ledger major event; type-review
N-EVT-B03-C21-S01-001,B03,B03-C21-S01,B03-C21-S01,Troll barricades built,narrative_action,ENT-CHAR-0001,Jonah Harrow:participant,CH21-LOCAL-SEQUENCE,B03-C21-S01,Troll barricades built,scene-ledger-event-specific,candidate,candidate-review-flagged,"Derived from author-ratified scene ledger major event; granularity-review, type-review, continuity-group-local"
N-EVT-B03-C21-S01-002,B03,B03-C21-S01,B03-C21-S01,wolf trenches dug,narrative_action,ENT-CHAR-0001;ENT-STATE-0002,Jonah Harrow:participant;Jonah's Wolf:participant,CH21-LOCAL-SEQUENCE,B03-C21-S01,wolf trenches dug,scene-ledger-event-specific,candidate,candidate-review-flagged,"Derived from author-ratified scene ledger major event; granularity-review, type-review, continuity-group-local"
N-EVT-B03-C21-S01-003,B03,B03-C21-S01,B03-C21-S01,town fortified,narrative_action,ENT-CHAR-0001,Jonah Harrow:participant,CH21-LOCAL-SEQUENCE,B03-C21-S01,town fortified,scene-ledger-event-specific,candidate,candidate-review-flagged,"Derived from author-ratified scene ledger major event; granularity-review, type-review, continuity-group-local"
N-EVT-B03-C21-S01-004,B03,B03-C21-S01,B03-C21-S01,Jonah recognizes command responsibility,discovery,ENT-CHAR-0001,Jonah Harrow:participant,JONAH-INJURY,B03-C21-S01,Jonah recognizes command responsibility,scene-ledger-event-specific,candidate,scaled-reviewed-v1.0,Derived from author-ratified scene ledger major event; no remaining review flag.
N-EVT-B03-C21-S02-001,B03,B03-C21-S02,B03-C21-S02,Fire Elemental installed in furnace,narrative_action,ENT-CHAR-0001,Jonah Harrow:participant,CH21-LOCAL-SEQUENCE,B03-C21-S02,Fire Elemental installed in furnace,scene-ledger-event-specific,candidate,candidate-review-flagged,"Derived from author-ratified scene ledger major event; type-review, continuity-group-local"
N-EVT-B03-C21-S02-002,B03,B03-C21-S02,B03-C21-S02,ley-line capacitor powered,narrative_action,ENT-CHAR-0001,Jonah Harrow:participant,CH21-LOCAL-SEQUENCE,B03-C21-S02,ley-line capacitor powered,scene-ledger-event-specific,candidate,candidate-review-flagged,"Derived from author-ratified scene ledger major event; granularity-review, type-review, continuity-group-local"
N-EVT-B03-C21-S02-003,B03,B03-C21-S02,B03-C21-S02,wards strengthened,narrative_action,ENT-CHAR-0001,Jonah Harrow:participant,CH21-LOCAL-SEQUENCE,B03-C21-S02,wards strengthened,scene-ledger-event-specific,candidate,candidate-review-flagged,"Derived from author-ratified scene ledger major event; granularity-review, type-review, continuity-group-local"
N-EVT-B03-C21-S03-001,B03,B03-C21-S03,B03-C21-S03,Blade of Silas examined,narrative_action,ENT-CHAR-0001;ENT-CHAR-0017,Jonah Harrow:participant;Silas Blackwood:participant,CH21-LOCAL-SEQUENCE,B03-C21-S03,Blade of Silas examined,scene-ledger-event-specific,candidate,candidate-review-flagged,"Derived from author-ratified scene ledger major event; type-review, continuity-group-local"
N-EVT-B03-C21-S03-002,B03,B03-C21-S03,B03-C21-S03,dark artifacts debated,narrative_action,ENT-CHAR-0001,Jonah Harrow:participant,CH21-LOCAL-SEQUENCE,B03-C21-S03,dark artifacts debated,scene-ledger-event-specific,candidate,candidate-review-flagged,"Derived from author-ratified scene ledger major event; granularity-review, type-review, continuity-group-local"
N-EVT-B03-C21-S03-003,B03,B03-C21-S03,B03-C21-S03,"rifles, armor, and grimoires distributed",narrative_action,ENT-CHAR-0001;ENT-OBJ-0020,Jonah Harrow:participant;Combat Grimoires:participant,ARCHIVES-DEFENSE,B03-C21-S03,"rifles, armor, and grimoires distributed",scene-ledger-event-specific,candidate,candidate-review-flagged,Derived from author-ratified scene ledger major event; type-review
N-EVT-B03-C21-S04-001,B03,B03-C21-S04,B03-C21-S04,Topographic map reviewed,narrative_action,ENT-CHAR-0001,Jonah Harrow:participant,CH21-LOCAL-SEQUENCE,B03-C21-S04,Topographic map reviewed,scene-ledger-event-specific,candidate,candidate-review-flagged,"Derived from author-ratified scene ledger major event; granularity-review, type-review, continuity-group-local"
N-EVT-B03-C21-S04-002,B03,B03-C21-S04,B03-C21-S04,bridge choke point planned,narrative_action,ENT-CHAR-0001,Jonah Harrow:participant,RESISTANCE-MISSION,B03-C21-S04,bridge choke point planned,scene-ledger-event-specific,candidate,candidate-review-flagged,Derived from author-ratified scene ledger major event; type-review
N-EVT-B03-C21-S04-003,B03,B03-C21-S04,B03-C21-S04,Trolls assigned as living armor,narrative_action,ENT-CHAR-0001,Jonah Harrow:participant,CH21-LOCAL-SEQUENCE,B03-C21-S04,Trolls assigned as living armor,scene-ledger-event-specific,candidate,candidate-review-flagged,"Derived from author-ratified scene ledger major event; type-review, continuity-group-local"
N-EVT-B03-C21-S04-004,B03,B03-C21-S04,B03-C21-S04,escape and Scroll contingency discussed,narrative_action,ENT-CHAR-0001;ENT-OBJ-0010,Jonah Harrow:participant;Original Integration Treaty:participant,TREATY-CUSTODY,B03-C21-S04,escape and Scroll contingency discussed,scene-ledger-event-specific,candidate,candidate-review-flagged,Derived from author-ratified scene ledger major event; type-review
N-EVT-B03-C21-S05-001,B03,B03-C21-S05,B03-C21-S05,Jonah rejects abandoning Margot,narrative_action,ENT-CHAR-0001;ENT-CHAR-0002,Jonah Harrow:participant;Margot Vance:participant,JONAH-INJURY,B03-C21-S05,Jonah rejects abandoning Margot,scene-ledger-event-specific,candidate,candidate-review-flagged,Derived from author-ratified scene ledger major event; type-review
N-EVT-B03-C21-S05-002,B03,B03-C21-S05,B03-C21-S05,declares her his anchor,decision,ENT-CHAR-0001,Jonah Harrow:participant,RELATIONSHIP-ESCALATION,B03-C21-S05,declares her his anchor,scene-ledger-event-specific,candidate,scaled-reviewed-v1.0,Derived from author-ratified scene ledger major event; no remaining review flag.
N-EVT-B03-C21-S05-003,B03,B03-C21-S05,B03-C21-S05,emotional confession,narrative_action,ENT-CHAR-0001,Jonah Harrow:participant,CH21-LOCAL-SEQUENCE,B03-C21-S05,emotional confession,scene-ledger-event-specific,candidate,candidate-review-flagged,"Derived from author-ratified scene ledger major event; granularity-review, type-review, continuity-group-local"
N-EVT-B03-C21-S05-004,B03,B03-C21-S05,B03-C21-S05,advancing army detected,narrative_action,ENT-CHAR-0001,Jonah Harrow:participant,CH21-LOCAL-SEQUENCE,B03-C21-S05,advancing army detected,scene-ledger-event-specific,candidate,candidate-review-flagged,"Derived from author-ratified scene ledger major event; granularity-review, type-review, continuity-group-local"
N-EVT-B03-C21-S06-001,B03,B03-C21-S06,B03-C21-S06,Grey Guard legion crosses bridge,narrative_action,ENT-CHAR-0001;ENT-GROUP-0004,Jonah Harrow:participant;Grey Guard:participant,WILD-HUNT,B03-C21-S06,Grey Guard legion crosses bridge,scene-ledger-event-specific,candidate,candidate-review-flagged,Derived from author-ratified scene ledger major event; type-review
N-EVT-B03-C21-S06-002,B03,B03-C21-S06,B03-C21-S06,anti-magic phalanx revealed,narrative_action,ENT-CHAR-0001,Jonah Harrow:participant,CH21-LOCAL-SEQUENCE,B03-C21-S06,anti-magic phalanx revealed,scene-ledger-event-specific,candidate,candidate-review-flagged,"Derived from author-ratified scene ledger major event; granularity-review, type-review, continuity-group-local"
N-EVT-B03-C21-S06-003,B03,B03-C21-S06,B03-C21-S06,Valerius demands surrender,narrative_action,ENT-CHAR-0001;ENT-CHAR-0014,Jonah Harrow:participant;Inquisitor Valerius:participant,FINAL-CONFRONTATION,B03-C21-S06,Valerius demands surrender,scene-ledger-event-specific,candidate,candidate-review-flagged,"Derived from author-ratified scene ledger major event; granularity-review, type-review"
N-EVT-B03-C21-S06-004,B03,B03-C21-S06,B03-C21-S06,town answers with armed defiance,narrative_action,ENT-CHAR-0001,Jonah Harrow:participant,CH21-LOCAL-SEQUENCE,B03-C21-S06,town answers with armed defiance,scene-ledger-event-specific,candidate,candidate-review-flagged,"Derived from author-ratified scene ledger major event; type-review, continuity-group-local"
N-EVT-B03-C22-S01-001,B03,B03-C22-S01,B03-C22-S01,Grey Guard advances,narrative_action,ENT-CHAR-0002;ENT-CHAR-0001;ENT-GROUP-0004,Margot Vance:participant;Jonah Harrow:participant;Grey Guard:participant,WILD-HUNT,B03-C22-S01,Grey Guard advances,scene-ledger-event-specific,candidate,candidate-review-flagged,"Derived from author-ratified scene ledger major event; granularity-review, type-review"
N-EVT-B03-C22-S01-002,B03,B03-C22-S01,B03-C22-S01,trench defense collapses,narrative_action,ENT-CHAR-0002;ENT-CHAR-0001,Margot Vance:participant;Jonah Harrow:participant,CH22-LOCAL-SEQUENCE,B03-C22-S01,trench defense collapses,scene-ledger-event-specific,candidate,candidate-review-flagged,"Derived from author-ratified scene ledger major event; granularity-review, type-review, continuity-group-local"
N-EVT-B03-C22-S01-003,B03,B03-C22-S01,B03-C22-S01,wounded defenders retreat,state_damage,ENT-CHAR-0002;ENT-CHAR-0001,Margot Vance:participant;Jonah Harrow:participant,JONAH-INJURY,B03-C22-S01,wounded defenders retreat,scene-ledger-event-specific,candidate,candidate-review-flagged,Derived from author-ratified scene ledger major event; granularity-review
N-EVT-B03-C22-S01-004,B03,B03-C22-S01,B03-C22-S01,plasma cutter attacks the oak doors,physical_conflict,ENT-CHAR-0002;ENT-CHAR-0001,Margot Vance:participant;Jonah Harrow:participant,CH22-LOCAL-SEQUENCE,B03-C22-S01,plasma cutter attacks the oak doors,scene-ledger-event-specific,candidate,candidate-review-flagged,Derived from author-ratified scene ledger major event; continuity-group-local
N-EVT-B03-C22-S02-001,B03,B03-C22-S02,B03-C22-S02,Oak doors glow from plasma cutter,narrative_action,ENT-CHAR-0002,Margot Vance:participant,CH22-LOCAL-SEQUENCE,B03-C22-S02,Oak doors glow from plasma cutter,scene-ledger-event-specific,candidate,candidate-review-flagged,"Derived from author-ratified scene ledger major event; type-review, continuity-group-local"
N-EVT-B03-C22-S02-002,B03,B03-C22-S02,B03-C22-S02,Grey Guard breaches,movement,ENT-CHAR-0002;ENT-GROUP-0004,Margot Vance:participant;Grey Guard:participant,WILD-HUNT,B03-C22-S02,Grey Guard breaches,scene-ledger-event-specific,candidate,candidate-review-flagged,Derived from author-ratified scene ledger major event; granularity-review
N-EVT-B03-C22-S02-003,B03,B03-C22-S02,B03-C22-S02,Margot positions defenders and prepares floor mechanism,preparation,ENT-CHAR-0002,Margot Vance:participant,CH22-LOCAL-SEQUENCE,B03-C22-S02,Margot positions defenders and prepares floor mechanism,scene-ledger-event-specific,candidate,candidate-review-flagged,Derived from author-ratified scene ledger major event; continuity-group-local
N-EVT-B03-C22-S03-001,B03,B03-C22-S03,B03-C22-S03,Floor rotates,narrative_action,ENT-CHAR-0002;ENT-CHAR-0001,Margot Vance:participant;Jonah Harrow:participant,CH22-LOCAL-SEQUENCE,B03-C22-S03,Floor rotates,scene-ledger-event-specific,candidate,candidate-review-flagged,"Derived from author-ratified scene ledger major event; granularity-review, type-review, continuity-group-local"
N-EVT-B03-C22-S03-002,B03,B03-C22-S03,B03-C22-S03,gravity follows,narrative_action,ENT-CHAR-0002;ENT-CHAR-0001,Margot Vance:participant;Jonah Harrow:participant,CH22-LOCAL-SEQUENCE,B03-C22-S03,gravity follows,scene-ledger-event-specific,candidate,candidate-review-flagged,"Derived from author-ratified scene ledger major event; granularity-review, type-review, continuity-group-local"
N-EVT-B03-C22-S03-003,B03,B03-C22-S03,B03-C22-S03,Grey Guard falls into paradox space,narrative_action,ENT-CHAR-0002;ENT-CHAR-0001;ENT-GROUP-0004,Margot Vance:participant;Jonah Harrow:participant;Grey Guard:participant,WILD-HUNT,B03-C22-S03,Grey Guard falls into paradox space,scene-ledger-event-specific,candidate,candidate-review-flagged,Derived from author-ratified scene ledger major event; type-review
N-EVT-B03-C22-S03-004,B03,B03-C22-S03,B03-C22-S03,Valerius orders reserves,decision,ENT-CHAR-0002;ENT-CHAR-0001;ENT-CHAR-0014,Margot Vance:participant;Jonah Harrow:participant;Inquisitor Valerius:participant,FINAL-CONFRONTATION,B03-C22-S03,Valerius orders reserves,scene-ledger-event-specific,candidate,candidate-review-flagged,Derived from author-ratified scene ledger major event; granularity-review
N-EVT-B03-C22-S04-001,B03,B03-C22-S04,B03-C22-S04,Valerius approaches alone,narrative_action,ENT-CHAR-0001;ENT-CHAR-0014,Jonah Harrow:participant;Inquisitor Valerius:participant,FINAL-CONFRONTATION,B03-C22-S04,Valerius approaches alone,scene-ledger-event-specific,candidate,candidate-review-flagged,"Derived from author-ratified scene ledger major event; granularity-review, type-review"
N-EVT-B03-C22-S04-002,B03,B03-C22-S04,B03-C22-S04,terms exchanged,narrative_action,ENT-CHAR-0001,Jonah Harrow:participant,CH22-LOCAL-SEQUENCE,B03-C22-S04,terms exchanged,scene-ledger-event-specific,candidate,candidate-review-flagged,"Derived from author-ratified scene ledger major event; granularity-review, type-review, continuity-group-local"
N-EVT-B03-C22-S04-003,B03,B03-C22-S04,B03-C22-S04,Margot requests access to the Scroll,narrative_action,ENT-CHAR-0001;ENT-CHAR-0002;ENT-OBJ-0010,Jonah Harrow:participant;Margot Vance:participant;Original Integration Treaty:participant,TREATY-CUSTODY,B03-C22-S04,Margot requests access to the Scroll,scene-ledger-event-specific,candidate,candidate-review-flagged,Derived from author-ratified scene ledger major event; type-review
N-EVT-B03-C22-S04-004,B03,B03-C22-S04,B03-C22-S04,Jonah reads her real plan,narrative_action,ENT-CHAR-0001,Jonah Harrow:participant,JONAH-INJURY,B03-C22-S04,Jonah reads her real plan,scene-ledger-event-specific,candidate,candidate-review-flagged,Derived from author-ratified scene ledger major event; type-review
N-EVT-B03-C22-S05-001,B03,B03-C22-S05,B03-C22-S05,Margot consults the Fire Elemental,narrative_action,ENT-CHAR-0002,Margot Vance:participant,CH22-LOCAL-SEQUENCE,B03-C22-S05,Margot consults the Fire Elemental,scene-ledger-event-specific,candidate,candidate-review-flagged,"Derived from author-ratified scene ledger major event; type-review, continuity-group-local"
N-EVT-B03-C22-S05-002,B03,B03-C22-S05,B03-C22-S05,enemy construct approaches,narrative_action,ENT-CHAR-0002,Margot Vance:participant,CH22-LOCAL-SEQUENCE,B03-C22-S05,enemy construct approaches,scene-ledger-event-specific,candidate,candidate-review-flagged,"Derived from author-ratified scene ledger major event; granularity-review, type-review, continuity-group-local"
N-EVT-B03-C22-S05-003,B03,B03-C22-S05,B03-C22-S05,Siege Golem revealed,narrative_action,ENT-CHAR-0002,Margot Vance:participant,CH22-LOCAL-SEQUENCE,B03-C22-S05,Siege Golem revealed,scene-ledger-event-specific,candidate,candidate-review-flagged,"Derived from author-ratified scene ledger major event; granularity-review, type-review, continuity-group-local"
N-EVT-B03-C22-S06-001,B03,B03-C22-S06,B03-C22-S06,Siege Golem attacks,physical_conflict,ENT-CHAR-0002;ENT-CHAR-0001,Margot Vance:participant;Jonah Harrow:participant,CH22-LOCAL-SEQUENCE,B03-C22-S06,Siege Golem attacks,scene-ledger-event-specific,candidate,candidate-review-flagged,"Derived from author-ratified scene ledger major event; granularity-review, continuity-group-local"
N-EVT-B03-C22-S06-002,B03,B03-C22-S06,B03-C22-S06,Grishka is thrown into fountain,narrative_action,ENT-CHAR-0002;ENT-CHAR-0001;ENT-CHAR-0003,Margot Vance:participant;Jonah Harrow:participant;Grishka:participant,CH22-LOCAL-SEQUENCE,B03-C22-S06,Grishka is thrown into fountain,scene-ledger-event-specific,candidate,candidate-review-flagged,"Derived from author-ratified scene ledger major event; type-review, continuity-group-local"
N-EVT-B03-C22-S06-003,B03,B03-C22-S06,B03-C22-S06,Golem raises both arms to break through,preparation,ENT-CHAR-0002;ENT-CHAR-0001,Margot Vance:participant;Jonah Harrow:participant,CH22-LOCAL-SEQUENCE,B03-C22-S06,Golem raises both arms to break through,scene-ledger-event-specific,candidate,candidate-review-flagged,Derived from author-ratified scene ledger major event; continuity-group-local
N-EVT-B03-C23-S01-001,B03,B03-C23-S01,B03-C23-S01,Golem destroys interior,destruction,ENT-CHAR-0002,Margot Vance:participant,CH23-LOCAL-SEQUENCE,B03-C23-S01,Golem destroys interior,scene-ledger-event-specific,candidate,candidate-review-flagged,"Derived from author-ratified scene ledger major event; granularity-review, continuity-group-local"
N-EVT-B03-C23-S01-002,B03,B03-C23-S01,B03-C23-S01,Grishka wounded,state_damage,ENT-CHAR-0002;ENT-CHAR-0003,Margot Vance:participant;Grishka:participant,JONAH-INJURY,B03-C23-S01,Grishka wounded,scene-ledger-event-specific,candidate,candidate-review-flagged,Derived from author-ratified scene ledger major event; granularity-review
N-EVT-B03-C23-S01-003,B03,B03-C23-S01,B03-C23-S01,Margot analyzes construct rules,narrative_action,ENT-CHAR-0002,Margot Vance:participant,CH23-LOCAL-SEQUENCE,B03-C23-S01,Margot analyzes construct rules,scene-ledger-event-specific,candidate,candidate-review-flagged,"Derived from author-ratified scene ledger major event; type-review, continuity-group-local"
N-EVT-B03-C23-S01-004,B03,B03-C23-S01,B03-C23-S01,loophole idea forms,narrative_action,ENT-CHAR-0002,Margot Vance:participant,CH23-LOCAL-SEQUENCE,B03-C23-S01,loophole idea forms,scene-ledger-event-specific,candidate,candidate-review-flagged,"Derived from author-ratified scene ledger major event; granularity-review, type-review, continuity-group-local"
N-EVT-B03-C23-S02-001,B03,B03-C23-S02,B03-C23-S02,Old Index searched,narrative_action,ENT-CHAR-0002,Margot Vance:participant,CH23-LOCAL-SEQUENCE,B03-C23-S02,Old Index searched,scene-ledger-event-specific,candidate,candidate-review-flagged,"Derived from author-ratified scene ledger major event; granularity-review, type-review, continuity-group-local"
N-EVT-B03-C23-S02-002,B03,B03-C23-S02,B03-C23-S02,Golem classified,narrative_action,ENT-CHAR-0002,Margot Vance:participant,CH23-LOCAL-SEQUENCE,B03-C23-S02,Golem classified,scene-ledger-event-specific,candidate,candidate-review-flagged,"Derived from author-ratified scene ledger major event; granularity-review, type-review, continuity-group-local"
N-EVT-B03-C23-S02-003,B03,B03-C23-S02,B03-C23-S02,Trans-Dimensional Oversize Returns chute requested,narrative_action,ENT-CHAR-0002,Margot Vance:participant,CH23-LOCAL-SEQUENCE,B03-C23-S02,Trans-Dimensional Oversize Returns chute requested,scene-ledger-event-specific,candidate,candidate-review-flagged,"Derived from author-ratified scene ledger major event; type-review, continuity-group-local"
N-EVT-B03-C23-S02-004,B03,B03-C23-S02,B03-C23-S02,Label Gun loaded,narrative_action,ENT-CHAR-0002;ENT-OBJ-0021,Margot Vance:participant;Keeper's Label Gun:participant,CH23-LOCAL-SEQUENCE,B03-C23-S02,Label Gun loaded,scene-ledger-event-specific,candidate,candidate-review-flagged,"Derived from author-ratified scene ledger major event; granularity-review, type-review, continuity-group-local"
N-EVT-B03-C23-S03-001,B03,B03-C23-S03,B03-C23-S03,Margot rides book cart,narrative_action,ENT-CHAR-0002,Margot Vance:participant,CH23-LOCAL-SEQUENCE,B03-C23-S03,Margot rides book cart,scene-ledger-event-specific,candidate,candidate-review-flagged,"Derived from author-ratified scene ledger major event; type-review, continuity-group-local"
N-EVT-B03-C23-S03-002,B03,B03-C23-S03,B03-C23-S03,Jonah shifts and attacks hydraulics,physical_conflict,ENT-CHAR-0002;ENT-CHAR-0001,Margot Vance:participant;Jonah Harrow:participant,JONAH-INJURY,B03-C23-S03,Jonah shifts and attacks hydraulics,scene-ledger-event-specific,candidate,scaled-reviewed-v1.0,Derived from author-ratified scene ledger major event; no remaining review flag.
N-EVT-B03-C23-S03-003,B03,B03-C23-S03,B03-C23-S03,Aleksei distracts,narrative_action,ENT-CHAR-0002;ENT-CHAR-0004,Margot Vance:participant;Aleksei Petrov:participant,CH23-LOCAL-SEQUENCE,B03-C23-S03,Aleksei distracts,scene-ledger-event-specific,candidate,candidate-review-flagged,"Derived from author-ratified scene ledger major event; granularity-review, type-review, continuity-group-local"
N-EVT-B03-C23-S03-004,B03,B03-C23-S03,B03-C23-S03,Label Gun fired,narrative_action,ENT-CHAR-0002;ENT-OBJ-0021,Margot Vance:participant;Keeper's Label Gun:participant,CH23-LOCAL-SEQUENCE,B03-C23-S03,Label Gun fired,scene-ledger-event-specific,candidate,candidate-review-flagged,"Derived from author-ratified scene ledger major event; granularity-review, type-review, continuity-group-local"
N-EVT-B03-C23-S04-001,B03,B03-C23-S04,B03-C23-S04,Golem fights sorting system,physical_conflict,ENT-CHAR-0002,Margot Vance:participant,CH23-LOCAL-SEQUENCE,B03-C23-S04,Golem fights sorting system,scene-ledger-event-specific,candidate,candidate-review-flagged,Derived from author-ratified scene ledger major event; continuity-group-local
N-EVT-B03-C23-S04-002,B03,B03-C23-S04,B03-C23-S04,label smokes,narrative_action,ENT-CHAR-0002,Margot Vance:participant,CH23-LOCAL-SEQUENCE,B03-C23-S04,label smokes,scene-ledger-event-specific,candidate,candidate-review-flagged,"Derived from author-ratified scene ledger major event; granularity-review, type-review, continuity-group-local"
N-EVT-B03-C23-S04-003,B03,B03-C23-S04,B03-C23-S04,stamp identified,narrative_action,ENT-CHAR-0002;ENT-OBJ-0022,Margot Vance:participant;Checkout Stamp:participant,CH23-LOCAL-SEQUENCE,B03-C23-S04,stamp identified,scene-ledger-event-specific,candidate,candidate-review-flagged,"Derived from author-ratified scene ledger major event; granularity-review, type-review, continuity-group-local"
N-EVT-B03-C23-S04-004,B03,B03-C23-S04,B03-C23-S04,fastball launch begins,narrative_action,ENT-CHAR-0002,Margot Vance:participant,CH23-LOCAL-SEQUENCE,B03-C23-S04,fastball launch begins,scene-ledger-event-specific,candidate,candidate-review-flagged,"Derived from author-ratified scene ledger major event; granularity-review, type-review, continuity-group-local"
N-EVT-B03-C23-S05-001,B03,B03-C23-S05,B03-C23-S05,Margot lands on Golem,arrival,ENT-CHAR-0002,Margot Vance:participant,CH23-LOCAL-SEQUENCE,B03-C23-S05,Margot lands on Golem,scene-ledger-event-specific,candidate,candidate-review-flagged,Derived from author-ratified scene ledger major event; continuity-group-local
N-EVT-B03-C23-S05-002,B03,B03-C23-S05,B03-C23-S05,stamps it,narrative_action,ENT-CHAR-0002;ENT-OBJ-0022,Margot Vance:participant;Checkout Stamp:participant,CH23-LOCAL-SEQUENCE,B03-C23-S05,stamps it,scene-ledger-event-specific,candidate,candidate-review-flagged,"Derived from author-ratified scene ledger major event; granularity-review, type-review, continuity-group-local"
N-EVT-B03-C23-S05-003,B03,B03-C23-S05,B03-C23-S05,rollers accelerate,narrative_action,ENT-CHAR-0002,Margot Vance:participant,CH23-LOCAL-SEQUENCE,B03-C23-S05,rollers accelerate,scene-ledger-event-specific,candidate,candidate-review-flagged,"Derived from author-ratified scene ledger major event; granularity-review, type-review, continuity-group-local"
N-EVT-B03-C23-S05-004,B03,B03-C23-S05,B03-C23-S05,Jonah uses Librarian's Shush,narrative_action,ENT-CHAR-0002;ENT-CHAR-0001,Margot Vance:participant;Jonah Harrow:participant,JONAH-INJURY,B03-C23-S05,Jonah uses Librarian's Shush,scene-ledger-event-specific,candidate,candidate-review-flagged,Derived from author-ratified scene ledger major event; type-review
N-EVT-B03-C23-S05-005,B03,B03-C23-S05,B03-C23-S05,Golem falls into vortex,narrative_action,ENT-CHAR-0002,Margot Vance:participant,CH23-LOCAL-SEQUENCE,B03-C23-S05,Golem falls into vortex,scene-ledger-event-specific,candidate,candidate-review-flagged,"Derived from author-ratified scene ledger major event; type-review, continuity-group-local"
N-EVT-B03-C23-S06-001,B03,B03-C23-S06,B03-C23-S06,Casualty check,narrative_action,ENT-CHAR-0002,Margot Vance:participant,CH23-LOCAL-SEQUENCE,B03-C23-S06,Casualty check,scene-ledger-event-specific,candidate,candidate-review-flagged,"Derived from author-ratified scene ledger major event; granularity-review, type-review, continuity-group-local"
N-EVT-B03-C23-S06-002,B03,B03-C23-S06,B03-C23-S06,Grishka survives,narrative_action,ENT-CHAR-0002;ENT-CHAR-0003,Margot Vance:participant;Grishka:participant,CH23-LOCAL-SEQUENCE,B03-C23-S06,Grishka survives,scene-ledger-event-specific,candidate,candidate-review-flagged,"Derived from author-ratified scene ledger major event; granularity-review, type-review, continuity-group-local"
N-EVT-B03-C23-S06-003,B03,B03-C23-S06,B03-C23-S06,Valerius establishes perimeter and containment grid,narrative_action,ENT-CHAR-0002;ENT-CHAR-0014,Margot Vance:participant;Inquisitor Valerius:participant,FINAL-CONFRONTATION,B03-C23-S06,Valerius establishes perimeter and containment grid,scene-ledger-event-specific,candidate,candidate-review-flagged,Derived from author-ratified scene ledger major event; type-review
N-EVT-B03-C23-S06-004,B03,B03-C23-S06,B03-C23-S06,offensive decision,narrative_action,ENT-CHAR-0002,Margot Vance:participant,CH23-LOCAL-SEQUENCE,B03-C23-S06,offensive decision,scene-ledger-event-specific,candidate,candidate-review-flagged,"Derived from author-ratified scene ledger major event; granularity-review, type-review, continuity-group-local"
N-EVT-B03-C24-S01-001,B03,B03-C24-S01,B03-C24-S01,Supply status reviewed,narrative_action,ENT-CHAR-0001,Jonah Harrow:participant,CH24-LOCAL-SEQUENCE,B03-C24-S01,Supply status reviewed,scene-ledger-event-specific,candidate,candidate-review-flagged,"Derived from author-ratified scene ledger major event; granularity-review, type-review, continuity-group-local"
N-EVT-B03-C24-S01-002,B03,B03-C24-S01,B03-C24-S01,jamming analyzed,narrative_action,ENT-CHAR-0001,Jonah Harrow:participant,CH24-LOCAL-SEQUENCE,B03-C24-S01,jamming analyzed,scene-ledger-event-specific,candidate,candidate-review-flagged,"Derived from author-ratified scene ledger major event; granularity-review, type-review, continuity-group-local"
N-EVT-B03-C24-S01-003,B03,B03-C24-S01,B03-C24-S01,logging station identified,narrative_action,ENT-CHAR-0001,Jonah Harrow:participant,CH24-LOCAL-SEQUENCE,B03-C24-S01,logging station identified,scene-ledger-event-specific,candidate,candidate-review-flagged,"Derived from author-ratified scene ledger major event; granularity-review, type-review, continuity-group-local"
N-EVT-B03-C24-S01-004,B03,B03-C24-S01,B03-C24-S01,Aleksei and Sarah join mission,narrative_action,ENT-CHAR-0001;ENT-CHAR-0004;ENT-CHAR-0016,Jonah Harrow:participant;Aleksei Petrov:participant;Sarah:participant,RESISTANCE-MISSION,B03-C24-S01,Aleksei and Sarah join mission,scene-ledger-event-specific,candidate,candidate-review-flagged,Derived from author-ratified scene ledger major event; type-review
N-EVT-B03-C24-S02-001,B03,B03-C24-S02,B03-C24-S02,Coal-chute escape,narrative_action,ENT-CHAR-0001,Jonah Harrow:participant,CH24-LOCAL-SEQUENCE,B03-C24-S02,Coal-chute escape,scene-ledger-event-specific,candidate,candidate-review-flagged,"Derived from author-ratified scene ledger major event; granularity-review, type-review, continuity-group-local"
N-EVT-B03-C24-S02-002,B03,B03-C24-S02,B03-C24-S02,patrol evaded,narrative_action,ENT-CHAR-0001,Jonah Harrow:participant,CH24-LOCAL-SEQUENCE,B03-C24-S02,patrol evaded,scene-ledger-event-specific,candidate,candidate-review-flagged,"Derived from author-ratified scene ledger major event; granularity-review, type-review, continuity-group-local"
N-EVT-B03-C24-S02-003,B03,B03-C24-S02,B03-C24-S02,forest hunt,narrative_action,ENT-CHAR-0001,Jonah Harrow:participant,CH24-LOCAL-SEQUENCE,B03-C24-S02,forest hunt,scene-ledger-event-specific,candidate,candidate-review-flagged,"Derived from author-ratified scene ledger major event; granularity-review, type-review, continuity-group-local"
N-EVT-B03-C24-S02-004,B03,B03-C24-S02,B03-C24-S02,logging station reconnoitered,narrative_action,ENT-CHAR-0001,Jonah Harrow:participant,CH24-LOCAL-SEQUENCE,B03-C24-S02,logging station reconnoitered,scene-ledger-event-specific,candidate,candidate-review-flagged,"Derived from author-ratified scene ledger major event; granularity-review, type-review, continuity-group-local"
N-EVT-B03-C24-S03-001,B03,B03-C24-S03,B03-C24-S03,Guards knocked unconscious,narrative_action,ENT-CHAR-0001,Jonah Harrow:participant,CH24-LOCAL-SEQUENCE,B03-C24-S03,Guards knocked unconscious,scene-ledger-event-specific,candidate,candidate-review-flagged,"Derived from author-ratified scene ledger major event; granularity-review, type-review, continuity-group-local"
N-EVT-B03-C24-S03-002,B03,B03-C24-S03,B03-C24-S03,shack breached,narrative_action,ENT-CHAR-0001,Jonah Harrow:participant,CH24-LOCAL-SEQUENCE,B03-C24-S03,shack breached,scene-ledger-event-specific,candidate,candidate-review-flagged,"Derived from author-ratified scene ledger major event; granularity-review, type-review, continuity-group-local"
N-EVT-B03-C24-S03-003,B03,B03-C24-S03,B03-C24-S03,geothermal backup and transmitter activated,narrative_action,ENT-CHAR-0001;ENT-OBJ-0023,Jonah Harrow:participant;Logging-Station AM Transmitter:participant,CH24-LOCAL-SEQUENCE,B03-C24-S03,geothermal backup and transmitter activated,scene-ledger-event-specific,candidate,candidate-review-flagged,"Derived from author-ratified scene ledger major event; type-review, continuity-group-local"
N-EVT-B03-C24-S04-001,B03,B03-C24-S04,B03-C24-S04,"Jonah broadcasts town identity, siege facts, and plea for witnesses",disclosure,ENT-CHAR-0001,Jonah Harrow:participant,JONAH-INJURY,B03-C24-S04,"Jonah broadcasts town identity, siege facts, and plea for witnesses",scene-ledger-event-specific,candidate,scaled-reviewed-v1.0,Derived from author-ratified scene ledger major event; no remaining review flag.
N-EVT-B03-C24-S04-002,B03,B03-C24-S04,B03-C24-S04,transmitter destroyed,narrative_action,ENT-CHAR-0001;ENT-OBJ-0023,Jonah Harrow:participant;Logging-Station AM Transmitter:participant,CH24-LOCAL-SEQUENCE,B03-C24-S04,transmitter destroyed,scene-ledger-event-specific,candidate,candidate-review-flagged,"Derived from author-ratified scene ledger major event; granularity-review, type-review, continuity-group-local"
N-EVT-B03-C24-S04-003,B03,B03-C24-S04,B03-C24-S04,escape begins,narrative_action,ENT-CHAR-0001,Jonah Harrow:participant,CH24-LOCAL-SEQUENCE,B03-C24-S04,escape begins,scene-ledger-event-specific,candidate,candidate-review-flagged,"Derived from author-ratified scene ledger major event; granularity-review, type-review, continuity-group-local"
N-EVT-B03-C24-S05-001,B03,B03-C24-S05,B03-C24-S05,Team scatters,narrative_action,ENT-CHAR-0001,Jonah Harrow:participant,CH24-LOCAL-SEQUENCE,B03-C24-S05,Team scatters,scene-ledger-event-specific,candidate,candidate-review-flagged,"Derived from author-ratified scene ledger major event; granularity-review, type-review, continuity-group-local"
N-EVT-B03-C24-S05-002,B03,B03-C24-S05,B03-C24-S05,Jonah full-shifts,transformation,ENT-CHAR-0001,Jonah Harrow:participant,JONAH-INJURY,B03-C24-S05,Jonah full-shifts,scene-ledger-event-specific,candidate,candidate-review-flagged,Derived from author-ratified scene ledger major event; granularity-review
N-EVT-B03-C24-S05-003,B03,B03-C24-S05,B03-C24-S05,net and taser strike,narrative_action,ENT-CHAR-0001,Jonah Harrow:participant,CH24-LOCAL-SEQUENCE,B03-C24-S05,net and taser strike,scene-ledger-event-specific,candidate,candidate-review-flagged,"Derived from author-ratified scene ledger major event; type-review, continuity-group-local"
N-EVT-B03-C24-S05-004,B03,B03-C24-S05,B03-C24-S05,earth roots attack soldiers,narrative_action,ENT-CHAR-0001,Jonah Harrow:participant,CH24-LOCAL-SEQUENCE,B03-C24-S05,earth roots attack soldiers,scene-ledger-event-specific,candidate,candidate-review-flagged,"Derived from author-ratified scene ledger major event; type-review, continuity-group-local"
N-EVT-B03-C24-S05-005,B03,B03-C24-S05,B03-C24-S05,cliff jump,narrative_action,ENT-CHAR-0001,Jonah Harrow:participant,CH24-LOCAL-SEQUENCE,B03-C24-S05,cliff jump,scene-ledger-event-specific,candidate,candidate-review-flagged,"Derived from author-ratified scene ledger major event; granularity-review, type-review, continuity-group-local"
N-EVT-B03-C24-S06-001,B03,B03-C24-S06,B03-C24-S06,Jonah falls into icy river,narrative_action,ENT-CHAR-0001,Jonah Harrow:participant,JONAH-INJURY,B03-C24-S06,Jonah falls into icy river,scene-ledger-event-specific,candidate,candidate-review-flagged,Derived from author-ratified scene ledger major event; type-review
N-EVT-B03-C24-S06-002,B03,B03-C24-S06,B03-C24-S06,reaches bank naked and exhausted,movement,ENT-CHAR-0001,Jonah Harrow:participant,CH24-LOCAL-SEQUENCE,B03-C24-S06,reaches bank naked and exhausted,scene-ledger-event-specific,candidate,candidate-review-flagged,Derived from author-ratified scene ledger major event; continuity-group-local
N-EVT-B03-C24-S06-003,B03,B03-C24-S06,B03-C24-S06,civilian convoy approaches town,narrative_action,ENT-CHAR-0001,Jonah Harrow:participant,CH24-LOCAL-SEQUENCE,B03-C24-S06,civilian convoy approaches town,scene-ledger-event-specific,candidate,candidate-review-flagged,"Derived from author-ratified scene ledger major event; type-review, continuity-group-local"
N-EVT-B03-C25-S01-001,B03,B03-C25-S01,B03-C25-S01,Jonah returns through coal chute,narrative_action,ENT-CHAR-0002;ENT-CHAR-0001,Margot Vance:participant;Jonah Harrow:participant,JONAH-INJURY,B03-C25-S01,Jonah returns through coal chute,scene-ledger-event-specific,candidate,candidate-review-flagged,Derived from author-ratified scene ledger major event; type-review
N-EVT-B03-C25-S01-002,B03,B03-C25-S01,B03-C25-S01,reunion,narrative_action,ENT-CHAR-0002;ENT-CHAR-0001,Margot Vance:participant;Jonah Harrow:participant,CH25-LOCAL-SEQUENCE,B03-C25-S01,reunion,scene-ledger-event-specific,candidate,candidate-review-flagged,"Derived from author-ratified scene ledger major event; granularity-review, type-review, continuity-group-local"
N-EVT-B03-C25-S01-003,B03,B03-C25-S01,B03-C25-S01,broadcast success confirmed,narrative_action,ENT-CHAR-0002;ENT-CHAR-0001,Margot Vance:participant;Jonah Harrow:participant,TOWN-HALL-UPRISING,B03-C25-S01,broadcast success confirmed,scene-ledger-event-specific,candidate,candidate-review-flagged,"Derived from author-ratified scene ledger major event; granularity-review, type-review"
N-EVT-B03-C25-S01-004,B03,B03-C25-S01,B03-C25-S01,Jonah treated for cold exposure,narrative_action,ENT-CHAR-0002;ENT-CHAR-0001,Margot Vance:participant;Jonah Harrow:participant,JONAH-INJURY,B03-C25-S01,Jonah treated for cold exposure,scene-ledger-event-specific,candidate,candidate-review-flagged,Derived from author-ratified scene ledger major event; type-review
N-EVT-B03-C25-S02-001,B03,B03-C25-S02,B03-C25-S02,Convoy arrives,arrival,ENT-CHAR-0001,Jonah Harrow:participant,CH25-LOCAL-SEQUENCE,B03-C25-S02,Convoy arrives,scene-ledger-event-specific,candidate,candidate-review-flagged,"Derived from author-ratified scene ledger major event; granularity-review, continuity-group-local"
N-EVT-B03-C25-S02-002,B03,B03-C25-S02,B03-C25-S02,cameras record,narrative_action,ENT-CHAR-0001,Jonah Harrow:participant,CH25-LOCAL-SEQUENCE,B03-C25-S02,cameras record,scene-ledger-event-specific,candidate,candidate-review-flagged,"Derived from author-ratified scene ledger major event; granularity-review, type-review, continuity-group-local"
N-EVT-B03-C25-S02-003,B03,B03-C25-S02,B03-C25-S02,Jonah confronts Valerius,narrative_action,ENT-CHAR-0001;ENT-CHAR-0014,Jonah Harrow:participant;Inquisitor Valerius:participant,JONAH-INJURY,B03-C25-S02,Jonah confronts Valerius,scene-ledger-event-specific,candidate,candidate-review-flagged,"Derived from author-ratified scene ledger major event; granularity-review, type-review"
N-EVT-B03-C25-S02-004,B03,B03-C25-S02,B03-C25-S02,Valerius triggers backup system,narrative_action,ENT-CHAR-0001;ENT-CHAR-0014,Jonah Harrow:participant;Inquisitor Valerius:participant,FINAL-CONFRONTATION,B03-C25-S02,Valerius triggers backup system,scene-ledger-event-specific,candidate,candidate-review-flagged,Derived from author-ratified scene ledger major event; type-review
N-EVT-B03-C25-S03-001,B03,B03-C25-S03,B03-C25-S03,Backup signal disperses,narrative_action,ENT-CHAR-0002,Margot Vance:participant,CH25-LOCAL-SEQUENCE,B03-C25-S03,Backup signal disperses,scene-ledger-event-specific,candidate,candidate-review-flagged,"Derived from author-ratified scene ledger major event; granularity-review, type-review, continuity-group-local"
N-EVT-B03-C25-S03-002,B03,B03-C25-S03,B03-C25-S03,"Trolls, Vampires, and Wolves go feral",narrative_action,ENT-CHAR-0002,Margot Vance:participant,CH25-LOCAL-SEQUENCE,B03-C25-S03,"Trolls, Vampires, and Wolves go feral",scene-ledger-event-specific,candidate,candidate-review-flagged,"Derived from author-ratified scene ledger major event; type-review, continuity-group-local"
N-EVT-B03-C25-S03-003,B03,B03-C25-S03,B03-C25-S03,civilians and cameramen are attacked,narrative_action,ENT-CHAR-0002,Margot Vance:participant,CH25-LOCAL-SEQUENCE,B03-C25-S03,civilians and cameramen are attacked,scene-ledger-event-specific,candidate,candidate-review-flagged,"Derived from author-ratified scene ledger major event; type-review, continuity-group-local"
N-EVT-B03-C25-S04-001,B03,B03-C25-S04,B03-C25-S04,Grey Guard uses tranquilizer fire to shape violence toward cameras,narrative_action,ENT-CHAR-0002;ENT-CHAR-0001;ENT-GROUP-0004,Margot Vance:participant;Jonah Harrow:participant;Grey Guard:participant,WILD-HUNT,B03-C25-S04,Grey Guard uses tranquilizer fire to shape violence toward cameras,scene-ledger-event-specific,candidate,candidate-review-flagged,Derived from author-ratified scene ledger major event; type-review
N-EVT-B03-C25-S04-002,B03,B03-C25-S04,B03-C25-S04,defenders lose control,narrative_action,ENT-CHAR-0002;ENT-CHAR-0001,Margot Vance:participant;Jonah Harrow:participant,CH25-LOCAL-SEQUENCE,B03-C25-S04,defenders lose control,scene-ledger-event-specific,candidate,candidate-review-flagged,"Derived from author-ratified scene ledger major event; granularity-review, type-review, continuity-group-local"
N-EVT-B03-C25-S04-003,B03,B03-C25-S04,B03-C25-S04,Margot dragged inside,narrative_action,ENT-CHAR-0001;ENT-CHAR-0002,Jonah Harrow:participant;Margot Vance:participant,CH25-LOCAL-SEQUENCE,B03-C25-S04,Margot dragged inside,scene-ledger-event-specific,candidate,candidate-review-flagged,"Derived from author-ratified scene ledger major event; granularity-review, type-review, continuity-group-local"
N-EVT-B03-C25-S04-004,B03,B03-C25-S04,B03-C25-S04,Jonah left outside,narrative_action,ENT-CHAR-0002;ENT-CHAR-0001,Margot Vance:participant;Jonah Harrow:participant,JONAH-INJURY,B03-C25-S04,Jonah left outside,scene-ledger-event-specific,candidate,candidate-review-flagged,"Derived from author-ratified scene ledger major event; granularity-review, type-review"
N-EVT-B03-C25-S05-001,B03,B03-C25-S05,B03-C25-S05,Margot commits to catching Jonah,decision,ENT-CHAR-0001;ENT-CHAR-0002,Jonah Harrow:participant;Margot Vance:participant,JONAH-INJURY,B03-C25-S05,Margot commits to catching Jonah,scene-ledger-event-specific,candidate,scaled-reviewed-v1.0,Derived from author-ratified scene ledger major event; no remaining review flag.
N-EVT-B03-C25-S05-002,B03,B03-C25-S05,B03-C25-S05,alchemy station assembled,narrative_action,ENT-CHAR-0002,Margot Vance:participant,CH25-LOCAL-SEQUENCE,B03-C25-S05,alchemy station assembled,scene-ledger-event-specific,candidate,candidate-review-flagged,"Derived from author-ratified scene ledger major event; granularity-review, type-review, continuity-group-local"
N-EVT-B03-C25-S05-003,B03,B03-C25-S05,B03-C25-S05,cure plan formed,narrative_action,ENT-CHAR-0002;ENT-OBJ-0024,Margot Vance:participant;Dragon's-Blood Antiviral Cure:participant,RESISTANCE-MISSION,B03-C25-S05,cure plan formed,scene-ledger-event-specific,candidate,candidate-review-flagged,"Derived from author-ratified scene ledger major event; granularity-review, type-review"
N-EVT-B03-C25-S06-001,B03,B03-C25-S06,B03-C25-S06,Alchemy workspace prepared,narrative_action,ENT-CHAR-0002,Margot Vance:participant,CH25-LOCAL-SEQUENCE,B03-C25-S06,Alchemy workspace prepared,scene-ledger-event-specific,candidate,candidate-review-flagged,"Derived from author-ratified scene ledger major event; granularity-review, type-review, continuity-group-local"
N-EVT-B03-C25-S06-002,B03,B03-C25-S06,B03-C25-S06,dragon's blood antiviral process initiated,narrative_action,ENT-CHAR-0002,Margot Vance:participant,CURE-DELIVERY,B03-C25-S06,dragon's blood antiviral process initiated,scene-ledger-event-specific,candidate,candidate-review-flagged,Derived from author-ratified scene ledger major event; type-review
N-EVT-B03-C26-S01-001,B03,B03-C26-S01,B03-C26-S01,Virus intensifies,narrative_action,ENT-CHAR-0001,Jonah Harrow:participant,CH26-LOCAL-SEQUENCE,B03-C26-S01,Virus intensifies,scene-ledger-event-specific,candidate,candidate-review-flagged,"Derived from author-ratified scene ledger major event; granularity-review, type-review, continuity-group-local"
N-EVT-B03-C26-S01-002,B03,B03-C26-S01,B03-C26-S01,hallucinations begin,narrative_action,ENT-CHAR-0001,Jonah Harrow:participant,CH26-LOCAL-SEQUENCE,B03-C26-S01,hallucinations begin,scene-ledger-event-specific,candidate,candidate-review-flagged,"Derived from author-ratified scene ledger major event; granularity-review, type-review, continuity-group-local"
N-EVT-B03-C26-S01-003,B03,B03-C26-S01,B03-C26-S01,rat killed,narrative_action,ENT-CHAR-0001,Jonah Harrow:participant,CH26-LOCAL-SEQUENCE,B03-C26-S01,rat killed,scene-ledger-event-specific,candidate,candidate-review-flagged,"Derived from author-ratified scene ledger major event; granularity-review, type-review, continuity-group-local"
N-EVT-B03-C26-S01-004,B03,B03-C26-S01,B03-C26-S01,Jonah uses scent to navigate,narrative_action,ENT-CHAR-0001,Jonah Harrow:participant,JONAH-INJURY,B03-C26-S01,Jonah uses scent to navigate,scene-ledger-event-specific,candidate,candidate-review-flagged,Derived from author-ratified scene ledger major event; type-review
N-EVT-B03-C26-S02-001,B03,B03-C26-S02,B03-C26-S02,Ruined bar explored,narrative_action,ENT-CHAR-0001,Jonah Harrow:participant,CH26-LOCAL-SEQUENCE,B03-C26-S02,Ruined bar explored,scene-ledger-event-specific,candidate,candidate-review-flagged,"Derived from author-ratified scene ledger major event; granularity-review, type-review, continuity-group-local"
N-EVT-B03-C26-S02-002,B03,B03-C26-S02,B03-C26-S02,whiskey used to blunt rage,narrative_action,ENT-CHAR-0001,Jonah Harrow:participant,CH26-LOCAL-SEQUENCE,B03-C26-S02,whiskey used to blunt rage,scene-ledger-event-specific,candidate,candidate-review-flagged,"Derived from author-ratified scene ledger major event; type-review, continuity-group-local"
N-EVT-B03-C26-S02-003,B03,B03-C26-S02,B03-C26-S02,civilian enters,movement,ENT-CHAR-0001,Jonah Harrow:participant,CH26-LOCAL-SEQUENCE,B03-C26-S02,civilian enters,scene-ledger-event-specific,candidate,candidate-review-flagged,"Derived from author-ratified scene ledger major event; granularity-review, continuity-group-local"
N-EVT-B03-C26-S02-004,B03,B03-C26-S02,B03-C26-S02,Jonah resists attack,narrative_action,ENT-CHAR-0001,Jonah Harrow:participant,JONAH-INJURY,B03-C26-S02,Jonah resists attack,scene-ledger-event-specific,candidate,candidate-review-flagged,"Derived from author-ratified scene ledger major event; granularity-review, type-review"
N-EVT-B03-C26-S03-001,B03,B03-C26-S03,B03-C26-S03,Jonah locks himself in drunk tank,narrative_action,ENT-CHAR-0001,Jonah Harrow:participant,JONAH-INJURY,B03-C26-S03,Jonah locks himself in drunk tank,scene-ledger-event-specific,candidate,candidate-review-flagged,Derived from author-ratified scene ledger major event; type-review
N-EVT-B03-C26-S03-002,B03,B03-C26-S03,B03-C26-S03,hallucinations worsen,narrative_action,ENT-CHAR-0001,Jonah Harrow:participant,CH26-LOCAL-SEQUENCE,B03-C26-S03,hallucinations worsen,scene-ledger-event-specific,candidate,candidate-review-flagged,"Derived from author-ratified scene ledger major event; granularity-review, type-review, continuity-group-local"
N-EVT-B03-C26-S03-003,B03,B03-C26-S03,B03-C26-S03,CCTV contact with Margot established,narrative_action,ENT-CHAR-0001;ENT-CHAR-0002,Jonah Harrow:participant;Margot Vance:participant,CH26-LOCAL-SEQUENCE,B03-C26-S03,CCTV contact with Margot established,scene-ledger-event-specific,candidate,candidate-review-flagged,"Derived from author-ratified scene ledger major event; type-review, continuity-group-local"
N-EVT-B03-C26-S04-001,B03,B03-C26-S04,B03-C26-S04,Kill squad arrives,arrival,ENT-CHAR-0001,Jonah Harrow:participant,CH26-LOCAL-SEQUENCE,B03-C26-S04,Kill squad arrives,scene-ledger-event-specific,candidate,candidate-review-flagged,"Derived from author-ratified scene ledger major event; granularity-review, continuity-group-local"
N-EVT-B03-C26-S04-002,B03,B03-C26-S04,B03-C26-S04,Margot activates PA counter-signal,narrative_action,ENT-CHAR-0001;ENT-CHAR-0002,Jonah Harrow:participant;Margot Vance:participant,CH26-LOCAL-SEQUENCE,B03-C26-S04,Margot activates PA counter-signal,scene-ledger-event-specific,candidate,candidate-review-flagged,"Derived from author-ratified scene ledger major event; type-review, continuity-group-local"
N-EVT-B03-C26-S04-003,B03,B03-C26-S04,B03-C26-S04,Jonah vomits black ichor,narrative_action,ENT-CHAR-0001,Jonah Harrow:participant,JONAH-INJURY,B03-C26-S04,Jonah vomits black ichor,scene-ledger-event-specific,candidate,candidate-review-flagged,Derived from author-ratified scene ledger major event; type-review
N-EVT-B03-C26-S04-004,B03,B03-C26-S04,B03-C26-S04,rifles aimed,narrative_action,ENT-CHAR-0001,Jonah Harrow:participant,CH26-LOCAL-SEQUENCE,B03-C26-S04,rifles aimed,scene-ledger-event-specific,candidate,candidate-review-flagged,"Derived from author-ratified scene ledger major event; granularity-review, type-review, continuity-group-local"
N-EVT-B03-C26-S05-001,B03,B03-C26-S05,B03-C26-S05,Lights fail,narrative_action,ENT-CHAR-0001,Jonah Harrow:participant,CH26-LOCAL-SEQUENCE,B03-C26-S05,Lights fail,scene-ledger-event-specific,candidate,candidate-review-flagged,"Derived from author-ratified scene ledger major event; granularity-review, type-review, continuity-group-local"
N-EVT-B03-C26-S05-002,B03,B03-C26-S05,B03-C26-S05,Silas attacks soldiers,physical_conflict,ENT-CHAR-0001;ENT-CHAR-0017,Jonah Harrow:participant;Silas Blackwood:participant,CH26-LOCAL-SEQUENCE,B03-C26-S05,Silas attacks soldiers,scene-ledger-event-specific,candidate,candidate-review-flagged,"Derived from author-ratified scene ledger major event; granularity-review, continuity-group-local"
N-EVT-B03-C26-S05-003,B03,B03-C26-S05,B03-C26-S05,lock rusts away,narrative_action,ENT-CHAR-0001,Jonah Harrow:participant,CH26-LOCAL-SEQUENCE,B03-C26-S05,lock rusts away,scene-ledger-event-specific,candidate,candidate-review-flagged,"Derived from author-ratified scene ledger major event; granularity-review, type-review, continuity-group-local"
N-EVT-B03-C26-S05-004,B03,B03-C26-S05,B03-C26-S05,Jonah freed,narrative_action,ENT-CHAR-0001,Jonah Harrow:participant,JONAH-INJURY,B03-C26-S05,Jonah freed,scene-ledger-event-specific,candidate,candidate-review-flagged,"Derived from author-ratified scene ledger major event; granularity-review, type-review"
N-EVT-B03-C26-S06-001,B03,B03-C26-S06,B03-C26-S06,Silas uses Notice-Me-Not and blind door,narrative_action,ENT-CHAR-0001;ENT-CHAR-0017,Jonah Harrow:participant;Silas Blackwood:participant,CH26-LOCAL-SEQUENCE,B03-C26-S06,Silas uses Notice-Me-Not and blind door,scene-ledger-event-specific,candidate,candidate-review-flagged,"Derived from author-ratified scene ledger major event; type-review, continuity-group-local"
N-EVT-B03-C26-S06-002,B03,B03-C26-S06,B03-C26-S06,reunion in B4,narrative_action,ENT-CHAR-0001,Jonah Harrow:participant,CH26-LOCAL-SEQUENCE,B03-C26-S06,reunion in B4,scene-ledger-event-specific,candidate,candidate-review-flagged,"Derived from author-ratified scene ledger major event; granularity-review, type-review, continuity-group-local"
N-EVT-B03-C26-S06-003,B03,B03-C26-S06,B03-C26-S06,virus mechanism explained,narrative_action,ENT-CHAR-0001,Jonah Harrow:participant,CH26-LOCAL-SEQUENCE,B03-C26-S06,virus mechanism explained,scene-ledger-event-specific,candidate,candidate-review-flagged,"Derived from author-ratified scene ledger major event; granularity-review, type-review, continuity-group-local"
N-EVT-B03-C26-S06-004,B03,B03-C26-S06,B03-C26-S06,train robbery proposed,narrative_action,ENT-CHAR-0001,Jonah Harrow:participant,CH26-LOCAL-SEQUENCE,B03-C26-S06,train robbery proposed,scene-ledger-event-specific,candidate,candidate-review-flagged,"Derived from author-ratified scene ledger major event; granularity-review, type-review, continuity-group-local"
N-EVT-B03-C27-S01-001,B03,B03-C27-S01,B03-C27-S01,Train layout reviewed,narrative_action,ENT-CHAR-0002,Margot Vance:participant,CH27-LOCAL-SEQUENCE,B03-C27-S01,Train layout reviewed,scene-ledger-event-specific,candidate,candidate-review-flagged,"Derived from author-ratified scene ledger major event; granularity-review, type-review, continuity-group-local"
N-EVT-B03-C27-S01-002,B03,B03-C27-S01,B03-C27-S01,derailment rejected,narrative_action,ENT-CHAR-0002,Margot Vance:participant,CH27-LOCAL-SEQUENCE,B03-C27-S01,derailment rejected,scene-ledger-event-specific,candidate,candidate-review-flagged,"Derived from author-ratified scene ledger major event; granularity-review, type-review, continuity-group-local"
N-EVT-B03-C27-S01-003,B03,B03-C27-S01,B03-C27-S01,boarding strategy formed,narrative_action,ENT-CHAR-0002,Margot Vance:participant,CH27-LOCAL-SEQUENCE,B03-C27-S01,boarding strategy formed,scene-ledger-event-specific,candidate,candidate-review-flagged,"Derived from author-ratified scene ledger major event; granularity-review, type-review, continuity-group-local"
N-EVT-B03-C27-S01-004,B03,B03-C27-S01,B03-C27-S01,zip-line tower selected,narrative_action,ENT-CHAR-0002,Margot Vance:participant,EMITTER-SABOTAGE,B03-C27-S01,zip-line tower selected,scene-ledger-event-specific,candidate,candidate-review-flagged,"Derived from author-ratified scene ledger major event; granularity-review, type-review"
N-EVT-B03-C27-S02-001,B03,B03-C27-S02,B03-C27-S02,Tower climbed,narrative_action,ENT-CHAR-0002,Margot Vance:participant,EMITTER-SABOTAGE,B03-C27-S02,Tower climbed,scene-ledger-event-specific,candidate,candidate-review-flagged,"Derived from author-ratified scene ledger major event; granularity-review, type-review"
N-EVT-B03-C27-S02-002,B03,B03-C27-S02,B03-C27-S02,Iron Horse approaches,narrative_action,ENT-CHAR-0002;ENT-OBJ-0034,Margot Vance:participant;Iron Horse:participant,IRON-HORSE,B03-C27-S02,Iron Horse approaches,scene-ledger-event-specific,candidate,candidate-review-flagged,"Derived from author-ratified scene ledger major event; granularity-review, type-review"
N-EVT-B03-C27-S02-003,B03,B03-C27-S02,B03-C27-S02,zip-line route assessed,narrative_action,ENT-CHAR-0002,Margot Vance:participant,CH27-LOCAL-SEQUENCE,B03-C27-S02,zip-line route assessed,scene-ledger-event-specific,candidate,candidate-review-flagged,"Derived from author-ratified scene ledger major event; granularity-review, type-review, continuity-group-local"
N-EVT-B03-C27-S02-004,B03,B03-C27-S02,B03-C27-S02,Aleksei jumps,narrative_action,ENT-CHAR-0002;ENT-CHAR-0004,Margot Vance:participant;Aleksei Petrov:participant,CH27-LOCAL-SEQUENCE,B03-C27-S02,Aleksei jumps,scene-ledger-event-specific,candidate,candidate-review-flagged,"Derived from author-ratified scene ledger major event; granularity-review, type-review, continuity-group-local"
N-EVT-B03-C27-S03-001,B03,B03-C27-S03,B03-C27-S03,Aleksei disables turret,physical_conflict,ENT-CHAR-0002;ENT-CHAR-0004,Margot Vance:participant;Aleksei Petrov:participant,CH27-LOCAL-SEQUENCE,B03-C27-S03,Aleksei disables turret,scene-ledger-event-specific,candidate,candidate-review-flagged,"Derived from author-ratified scene ledger major event; granularity-review, continuity-group-local"
N-EVT-B03-C27-S03-002,B03,B03-C27-S03,B03-C27-S03,Margot and others zip-line aboard,narrative_action,ENT-CHAR-0002,Margot Vance:participant,CH27-LOCAL-SEQUENCE,B03-C27-S03,Margot and others zip-line aboard,scene-ledger-event-specific,candidate,candidate-review-flagged,"Derived from author-ratified scene ledger major event; type-review, continuity-group-local"
N-EVT-B03-C27-S03-003,B03,B03-C27-S03,B03-C27-S03,Jonah destroys mounted gun,destruction,ENT-CHAR-0002;ENT-CHAR-0001,Margot Vance:participant;Jonah Harrow:participant,JONAH-INJURY,B03-C27-S03,Jonah destroys mounted gun,scene-ledger-event-specific,candidate,scaled-reviewed-v1.0,Derived from author-ratified scene ledger major event; no remaining review flag.
N-EVT-B03-C27-S03-004,B03,B03-C27-S03,B03-C27-S03,hatch decoded,narrative_action,ENT-CHAR-0002,Margot Vance:participant,CH27-LOCAL-SEQUENCE,B03-C27-S03,hatch decoded,scene-ledger-event-specific,candidate,candidate-review-flagged,"Derived from author-ratified scene ledger major event; granularity-review, type-review, continuity-group-local"
N-EVT-B03-C27-S04-001,B03,B03-C27-S04,B03-C27-S04,Server-car firefight,narrative_action,ENT-CHAR-0002,Margot Vance:participant,CH27-LOCAL-SEQUENCE,B03-C27-S04,Server-car firefight,scene-ledger-event-specific,candidate,candidate-review-flagged,"Derived from author-ratified scene ledger major event; granularity-review, type-review, continuity-group-local"
N-EVT-B03-C27-S04-002,B03,B03-C27-S04,B03-C27-S04,Shock Troopers defeated,narrative_action,ENT-CHAR-0002,Margot Vance:participant,CH27-LOCAL-SEQUENCE,B03-C27-S04,Shock Troopers defeated,scene-ledger-event-specific,candidate,candidate-review-flagged,"Derived from author-ratified scene ledger major event; granularity-review, type-review, continuity-group-local"
N-EVT-B03-C27-S04-003,B03,B03-C27-S04,B03-C27-S04,telemetry examined,narrative_action,ENT-CHAR-0002,Margot Vance:participant,CH27-LOCAL-SEQUENCE,B03-C27-S04,telemetry examined,scene-ledger-event-specific,candidate,candidate-review-flagged,"Derived from author-ratified scene ledger major event; granularity-review, type-review, continuity-group-local"
N-EVT-B03-C27-S04-004,B03,B03-C27-S04,B03-C27-S04,Jackson Harrow identified as fuel,narrative_action,ENT-CHAR-0002,Margot Vance:participant,CH27-LOCAL-SEQUENCE,B03-C27-S04,Jackson Harrow identified as fuel,scene-ledger-event-specific,candidate,candidate-review-flagged,"Derived from author-ratified scene ledger major event; type-review, continuity-group-local"
N-EVT-B03-C27-S05-001,B03,B03-C27-S05,B03-C27-S05,Jonah charges through sleeper car,narrative_action,ENT-CHAR-0002;ENT-CHAR-0001,Margot Vance:participant;Jonah Harrow:participant,JONAH-INJURY,B03-C27-S05,Jonah charges through sleeper car,scene-ledger-event-specific,candidate,candidate-review-flagged,Derived from author-ratified scene ledger major event; type-review
N-EVT-B03-C27-S05-002,B03,B03-C27-S05,B03-C27-S05,guards defeated,narrative_action,ENT-CHAR-0002;ENT-CHAR-0001,Margot Vance:participant;Jonah Harrow:participant,CH27-LOCAL-SEQUENCE,B03-C27-S05,guards defeated,scene-ledger-event-specific,candidate,candidate-review-flagged,"Derived from author-ratified scene ledger major event; granularity-review, type-review, continuity-group-local"
N-EVT-B03-C27-S05-003,B03,B03-C27-S05,B03-C27-S05,Valerius confronted,narrative_action,ENT-CHAR-0002;ENT-CHAR-0001;ENT-CHAR-0014,Margot Vance:participant;Jonah Harrow:participant;Inquisitor Valerius:participant,FINAL-CONFRONTATION,B03-C27-S05,Valerius confronted,scene-ledger-event-specific,candidate,candidate-review-flagged,"Derived from author-ratified scene ledger major event; granularity-review, type-review"
N-EVT-B03-C27-S05-004,B03,B03-C27-S05,B03-C27-S05,dam collision announced,narrative_action,ENT-CHAR-0002;ENT-CHAR-0001,Margot Vance:participant;Jonah Harrow:participant,CH27-LOCAL-SEQUENCE,B03-C27-S05,dam collision announced,scene-ledger-event-specific,candidate,candidate-review-flagged,"Derived from author-ratified scene ledger major event; granularity-review, type-review, continuity-group-local"
N-EVT-B03-C28-S01-001,B03,B03-C28-S01,B03-C28-S01,Jonah fights Valerius,physical_conflict,ENT-CHAR-0002;ENT-CHAR-0001;ENT-CHAR-0014,Margot Vance:participant;Jonah Harrow:participant;Inquisitor Valerius:participant,JONAH-INJURY,B03-C28-S01,Jonah fights Valerius,scene-ledger-event-specific,candidate,candidate-review-flagged,Derived from author-ratified scene ledger major event; granularity-review
N-EVT-B03-C28-S01-002,B03,B03-C28-S01,B03-C28-S01,Margot attacks Jackson's tank,physical_conflict,ENT-CHAR-0001;ENT-CHAR-0002,Jonah Harrow:participant;Margot Vance:participant,CH28-LOCAL-SEQUENCE,B03-C28-S01,Margot attacks Jackson's tank,scene-ledger-event-specific,candidate,candidate-review-flagged,Derived from author-ratified scene ledger major event; continuity-group-local
N-EVT-B03-C28-S01-003,B03,B03-C28-S01,B03-C28-S01,throttle control is destroyed,narrative_action,ENT-CHAR-0002;ENT-CHAR-0001,Margot Vance:participant;Jonah Harrow:participant,CH28-LOCAL-SEQUENCE,B03-C28-S01,throttle control is destroyed,scene-ledger-event-specific,candidate,candidate-review-flagged,"Derived from author-ratified scene ledger major event; type-review, continuity-group-local"
N-EVT-B03-C28-S02-001,B03,B03-C28-S02,B03-C28-S02,Roof combat,narrative_action,UNRESOLVED,,CH28-LOCAL-SEQUENCE,B03-C28-S02,Roof combat,scene-ledger-event-specific,candidate,candidate-review-flagged,"Derived from author-ratified scene ledger major event; participant-unresolved, granularity-review, type-review, continuity-group-local"
N-EVT-B03-C28-S02-002,B03,B03-C28-S02,B03-C28-S02,coupling pin removed,narrative_action,UNRESOLVED,,CH28-LOCAL-SEQUENCE,B03-C28-S02,coupling pin removed,scene-ledger-event-specific,candidate,candidate-review-flagged,"Derived from author-ratified scene ledger major event; participant-unresolved, granularity-review, type-review, continuity-group-local"
N-EVT-B03-C28-S02-003,B03,B03-C28-S02,B03-C28-S02,safety-chain problem revealed,narrative_action,UNRESOLVED,,CH28-LOCAL-SEQUENCE,B03-C28-S02,safety-chain problem revealed,scene-ledger-event-specific,candidate,candidate-review-flagged,"Derived from author-ratified scene ledger major event; participant-unresolved, granularity-review, type-review, continuity-group-local"
N-EVT-B03-C28-S03-001,B03,B03-C28-S03,B03-C28-S03,Margot breaks tank,destruction,ENT-CHAR-0002,Margot Vance:participant,CH28-LOCAL-SEQUENCE,B03-C28-S03,Margot breaks tank,scene-ledger-event-specific,candidate,candidate-review-flagged,"Derived from author-ratified scene ledger major event; granularity-review, continuity-group-local"
N-EVT-B03-C28-S03-002,B03,B03-C28-S03,B03-C28-S03,Jackson freed,narrative_action,ENT-CHAR-0002,Margot Vance:participant,CH28-LOCAL-SEQUENCE,B03-C28-S03,Jackson freed,scene-ledger-event-specific,candidate,candidate-review-flagged,"Derived from author-ratified scene ledger major event; granularity-review, type-review, continuity-group-local"
N-EVT-B03-C28-S03-003,B03,B03-C28-S03,B03-C28-S03,Emitter destroyed,narrative_action,ENT-CHAR-0002;ENT-OBJ-0029,Margot Vance:participant;Magisterium Emitter Tower:participant,EMITTER-SABOTAGE,B03-C28-S03,Emitter destroyed,scene-ledger-event-specific,candidate,candidate-review-flagged,"Derived from author-ratified scene ledger major event; granularity-review, type-review"
N-EVT-B03-C28-S03-004,B03,B03-C28-S03,B03-C28-S03,Jonah tackles Valerius,narrative_action,ENT-CHAR-0002;ENT-CHAR-0001;ENT-CHAR-0014,Margot Vance:participant;Jonah Harrow:participant;Inquisitor Valerius:participant,JONAH-INJURY,B03-C28-S03,Jonah tackles Valerius,scene-ledger-event-specific,candidate,candidate-review-flagged,"Derived from author-ratified scene ledger major event; granularity-review, type-review"
N-EVT-B03-C28-S04-001,B03,B03-C28-S04,B03-C28-S04,Safety chain severed,narrative_action,ENT-CHAR-0002;ENT-CHAR-0001,Margot Vance:participant;Jonah Harrow:participant,CH28-LOCAL-SEQUENCE,B03-C28-S04,Safety chain severed,scene-ledger-event-specific,candidate,candidate-review-flagged,"Derived from author-ratified scene ledger major event; granularity-review, type-review, continuity-group-local"
N-EVT-B03-C28-S04-002,B03,B03-C28-S04,B03-C28-S04,rear train brakes,narrative_action,ENT-CHAR-0002;ENT-CHAR-0001,Margot Vance:participant;Jonah Harrow:participant,CH28-LOCAL-SEQUENCE,B03-C28-S04,rear train brakes,scene-ledger-event-specific,candidate,candidate-review-flagged,"Derived from author-ratified scene ledger major event; granularity-review, type-review, continuity-group-local"
N-EVT-B03-C28-S04-003,B03,B03-C28-S04,B03-C28-S04,Valerius parachutes away,narrative_action,ENT-CHAR-0002;ENT-CHAR-0001;ENT-CHAR-0014,Margot Vance:participant;Jonah Harrow:participant;Inquisitor Valerius:participant,FINAL-CONFRONTATION,B03-C28-S04,Valerius parachutes away,scene-ledger-event-specific,candidate,candidate-review-flagged,"Derived from author-ratified scene ledger major event; granularity-review, type-review"
N-EVT-B03-C28-S04-004,B03,B03-C28-S04,B03-C28-S04,locomotive reaches dam wall,movement,ENT-CHAR-0002;ENT-CHAR-0001,Margot Vance:participant;Jonah Harrow:participant,CH28-LOCAL-SEQUENCE,B03-C28-S04,locomotive reaches dam wall,scene-ledger-event-specific,candidate,candidate-review-flagged,Derived from author-ratified scene ledger major event; continuity-group-local
N-EVT-B03-C28-S05-001,B03,B03-C28-S05,B03-C28-S05,Locomotive crashes,narrative_action,ENT-CHAR-0002;ENT-CHAR-0001,Margot Vance:participant;Jonah Harrow:participant,CH28-LOCAL-SEQUENCE,B03-C28-S05,Locomotive crashes,scene-ledger-event-specific,candidate,candidate-review-flagged,"Derived from author-ratified scene ledger major event; granularity-review, type-review, continuity-group-local"
N-EVT-B03-C28-S05-002,B03,B03-C28-S05,B03-C28-S05,engine enters reservoir,movement,ENT-CHAR-0002;ENT-CHAR-0001,Margot Vance:participant;Jonah Harrow:participant,CH28-LOCAL-SEQUENCE,B03-C28-S05,engine enters reservoir,scene-ledger-event-specific,candidate,candidate-review-flagged,"Derived from author-ratified scene ledger major event; granularity-review, continuity-group-local"
N-EVT-B03-C28-S05-003,B03,B03-C28-S05,B03-C28-S05,survivors reach surface,narrative_action,ENT-CHAR-0002;ENT-CHAR-0001,Margot Vance:participant;Jonah Harrow:participant,CH28-LOCAL-SEQUENCE,B03-C28-S05,survivors reach surface,scene-ledger-event-specific,candidate,candidate-review-flagged,"Derived from author-ratified scene ledger major event; granularity-review, type-review, continuity-group-local"
N-EVT-B03-C28-S05-004,B03,B03-C28-S05,B03-C28-S05,dam holds despite cracking,narrative_action,ENT-CHAR-0002;ENT-CHAR-0001,Margot Vance:participant;Jonah Harrow:participant,CH28-LOCAL-SEQUENCE,B03-C28-S05,dam holds despite cracking,scene-ledger-event-specific,candidate,candidate-review-flagged,"Derived from author-ratified scene ledger major event; type-review, continuity-group-local"
N-EVT-B03-C28-S06-001,B03,B03-C28-S06,B03-C28-S06,Jonah shifts human,transformation,ENT-CHAR-0002;ENT-CHAR-0001,Margot Vance:participant;Jonah Harrow:participant,JONAH-INJURY,B03-C28-S06,Jonah shifts human,scene-ledger-event-specific,candidate,candidate-review-flagged,Derived from author-ratified scene ledger major event; granularity-review
N-EVT-B03-C28-S06-002,B03,B03-C28-S06,B03-C28-S06,Jackson remains wolf but regains awareness,narrative_action,ENT-CHAR-0002;ENT-CHAR-0001;ENT-STATE-0002,Margot Vance:participant;Jonah Harrow:participant;Jonah's Wolf:participant,CH28-LOCAL-SEQUENCE,B03-C28-S06,Jackson remains wolf but regains awareness,scene-ledger-event-specific,candidate,candidate-review-flagged,"Derived from author-ratified scene ledger major event; type-review, continuity-group-local"
N-EVT-B03-C28-S06-003,B03,B03-C28-S06,B03-C28-S06,father-son contact,narrative_action,ENT-CHAR-0002;ENT-CHAR-0001,Margot Vance:participant;Jonah Harrow:participant,CH28-LOCAL-SEQUENCE,B03-C28-S06,father-son contact,scene-ledger-event-specific,candidate,candidate-review-flagged,"Derived from author-ratified scene ledger major event; granularity-review, type-review, continuity-group-local"
N-EVT-B03-C28-S06-004,B03,B03-C28-S06,B03-C28-S06,town status checked,narrative_action,ENT-CHAR-0002;ENT-CHAR-0001,Margot Vance:participant;Jonah Harrow:participant,CH28-LOCAL-SEQUENCE,B03-C28-S06,town status checked,scene-ledger-event-specific,candidate,candidate-review-flagged,"Derived from author-ratified scene ledger major event; granularity-review, type-review, continuity-group-local"
N-EVT-B03-C29-S01-001,B03,B03-C29-S01,B03-C29-S01,Return walk,narrative_action,ENT-CHAR-0002,Margot Vance:participant,CH29-LOCAL-SEQUENCE,B03-C29-S01,Return walk,scene-ledger-event-specific,candidate,candidate-review-flagged,"Derived from author-ratified scene ledger major event; granularity-review, type-review, continuity-group-local"
N-EVT-B03-C29-S01-002,B03,B03-C29-S01,B03-C29-S01,helicopter spotted,narrative_action,ENT-CHAR-0002,Margot Vance:participant,GUNSHIP-BATTLE,B03-C29-S01,helicopter spotted,scene-ledger-event-specific,candidate,candidate-review-flagged,"Derived from author-ratified scene ledger major event; granularity-review, type-review"
N-EVT-B03-C29-S01-003,B03,B03-C29-S01,B03-C29-S01,Margot carries Founding Scroll,narrative_action,ENT-CHAR-0002;ENT-OBJ-0010,Margot Vance:participant;Original Integration Treaty:participant,FOUNDING-TRUTH,B03-C29-S01,Margot carries Founding Scroll,scene-ledger-event-specific,candidate,candidate-review-flagged,Derived from author-ratified scene ledger major event; type-review
N-EVT-B03-C29-S01-004,B03,B03-C29-S01,B03-C29-S01,Jonah ordered to paramedics,narrative_action,ENT-CHAR-0002;ENT-CHAR-0001,Margot Vance:participant;Jonah Harrow:participant,JONAH-INJURY,B03-C29-S01,Jonah ordered to paramedics,scene-ledger-event-specific,candidate,candidate-review-flagged,Derived from author-ratified scene ledger major event; type-review
N-EVT-B03-C29-S02-001,B03,B03-C29-S02,B03-C29-S02,Sterling caught packing cash,narrative_action,ENT-CHAR-0002;ENT-CHAR-0009;ENT-GROUP-0002,Margot Vance:participant;Arthur Sterling:participant;Snowfall Creek Werewolf Pack:participant,FINAL-CONFRONTATION,B03-C29-S02,Sterling caught packing cash,scene-ledger-event-specific,candidate,candidate-review-flagged,Derived from author-ratified scene ledger major event; type-review
N-EVT-B03-C29-S02-002,B03,B03-C29-S02,B03-C29-S02,betrayal confessed,narrative_action,ENT-CHAR-0002,Margot Vance:participant,CH29-LOCAL-SEQUENCE,B03-C29-S02,betrayal confessed,scene-ledger-event-specific,candidate,candidate-review-flagged,"Derived from author-ratified scene ledger major event; granularity-review, type-review, continuity-group-local"
N-EVT-B03-C29-S02-003,B03,B03-C29-S02,B03-C29-S02,Margot condemns him,narrative_action,ENT-CHAR-0002,Margot Vance:participant,CH29-LOCAL-SEQUENCE,B03-C29-S02,Margot condemns him,scene-ledger-event-specific,candidate,candidate-review-flagged,"Derived from author-ratified scene ledger major event; granularity-review, type-review, continuity-group-local"
N-EVT-B03-C29-S03-001,B03,B03-C29-S03,B03-C29-S03,Valerius claims he can still prove the town failed,narrative_action,ENT-CHAR-0002;ENT-CHAR-0014,Margot Vance:participant;Inquisitor Valerius:participant,FINAL-CONFRONTATION,B03-C29-S03,Valerius claims he can still prove the town failed,scene-ledger-event-specific,candidate,candidate-review-flagged,Derived from author-ratified scene ledger major event; type-review
N-EVT-B03-C29-S03-002,B03,B03-C29-S03,B03-C29-S03,Margot invokes Charter and House Rules,narrative_action,ENT-CHAR-0002,Margot Vance:participant,CH29-LOCAL-SEQUENCE,B03-C29-S03,Margot invokes Charter and House Rules,scene-ledger-event-specific,candidate,candidate-review-flagged,"Derived from author-ratified scene ledger major event; type-review, continuity-group-local"
N-EVT-B03-C29-S04-001,B03,B03-C29-S04,B03-C29-S04,Fire absorbed,narrative_action,ENT-CHAR-0002,Margot Vance:participant,CH29-LOCAL-SEQUENCE,B03-C29-S04,Fire absorbed,scene-ledger-event-specific,candidate,candidate-review-flagged,"Derived from author-ratified scene ledger major event; granularity-review, type-review, continuity-group-local"
N-EVT-B03-C29-S04-002,B03,B03-C29-S04,B03-C29-S04,gravity blocked,narrative_action,ENT-CHAR-0002,Margot Vance:participant,CH29-LOCAL-SEQUENCE,B03-C29-S04,gravity blocked,scene-ledger-event-specific,candidate,candidate-review-flagged,"Derived from author-ratified scene ledger major event; granularity-review, type-review, continuity-group-local"
N-EVT-B03-C29-S04-003,B03,B03-C29-S04,B03-C29-S04,helicopter immobilized,narrative_action,ENT-CHAR-0002,Margot Vance:participant,GUNSHIP-BATTLE,B03-C29-S04,helicopter immobilized,scene-ledger-event-specific,candidate,candidate-review-flagged,"Derived from author-ratified scene ledger major event; granularity-review, type-review"
N-EVT-B03-C29-S04-004,B03,B03-C29-S04,B03-C29-S04,access revoked,narrative_action,ENT-CHAR-0002,Margot Vance:participant,CH29-LOCAL-SEQUENCE,B03-C29-S04,access revoked,scene-ledger-event-specific,candidate,candidate-review-flagged,"Derived from author-ratified scene ledger major event; granularity-review, type-review, continuity-group-local"
N-EVT-B03-C29-S05-001,B03,B03-C29-S05,B03-C29-S05,Bullet becomes paper moth,narrative_action,ENT-CHAR-0002,Margot Vance:participant,CH29-LOCAL-SEQUENCE,B03-C29-S05,Bullet becomes paper moth,scene-ledger-event-specific,candidate,candidate-review-flagged,"Derived from author-ratified scene ledger major event; type-review, continuity-group-local"
N-EVT-B03-C29-S05-002,B03,B03-C29-S05,B03-C29-S05,Valerius flattens into parchment,narrative_action,ENT-CHAR-0002;ENT-CHAR-0014,Margot Vance:participant;Inquisitor Valerius:participant,FINAL-CONFRONTATION,B03-C29-S05,Valerius flattens into parchment,scene-ledger-event-specific,candidate,candidate-review-flagged,Derived from author-ratified scene ledger major event; type-review
N-EVT-B03-C29-S05-003,B03,B03-C29-S05,B03-C29-S05,pilot surrenders,capture,ENT-CHAR-0002,Margot Vance:participant,CH29-LOCAL-SEQUENCE,B03-C29-S05,pilot surrenders,scene-ledger-event-specific,candidate,candidate-review-flagged,"Derived from author-ratified scene ledger major event; granularity-review, continuity-group-local"
N-EVT-B03-C29-S06-001,B03,B03-C29-S06,B03-C29-S06,Margot reports Valerius processed,disclosure,ENT-CHAR-0001;ENT-CHAR-0002;ENT-CHAR-0014,Jonah Harrow:participant;Margot Vance:participant;Inquisitor Valerius:participant,FINAL-CONFRONTATION,B03-C29-S06,Margot reports Valerius processed,scene-ledger-event-specific,candidate,scaled-reviewed-v1.0,Derived from author-ratified scene ledger major event; no remaining review flag.
N-EVT-B03-C29-S06-002,B03,B03-C29-S06,B03-C29-S06,Jackson receives care,narrative_action,ENT-CHAR-0002;ENT-CHAR-0001,Margot Vance:participant;Jonah Harrow:participant,CH29-LOCAL-SEQUENCE,B03-C29-S06,Jackson receives care,scene-ledger-event-specific,candidate,candidate-review-flagged,"Derived from author-ratified scene ledger major event; granularity-review, type-review, continuity-group-local"
N-EVT-B03-C29-S06-003,B03,B03-C29-S06,B03-C29-S06,victory acknowledged,narrative_action,ENT-CHAR-0002;ENT-CHAR-0001,Margot Vance:participant;Jonah Harrow:participant,CH29-LOCAL-SEQUENCE,B03-C29-S06,victory acknowledged,scene-ledger-event-specific,candidate,candidate-review-flagged,"Derived from author-ratified scene ledger major event; granularity-review, type-review, continuity-group-local"
N-EVT-B03-C29-S06-004,B03,B03-C29-S06,B03-C29-S06,pair return to library,narrative_action,ENT-CHAR-0002;ENT-CHAR-0001,Margot Vance:participant;Jonah Harrow:participant,CH29-LOCAL-SEQUENCE,B03-C29-S06,pair return to library,scene-ledger-event-specific,candidate,candidate-review-flagged,"Derived from author-ratified scene ledger major event; type-review, continuity-group-local"
N-EVT-B03-C30-S01-001,B03,B03-C30-S01,B03-C30-S01,Businesses reopen,narrative_action,ENT-CHAR-0002;ENT-CHAR-0001,Margot Vance:participant;Jonah Harrow:participant,CH30-LOCAL-SEQUENCE,B03-C30-S01,Businesses reopen,scene-ledger-event-specific,candidate,candidate-review-flagged,"Derived from author-ratified scene ledger major event; granularity-review, type-review, continuity-group-local"
N-EVT-B03-C30-S01-002,B03,B03-C30-S01,B03-C30-S01,supernatural residents work openly,narrative_action,ENT-CHAR-0002;ENT-CHAR-0001,Margot Vance:participant;Jonah Harrow:participant,CH30-LOCAL-SEQUENCE,B03-C30-S01,supernatural residents work openly,scene-ledger-event-specific,candidate,candidate-review-flagged,"Derived from author-ratified scene ledger major event; type-review, continuity-group-local"
N-EVT-B03-C30-S01-003,B03,B03-C30-S01,B03-C30-S01,journalists remain,narrative_action,ENT-CHAR-0002;ENT-CHAR-0001,Margot Vance:participant;Jonah Harrow:participant,CH30-LOCAL-SEQUENCE,B03-C30-S01,journalists remain,scene-ledger-event-specific,candidate,candidate-review-flagged,"Derived from author-ratified scene ledger major event; granularity-review, type-review, continuity-group-local"
N-EVT-B03-C30-S01-004,B03,B03-C30-S01,B03-C30-S01,Silas gives interviews,narrative_action,ENT-CHAR-0002;ENT-CHAR-0001;ENT-CHAR-0017,Margot Vance:participant;Jonah Harrow:participant;Silas Blackwood:participant,CH30-LOCAL-SEQUENCE,B03-C30-S01,Silas gives interviews,scene-ledger-event-specific,candidate,candidate-review-flagged,"Derived from author-ratified scene ledger major event; granularity-review, type-review, continuity-group-local"
N-EVT-B03-C30-S01-005,B03,B03-C30-S01,B03-C30-S01,library doors become transparent,narrative_action,ENT-CHAR-0002;ENT-CHAR-0001,Margot Vance:participant;Jonah Harrow:participant,CH30-LOCAL-SEQUENCE,B03-C30-S01,library doors become transparent,scene-ledger-event-specific,candidate,candidate-review-flagged,"Derived from author-ratified scene ledger major event; type-review, continuity-group-local"
N-EVT-B03-C30-S02-001,B03,B03-C30-S02,B03-C30-S02,Valerius book shelved,narrative_action,ENT-CHAR-0002;ENT-CHAR-0014,Margot Vance:participant;Inquisitor Valerius:participant,FINAL-CONFRONTATION,B03-C30-S02,Valerius book shelved,scene-ledger-event-specific,candidate,candidate-review-flagged,"Derived from author-ratified scene ledger major event; granularity-review, type-review"
N-EVT-B03-C30-S02-002,B03,B03-C30-S02,B03-C30-S02,Integration Act and Special Administrative Zone established,narrative_action,ENT-CHAR-0002,Margot Vance:participant,CH30-LOCAL-SEQUENCE,B03-C30-S02,Integration Act and Special Administrative Zone established,scene-ledger-event-specific,candidate,candidate-review-flagged,"Derived from author-ratified scene ledger major event; type-review, continuity-group-local"
N-EVT-B03-C30-S02-003,B03,B03-C30-S02,B03-C30-S02,Margot named Administrator,narrative_action,ENT-CHAR-0002,Margot Vance:participant,CH30-LOCAL-SEQUENCE,B03-C30-S02,Margot named Administrator,scene-ledger-event-specific,candidate,candidate-review-flagged,"Derived from author-ratified scene ledger major event; granularity-review, type-review, continuity-group-local"
N-EVT-B03-C30-S03-001,B03,B03-C30-S03,B03-C30-S03,Cabin restored,narrative_action,ENT-CHAR-0002;ENT-CHAR-0001,Margot Vance:participant;Jonah Harrow:participant,CH30-LOCAL-SEQUENCE,B03-C30-S03,Cabin restored,scene-ledger-event-specific,candidate,candidate-review-flagged,"Derived from author-ratified scene ledger major event; granularity-review, type-review, continuity-group-local"
N-EVT-B03-C30-S03-002,B03,B03-C30-S03,B03-C30-S03,no-more-secrets agreement,narrative_action,ENT-CHAR-0002;ENT-CHAR-0001,Margot Vance:participant;Jonah Harrow:participant,CH30-LOCAL-SEQUENCE,B03-C30-S03,no-more-secrets agreement,scene-ledger-event-specific,candidate,candidate-review-flagged,"Derived from author-ratified scene ledger major event; granularity-review, type-review, continuity-group-local"
N-EVT-B03-C30-S03-003,B03,B03-C30-S03,B03-C30-S03,consensual intimacy,relationship_event,ENT-CHAR-0002;ENT-CHAR-0001,Margot Vance:participant;Jonah Harrow:participant,CH30-LOCAL-SEQUENCE,B03-C30-S03,consensual intimacy,scene-ledger-event-specific,candidate,candidate-review-flagged,"Derived from author-ratified scene ledger major event; granularity-review, continuity-group-local"
N-EVT-B03-C30-S03-004,B03,B03-C30-S03,B03-C30-S03,love and relief shared through bond,relationship_event,ENT-CHAR-0002;ENT-CHAR-0001,Margot Vance:participant;Jonah Harrow:participant,RELATIONSHIP-ESCALATION,B03-C30-S03,love and relief shared through bond,scene-ledger-event-specific,candidate,scaled-reviewed-v1.0,Derived from author-ratified scene ledger major event; no remaining review flag.
N-EVT-B03-C30-S04-001,B03,B03-C30-S04,B03-C30-S04,Coffee conversation,narrative_action,ENT-CHAR-0001,Jonah Harrow:participant,CH30-LOCAL-SEQUENCE,B03-C30-S04,Coffee conversation,scene-ledger-event-specific,candidate,candidate-review-flagged,"Derived from author-ratified scene ledger major event; granularity-review, type-review, continuity-group-local"
N-EVT-B03-C30-S04-002,B03,B03-C30-S04,B03-C30-S04,old badge transferred,narrative_action,ENT-CHAR-0001,Jonah Harrow:participant,CH30-LOCAL-SEQUENCE,B03-C30-S04,old badge transferred,scene-ledger-event-specific,candidate,candidate-review-flagged,"Derived from author-ratified scene ledger major event; granularity-review, type-review, continuity-group-local"
N-EVT-B03-C30-S04-003,B03,B03-C30-S04,B03-C30-S04,Jackson plans museum work with Silas,narrative_action,ENT-CHAR-0001;ENT-CHAR-0017,Jonah Harrow:participant;Silas Blackwood:participant,RESISTANCE-MISSION,B03-C30-S04,Jackson plans museum work with Silas,scene-ledger-event-specific,candidate,candidate-review-flagged,Derived from author-ratified scene ledger major event; type-review
N-EVT-B03-C30-S05-001,B03,B03-C30-S05,B03-C30-S05,Council meeting,narrative_action,ENT-CHAR-0002;ENT-CHAR-0001,Margot Vance:participant;Jonah Harrow:participant,CH30-LOCAL-SEQUENCE,B03-C30-S05,Council meeting,scene-ledger-event-specific,candidate,candidate-review-flagged,"Derived from author-ratified scene ledger major event; granularity-review, type-review, continuity-group-local"
N-EVT-B03-C30-S05-002,B03,B03-C30-S05,B03-C30-S05,school and blood-drive agenda,narrative_action,ENT-CHAR-0002;ENT-CHAR-0001,Margot Vance:participant;Jonah Harrow:participant,CH30-LOCAL-SEQUENCE,B03-C30-S05,school and blood-drive agenda,scene-ledger-event-specific,candidate,candidate-review-flagged,"Derived from author-ratified scene ledger major event; type-review, continuity-group-local"
N-EVT-B03-C30-S05-003,B03,B03-C30-S05,B03-C30-S05,statue unveiled,narrative_action,ENT-CHAR-0002;ENT-CHAR-0001,Margot Vance:participant;Jonah Harrow:participant,CH30-LOCAL-SEQUENCE,B03-C30-S05,statue unveiled,scene-ledger-event-specific,candidate,candidate-review-flagged,"Derived from author-ratified scene ledger major event; granularity-review, type-review, continuity-group-local"
N-EVT-B03-C30-S05-004,B03,B03-C30-S05,B03-C30-S05,Silas presides as Speaker,narrative_action,ENT-CHAR-0002;ENT-CHAR-0001;ENT-CHAR-0017,Margot Vance:participant;Jonah Harrow:participant;Silas Blackwood:participant,CH30-LOCAL-SEQUENCE,B03-C30-S05,Silas presides as Speaker,scene-ledger-event-specific,candidate,candidate-review-flagged,"Derived from author-ratified scene ledger major event; type-review, continuity-group-local"
N-EVT-B03-C30-S06-001,B03,B03-C30-S06,B03-C30-S06,Black sedan arrives,arrival,ENT-CHAR-0002;ENT-CHAR-0001,Margot Vance:participant;Jonah Harrow:participant,CH30-LOCAL-SEQUENCE,B03-C30-S06,Black sedan arrives,scene-ledger-event-specific,candidate,candidate-review-flagged,"Derived from author-ratified scene ledger major event; granularity-review, continuity-group-local"
N-EVT-B03-C30-S06-002,B03,B03-C30-S06,B03-C30-S06,Cian confronts Aleksei,narrative_action,ENT-CHAR-0002;ENT-CHAR-0001;ENT-CHAR-0004;ENT-CHAR-0018,Margot Vance:participant;Jonah Harrow:participant;Aleksei Petrov:participant;Cian:participant,CH30-LOCAL-SEQUENCE,B03-C30-S06,Cian confronts Aleksei,scene-ledger-event-specific,candidate,candidate-review-flagged,"Derived from author-ratified scene ledger major event; granularity-review, type-review, continuity-group-local"
N-EVT-B03-C30-S06-003,B03,B03-C30-S06,B03-C30-S06,father-survival tease,narrative_action,ENT-CHAR-0002;ENT-CHAR-0001,Margot Vance:participant;Jonah Harrow:participant,CH30-LOCAL-SEQUENCE,B03-C30-S06,father-survival tease,scene-ledger-event-specific,candidate,candidate-review-flagged,"Derived from author-ratified scene ledger major event; granularity-review, type-review, continuity-group-local"
N-EVT-B03-C30-S06-004,B03,B03-C30-S06,B03-C30-S06,Necronomicon request,narrative_action,ENT-CHAR-0002;ENT-CHAR-0001,Margot Vance:participant;Jonah Harrow:participant,CH30-LOCAL-SEQUENCE,B03-C30-S06,Necronomicon request,scene-ledger-event-specific,candidate,candidate-review-flagged,"Derived from author-ratified scene ledger major event; granularity-review, type-review, continuity-group-local"
N-EVT-B03-C30-S06-005,B03,B03-C30-S06,B03-C30-S06,Jonah and Margot kiss and prepare,narrative_action,ENT-CHAR-0001;ENT-CHAR-0002,Jonah Harrow:participant;Margot Vance:participant,RELATIONSHIP-ESCALATION,B03-C30-S06,Jonah and Margot kiss and prepare,scene-ledger-event-specific,candidate,candidate-review-flagged,Derived from author-ratified scene ledger major event; type-review
