scene_context_id,scene_id,pov_character,location,present_characters,active_goals,active_threats,known_propositions,believed_propositions,false_beliefs,concealed_propositions,objects_present,relationship_states,open_promises,reader_advantage,reader_disadvantage,revision_context,source_document,review_status,notes
CTX-B03-C01-S01,B03-C01-S01,Jonah Harrow,The Howling Moon bar,Jonah Harrow; Grishka; Aleksei Petrov; Marcy; minotaur couple; human tourists,Jonah stops the bar fight and restores order.,Grishka's jealousy and supernatural strength; chaotic patrons.,No major new factual knowledge.,None explicit.,,,None.,Jonah reinforces his authority over local supernatural residents.,Jonah's role as supernatural sheriff; his exhausted control over the wolf.; None.,,,REV-B03-PHASE8,series/books/book-3/phase-8-editing/MANUSCRIPT.md,human-validated-v0.1,
CTX-B03-C01-S02,B03-C01-S02,Jonah Harrow,Porch of The Howling Moon and Main Street,Jonah Harrow; Grishka; Aleksei Petrov,Jonah clears the remaining disturbance and assesses the night.,Jonah's fatigue; the wolf's unexplained sense of danger.,Jonah learns that an unidentified magical danger is nearby.,Routine Friday-night annoyance becomes active concern.,,,None.,None explicit.,An approaching danger; the library as threat locus.; Jonah's wolf warns that danger is coming.,,,REV-B03-PHASE8,series/books/book-3/phase-8-editing/MANUSCRIPT.md,human-validated-v0.1,
CTX-B03-C01-S03,B03-C01-S03,Jonah Harrow,Exterior and staff entrance of Snowfall Creek Public Library,Jonah Harrow,"Investigate the unexplained light, scent, and magical disturbance.",Locked doors; unknown old magic; Jonah's denial of the mate response.,Jonah learns the disturbance originates inside the library and Margot is present.,The wolf identifies Margot as mate; Jonah rejects or suppresses the implication.,,,None.,A latent mate bond is introduced from Jonah's perspective.,Mate-bond romance promise; hidden magical library promise.; The supernatural threat becomes concrete.,,,REV-B03-PHASE8,series/books/book-3/phase-8-editing/MANUSCRIPT.md,human-validated-v0.1,
CTX-B03-C01-S04,B03-C01-S04,Jonah Harrow,Library main floor and basement,Jonah Harrow; Margot Vance,Locate the source of the disturbance and protect whoever is inside.,Impossible architecture; animated books; uncontrolled old magic.,Jonah learns the library basement is magically transformed and Margot is actively controlling it.,Jonah's suspicion becomes certainty that the library contains dangerous old magic.,,,None.,Jonah sees Margot as capable under extreme danger.,Margot's hidden Keeper role; dangerous sentient books.; Library mystery escalates into direct supernatural crisis.,,,REV-B03-PHASE8,series/books/book-3/phase-8-editing/MANUSCRIPT.md,human-validated-v0.1,
CTX-B03-C01-S05,B03-C01-S05,Jonah Harrow,Library basement,Jonah Harrow; Margot Vance,Stabilize the magical event and obtain an explanation.,Margot's secrecy; unstable library magic; building-wide ward response.,Jonah learns the books can animate and the library has concealed magical history.,Margot shifts from containment to acknowledging a larger failure.,,,Margot takes custody of the biting book.,Jonah demands truth; Margot begins direct engagement with him.,Sealed-building survival deadline; explanation of library history.; The external threat becomes confinement.,,,REV-B03-PHASE8,series/books/book-3/phase-8-editing/MANUSCRIPT.md,human-validated-v0.1,
CTX-B03-C02-S01,B03-C02-S01,Margot Vance,Library basement,Margot Vance; Jonah Harrow,Control what Jonah learns while explaining enough to manage the crisis.,Jonah's direct questioning; Margot's lifelong secrecy.,Jonah learns the library contains old protections and dangerous knowledge.,Margot recognizes that habitual secrecy will not be sufficient.,,,Margot hides and retains her grandmother's journal.,Their interaction moves from confrontation toward reluctant disclosure.,The contents and purpose of the wards; Margot's family history.; Margot's secret-keeper role becomes explicit.,,,REV-B03-PHASE8,series/books/book-3/phase-8-editing/MANUSCRIPT.md,human-validated-v0.1,
CTX-B03-C02-S02,B03-C02-S02,Margot Vance,"Library basement, Preservation Section",Margot Vance; Jonah Harrow,Determine what triggered the wards.,Missing archive material; Margot's panic and reluctance to disclose.,Margot and Jonah learn the Founding Scrolls are missing; Jonah learns they exist.,Margot moves from uncertainty about the trigger to certainty that theft caused the crisis.,,,No transfer shown; missing Scrolls have unknown custody.,Jonah's touch creates unexpected attraction and safety for Margot.,Mystery of who took the Founding Scrolls; significance of their contents.; The ward failure receives a likely cause.,,,REV-B03-PHASE8,series/books/book-3/phase-8-editing/MANUSCRIPT.md,human-validated-v0.1,
CTX-B03-C02-S03,B03-C02-S03,Margot Vance,Library basement to main floor,Margot Vance; Jonah Harrow,Explain the Scrolls and assess the building's response.,Dangerous historical truth; escalating Purge Protocol.,Jonah learns the Scrolls contain lethal political truths and the library will erase itself in twelve hours.,Jonah's concern becomes acceptance of an existential deadline.,,,None.,Margot entrusts Jonah with restricted family knowledge.,Twelve-hour countdown; founding-truth conspiracy.; Missing Scrolls become a town-level threat.,,,REV-B03-PHASE8,series/books/book-3/phase-8-editing/MANUSCRIPT.md,human-validated-v0.1,
CTX-B03-C02-S04,B03-C02-S04,Margot Vance,Library main floor,Margot Vance; Jonah Harrow; Meredith hologram,Find a way to stop the Purge Protocol.,Inescapable wards; protocol's refusal to make exceptions; unstable Deep Stacks.,They learn returning the Scrolls via Level B4 can avert sterilization.,Margot shifts from panic to determined action.,,,None.,Margot publicly treats Jonah as her partner or backup; shared humor appears.,Journey through four underground levels to the Heart of the Archive.; The survival problem acquires a concrete mission.,,,REV-B03-PHASE8,series/books/book-3/phase-8-editing/MANUSCRIPT.md,human-validated-v0.1,
CTX-B03-C02-S05,B03-C02-S05,Margot Vance,"Library main floor, basement, entrance to Level B1",Margot Vance; Jonah Harrow,Enter the Deep Stacks and begin the recovery mission.,Unstable architecture; active books; lethal lower levels.,Jonah learns the Deep Stacks are unstable and each lower level is more dangerous.,Margot accepts cooperation as necessary.,,,Margot uses and retains the key and flashlight.,Physical proximity and shared danger reinforce attraction and partnership.,Specific hazards of the Deep Stacks.; The mission begins.,,,REV-B03-PHASE8,series/books/book-3/phase-8-editing/MANUSCRIPT.md,human-validated-v0.1,
CTX-B03-C03-S01,B03-C03-S01,Jonah Harrow,"Level B1, Extended Stacks",Jonah Harrow; Margot Vance,Orient within B1 and locate the route to B2.,Absolute darkness; pressure; whispering books; unstable space.,Jonah learns B1 houses active books and Margot's route knowledge comes from inherited journals.,Jonah recognizes ordinary navigation may not work.,,,None.,Jonah observes Margot's competence and inherited burden.,The Deep Stacks distort space and contain escalating threats.; The descent becomes physically and psychologically hazardous.,,,REV-B03-PHASE8,series/books/book-3/phase-8-editing/MANUSCRIPT.md,human-validated-v0.1,
CTX-B03-C03-S02,B03-C03-S02,Jonah Harrow,Level B1 corridor,Jonah Harrow; Margot Vance; bibliovore,Move safely toward B2 without engaging the collection.,Whispering books; a flying book; bibliovore; non-Euclidean corridors.,Jonah learns bibliovores feed on text and touching claimed books creates danger.,Jonah's confidence in his directional sense erodes.,,,Flying book passes from shelf to Jonah to bibliovore.,Jonah reflexively protects Margot; Margot responds with dry trust rather than panic.,Predators that consume text; unreliable time and direction.; B1's danger escalates from atmosphere to creature encounter.,,,REV-B03-PHASE8,series/books/book-3/phase-8-editing/MANUSCRIPT.md,human-validated-v0.1,
CTX-B03-C03-S03,B03-C03-S03,Jonah Harrow,Level B1 branching corridor,Jonah Harrow; Margot Vance; lexivore,Locate the stairs while Jonah controls the mate response.,Jonah's wolf; attraction; shifting geometry; approaching lexivore.,They learn the changed whispering belongs to an active predator.,Margot recognizes the sound is abnormal; Jonah's protective commitment becomes immediate.,,,None.,Attraction becomes explicit in their interaction; Jonah instinctively protects her.,Jonah's mate recognition will conflict with professional restraint.; Romantic tension and physical danger intensify together.,,,REV-B03-PHASE8,series/books/book-3/phase-8-editing/MANUSCRIPT.md,human-validated-v0.1,
CTX-B03-C03-S04,B03-C03-S04,Jonah Harrow,Level B1 corridor and stairs to B2,Jonah Harrow; Margot Vance; lexivore,Survive the lexivore and reach B2.,A creature feeding on language and meaning.,"They learn lexivores recoil from light, consume books, and are bound to B1.",Jonah recognizes Margot as tactically resourceful; Margot admits B2 is worse.,,,Several books are thrown to and consumed by the lexivore.,They fight back-to-back and function as a team.,B2 contains worse and different dangers.; The descent exacts a physical cost and strengthens partnership.,,,REV-B03-PHASE8,series/books/book-3/phase-8-editing/MANUSCRIPT.md,human-validated-v0.1,
CTX-B03-C03-S05,B03-C03-S05,Jonah Harrow,B2 doorway and Architecture Section,Jonah Harrow; Margot Vance; unidentified entity below,Open B2 and proceed toward the Heart of the Archive.,Jonah's injury; resistant wards; impossible architecture; unknown watcher.,Jonah learns B2 contains actual impossible spaces and may lack a floor.,Both accept that survival requires mutual reliance.,,,Margot uses and retains the key; hand contact established.,Voluntary handholding and explicit 'together' commitment mark a trust and intimacy step.,Unknown entity beneath B2; impossible-space navigation.; The romantic partnership becomes explicit while the mission deepens.,,,REV-B03-PHASE8,series/books/book-3/phase-8-editing/MANUSCRIPT.md,human-validated-v0.1,
CTX-B03-C04-S01,B03-C04-S01,Margot Vance,"B2 landing, Architecture Section entrance",Margot Vance; Jonah Harrow,Recover from B1 and assess Jonah's injury before crossing B2.,"Exhaustion, Jonah's injury, unstable attraction, impossible architecture.",Margot confirms Jonah is injured but functional; both recognize the intensity between them.,Margot stops treating the attraction as mere fear or ward interference.,,,Jonah holds the flashlight; no lasting transfer confirmed.,Mutual attraction becomes consciously acknowledged.,Physical intimacy will complicate the mission and professional roles.; Romantic tension moves from subtext to explicit desire.,,,REV-B03-PHASE8,series/books/book-3/phase-8-editing/MANUSCRIPT.md,human-validated-v0.1,
CTX-B03-C04-S02,B03-C04-S02,Margot Vance,B2 landing against the sealed door,Margot Vance; Jonah Harrow,Decide whether to stop or act on their attraction.,"Mission urgency, Margot's secrecy, Jonah's authority, fear of consequences.",Each learns the other actively wants the encounter.,Margot rejects the explanation that desire is only magical interference.,,,None.,Consent and desire become explicit; power and vulnerability intensify.,The relationship now carries emotional and professional consequences.; Mate-bond and attraction promises escalate sharply.,,,REV-B03-PHASE8,series/books/book-3/phase-8-editing/MANUSCRIPT.md,human-validated-v0.1,
CTX-B03-C04-S03,B03-C04-S03,Margot Vance,B2 landing,Margot Vance; Jonah Harrow,Act on mutual desire during a brief pause in danger.,Time pressure and Jonah's remaining restraint.,Margot learns Jonah can be both commanding and attentive; Jonah learns her physical response.,Margot's fear of intimacy temporarily yields to trust and surrender.,,,None.,Physical intimacy becomes real and irreversible.,Later completion and emotional reckoning.; Romantic and mate-bond arcs move into explicit intimacy.,,,REV-B03-PHASE8,series/books/book-3/phase-8-editing/MANUSCRIPT.md,human-validated-v0.1,
CTX-B03-C04-S04,B03-C04-S04,Margot Vance,B2 landing overlooking impossible geometry,Margot Vance; Jonah Harrow,Regain composure and continue toward B3.,Aftermath of intimacy; impossible architecture; mission urgency.,Jonah learns B2 contains rejected architectural impossibilities and no reliable floor.,Both accept that intimacy did not erase the mission or partnership.,,,Flashlight remains in active use.,"Tenderness follows urgency, deepening trust.",B2 navigation challenge.; Quest danger resumes after romantic escalation.,,,REV-B03-PHASE8,series/books/book-3/phase-8-editing/MANUSCRIPT.md,human-validated-v0.1,
CTX-B03-C04-S05,B03-C04-S05,Margot Vance,B2 floating paths and Central Spire landing,Margot Vance; Jonah Harrow; Concept Guardian cat,Cross B2 and gain access to Level B3.,"Subjective gravity, abyss, Concept Guardian riddle.",They learn B2 obeys belief-dependent gravity and access to B3 is guarded by a Concept Guardian.,Jonah accepts Margot's metaphysical guidance despite skepticism.,,,None.,Trust is demonstrated through following Margot across impossible terrain.,Solve the riddle or Jonah dies; Concept Guardian knowledge.; B2 quest reaches a gatekeeping challenge.,,,REV-B03-PHASE8,series/books/book-3/phase-8-editing/MANUSCRIPT.md,human-validated-v0.1,
CTX-B03-C05-S01,B03-C05-S01,Jonah Harrow,B2 Central Spire landing,Jonah Harrow; Margot Vance; Concept Guardian cat,Solve the Guardian's riddle before Jonah is eaten.,"Semantic riddle, countdown, Guardian's threat.",Jonah sees Margot solve a conceptual threat through expertise rather than force.,Jonah's respect for Margot's intelligence deepens.,,,None.,Competence admiration and romantic tension intensify.,A safe resting point beyond the door.; Quest access to B3 is earned.,,,REV-B03-PHASE8,series/books/book-3/phase-8-editing/MANUSCRIPT.md,human-validated-v0.1,
CTX-B03-C05-S02,B03-C05-S02,Jonah Harrow,Resting Point study between B2 and B3,Jonah Harrow; Margot Vance,Recover safely before entering B3.,"Residual danger, unresolved attraction, limited time.",Jonah learns Margot's desire is deliberate rather than panic-driven.,Jonah distinguishes mutual desire from crisis reaction.,,,None.,Margot becomes active initiator; trust and agency deepen.,Intimacy will continue on chosen terms.; The earlier incomplete encounter is intentionally resumed.,,,REV-B03-PHASE8,series/books/book-3/phase-8-editing/MANUSCRIPT.md,human-validated-v0.1,
CTX-B03-C05-S03,B03-C05-S03,Jonah Harrow,"Resting Point study, oak desk",Jonah Harrow; Margot Vance,Confirm consent and focus on Margot's pleasure.,Margot's inexperience and vulnerability; mission pause is brief.,Jonah learns Margot's sexual inexperience and desire for him.,Jonah's protectiveness becomes tender sexual devotion.,,,Margot's clothing is moved but retained.,Intimacy becomes more personal and emotionally significant.,Jonah's vow to 'rewrite' her experience.; Sexual trust deepens.,,,REV-B03-PHASE8,series/books/book-3/phase-8-editing/MANUSCRIPT.md,human-validated-v0.1,
CTX-B03-C05-S04,B03-C05-S04,Jonah Harrow,Resting Point study,Jonah Harrow; Margot Vance,Give Margot pleasure and safety.,Margot's overwhelm and unfamiliarity.,"Both learn the intimacy can be chosen, focused, and safe.",Margot's model of intimacy shifts from danger to trust; Jonah experiences unusual peace.,,,None.,Emotional tenderness and sexual trust strengthen.,Future mutual intimacy and post-crisis relationship conversation.; Romantic bond gains emotional depth.,,,REV-B03-PHASE8,series/books/book-3/phase-8-editing/MANUSCRIPT.md,human-validated-v0.1,
CTX-B03-C05-S05,B03-C05-S05,Jonah Harrow,Resting Point study and stairs to B3,Jonah Harrow; Margot Vance,"Recover, define immediate boundaries, and descend to B3.",Unresolved emotional implications; dangerous Poetry Section.,Jonah learns B3 weaponizes memory and emotion.,Both accept the encounter was meaningful and not merely crisis behavior.,,,None.,Commitment becomes provisional but explicit beyond immediate survival.,Topside relationship conversation; B3 emotional trial.; Romance and quest remain linked.,,,REV-B03-PHASE8,series/books/book-3/phase-8-editing/MANUSCRIPT.md,human-validated-v0.1,
CTX-B03-C06-S01,B03-C06-S01,Jonah Harrow,Spiral stairs into B3 Poetry Section,Jonah Harrow; Margot Vance,Enter B3 without being trapped by emotional associations.,Memory-triggering atmosphere and poetry-fed shame.,Jonah learns B3 can force emotional experiences and trap readers inside poems.,Jonah accepts Margot's warning that language itself is dangerous here.,,,None.,Margot becomes Jonah's emotional anchor and rescuer.,"B3 will weaponize guilt, memory, and emotion.; The Poetry Section threat is demonstrated.",,,REV-B03-PHASE8,series/books/book-3/phase-8-editing/MANUSCRIPT.md,human-validated-v0.1,
CTX-B03-C06-S02,B03-C06-S02,Jonah Harrow,B3 forest of textual trees,Jonah Harrow; Margot Vance,Cross the forest while resisting poetic hooks.,"Whispering text, intrusive memories, hunger of the forest.",They learn rhythm and physical anchoring can counter the Poetry Section.,Jonah increasingly trusts Margot's methods over instinct or force.,,,None.,Handholding functions as both emotional and survival anchoring.,The forest will tailor traps to personal wounds.; B3 threat escalates from atmosphere to targeted manipulation.,,,REV-B03-PHASE8,series/books/book-3/phase-8-editing/MANUSCRIPT.md,human-validated-v0.1,
CTX-B03-C06-S03,B03-C06-S03,Jonah Harrow,B3 illusionary courtroom within the forest,Jonah Harrow; Margot Vance; illusory accusers,Find Margot and resist a guilt-based poetic trap.,"Isolation, courtroom illusion, Jonah's guilt and fear of judgment.",Margot learns Jonah's guilt is a major vulnerability; Jonah learns B3 can separate and rewrite identity.,Jonah's self-control proves insufficient without Margot's intervention.,,,None.,Margot becomes essential to Jonah's psychological survival.,Jonah's buried guilt and history require later exploration.; B3 weaponizes personal wounds and separation.,,,REV-B03-PHASE8,series/books/book-3/phase-8-editing/MANUSCRIPT.md,human-validated-v0.1,
CTX-B03-C06-S04,B03-C06-S04,Jonah Harrow,B3 forest after courtroom trap,Jonah Harrow; Margot Vance,Recover Jonah's identity and continue toward B4.,Residual transformation into text; fog; threat of another cliché trap.,Both learn B3 can physically convert a person into text.,Jonah accepts vulnerability and dependence more fully.,,,None.,Physical contact becomes a conscious protective strategy.,Further B3 traps and unresolved Jonah guilt.; Arc pressure deepens through literal identity threat.,,,REV-B03-PHASE8,series/books/book-3/phase-8-editing/MANUSCRIPT.md,human-validated-v0.1,
CTX-B03-C07-S01,B03-C07-S01,Margot Vance,B3 Sonnet Glade,Margot Vance; Jonah Harrow; paper effigies,Cross the Sonnet Glade without being cast into an idealized romance narrative.,"Narrative gravity, idealized romance tropes, exhaustion, Jonah's desire for peace.",Margot identifies the Glade as a trope-enforcement system that prefers tragic romantic endings.,Margot recognizes the threat is not attraction but imposed perfection.,,,Margot's cracked glasses remain with her.,Their imperfect real bond is contrasted with a false ideal.,They must reject an idealized romance script to survive.; B3 continues weaponizing emotional expectations.,,,REV-B03-PHASE8,series/books/book-3/phase-8-editing/MANUSCRIPT.md,human-validated-v0.1,
CTX-B03-C07-S02,B03-C07-S02,Margot Vance,B3 Sonnet Glade gazebo,Margot Vance; Jonah Harrow; paper effigies,Prevent Jonah from surrendering to the false perfect ending.,"Jonah's exhaustion, atmosphere thickening, clothing and identity being rewritten.",Margot learns Jonah's exhaustion and protector fantasy are exploitable weaknesses.,Margot chooses active authorship over passive participation.,,,None.,Margot becomes protector of Jonah's identity.,Margot must rescue Jonah by subverting narrative expectation.; The Sonnet Glade trap escalates toward identity merger.,,,REV-B03-PHASE8,series/books/book-3/phase-8-editing/MANUSCRIPT.md,human-validated-v0.1,
CTX-B03-C07-S03,B03-C07-S03,Margot Vance,B3 Sonnet Glade gazebo,Margot Vance; Jonah Harrow; paper effigies; hostile Glade,Destroy the idealized scene and wake Jonah.,"Narrative inertia, hostile vegetation, paper doubles.","They learn farce, reality, and aesthetic disruption can break romance-trope magic.",Jonah recognizes Margot's refusal of perfection as a survival strength.,,,Ink stains remain on Margot's clothes.,Margot rescues Jonah by defending their messy real selves.,The Glade will retaliate physically.; Margot's agency and anti-idealization arc intensify.,,,REV-B03-PHASE8,series/books/book-3/phase-8-editing/MANUSCRIPT.md,human-validated-v0.1,
CTX-B03-C07-S04,B03-C07-S04,Margot Vance,Stairwell beyond Sonnet Glade,Margot Vance; Jonah Harrow,Escape B3 and prepare for B4.,Exhaustion and aftermath of the Glade.,Jonah learns Margot can defeat narrative magic through analytical subversion.,Jonah's admiration becomes warmer and more personal.,,,None.,"Their bond is affirmed as imperfect, real, and resilient.",History in B4 will be heavier than poetry.; Quest reaches final descent.,,,REV-B03-PHASE8,series/books/book-3/phase-8-editing/MANUSCRIPT.md,human-validated-v0.1,
CTX-B03-C07-S05,B03-C07-S05,Margot Vance,B4 cavern and obsidian Vault,Margot Vance; Jonah Harrow,Enter the Vault and recover the Founding Scrolls.,"Blood-keyed access, Margot's concealed truth, mountain-depth isolation.",Jonah learns Margot lied about theft and the official Integration Treaty is false.,Jonah's understanding of town history and law begins collapsing.,,,Margot uses a knife and blood to open the Vault.,Trust is damaged by Margot's deception even as she reveals the truth.,The real Integration Treaty will expose institutional enslavement.; Founding-truth and concealed-journal threads converge.,,,REV-B03-PHASE8,series/books/book-3/phase-8-editing/MANUSCRIPT.md,human-validated-v0.1,
CTX-B03-C08-S01,B03-C08-S01,Jonah Harrow,Inside B4 Vault,Jonah Harrow; Margot Vance; Kael,Understand the real Treaty and recover the Scroll before the purge.,"Betrayal, altered history, approaching purge, armed mercenary.",Jonah learns the official Treaty is propaganda and Kael works for the Council.,"Jonah's faith in his father, oath, and town institutions fractures.",,,The real Scroll is located inside the Vault.,Jonah feels betrayed by history and by Margot's withheld knowledge.,Kael and the Council intend to destroy evidence and witnesses.; Founding conspiracy moves from secret history to active antagonist plot.,,,REV-B03-PHASE8,series/books/book-3/phase-8-editing/MANUSCRIPT.md,human-validated-v0.1,
CTX-B03-C08-S02,B03-C08-S02,Jonah Harrow,Inside B4 Vault,Jonah Harrow; Margot Vance; Kael,Protect Margot and defeat Kael.,"Kinetic magic, silver weapon, Jonah's injuries.",Kael learns Jonah can resist pure sterling under Alpha rage.,Jonah turns ideological devastation into focused protective violence.,,,Silver rod is seized and broken.,Jonah's protection of Margot becomes absolute and public.,Kael may escape or retaliate.; Antagonist threat becomes physical.,,,REV-B03-PHASE8,series/books/book-3/phase-8-editing/MANUSCRIPT.md,human-validated-v0.1,
CTX-B03-C08-S03,B03-C08-S03,Jonah Harrow,Inside B4 Vault,Jonah Harrow; Margot Vance; Kael,Capture Kael and stabilize after combat.,Kael's escape magic; Jonah's combat high.,They know Kael remains somewhere in the library.,Margot chooses Jonah's wolf-state rather than fearing it.,,,Margot holds the Scroll.,Margot explicitly accepts Jonah's Alpha identity.,Kael remains an active threat.; Mate-bond and Alpha-acceptance arc escalate.,,,REV-B03-PHASE8,series/books/book-3/phase-8-editing/MANUSCRIPT.md,human-validated-v0.1,
CTX-B03-C08-S04,B03-C08-S04,Jonah Harrow,Inside B4 Vault shelving,Jonah Harrow; Margot Vance,Use physical intimacy to ground Jonah after combat.,"Combat high, aggression, risk of harm, urgency.",Jonah learns Margot accepts his intensity and wants the encounter.,Margot separates Jonah's violence toward enemies from danger to her.,,,Margot's panties are torn.,Physical and mate-bond commitment deepens.,Knotting and reproductive consequences are raised but deferred.; Mate-bond intimacy becomes physically consummated.,,,REV-B03-PHASE8,series/books/book-3/phase-8-editing/MANUSCRIPT.md,human-validated-v0.1,
CTX-B03-C08-S05,B03-C08-S05,Jonah Harrow,Inside B4 Vault,Jonah Harrow; Margot Vance,"Complete intimacy, secure the Scroll, and leave.","Risk of knotting, Kael's possible return, purge deadline.",Both know their bond now includes chosen full sexual intimacy and shared political purpose.,Jonah begins treating the Scroll as leverage rather than merely evidence.,,,"Founding Scroll transfers from Margot to Jonah, tucked into his belt.",Sexual partnership and political alliance fuse.,"They will use the Treaty to dictate new terms.; Escape, public exposure, and institutional conflict.",,,REV-B03-PHASE8,series/books/book-3/phase-8-editing/MANUSCRIPT.md,human-validated-v0.1,
CTX-B03-C09-S01,B03-C09-S01,Margot Vance,"Library basement, stairs, and main floor",Margot Vance; Jonah Harrow; Arthur Sterling,Escape the library with the Scroll.,"Exhaustion, Jonah's injuries, Kael still loose, Sterling waiting.",They learn Sterling is personally present and prepared to control the outcome.,Margot recognizes institutional power will confront evidence directly.,,,Scroll remains with Jonah or immediately accessible to the pair.,Jonah and Margot continue acting as a unit.,Sterling will attempt to seize or discredit the Treaty.; Private truth moves toward public confrontation.,,,REV-B03-PHASE8,series/books/book-3/phase-8-editing/MANUSCRIPT.md,human-validated-v0.1,
CTX-B03-C09-S02,B03-C09-S02,Margot Vance,Library main floor,Margot Vance; Jonah Harrow; Arthur Sterling; Kael; marksman,Prevent Sterling from taking or destroying the Treaty.,"Battle mage, rifle, political authority, evidence-destruction threat.",Margot learns Sterling prioritizes narrative control and fears public evidence.,Margot chooses public exposure over institutional appeal.,,,Scroll case displayed publicly but not surrendered.,Margot takes strategic leadership while Jonah provides force.,The town will become witness and jury.; Public-revelation promise escalates.,,,REV-B03-PHASE8,series/books/book-3/phase-8-editing/MANUSCRIPT.md,human-validated-v0.1,
CTX-B03-C09-S03,B03-C09-S03,Margot Vance,Library main floor and front window,Margot Vance; Arthur Sterling; Jonah Harrow; gathering crowd,Expose the Treaty to the town rather than wait for distant authorities.,Sterling's planned spin and absence of formal investigators.,Sterling learns Margot intends immediate public disclosure.,Margot commits to local collective truth rather than elite validation.,,,None.,None beyond shared strategy.,Public proof will destabilize the town.; Witness strategy becomes explicit.,,,REV-B03-PHASE8,series/books/book-3/phase-8-editing/MANUSCRIPT.md,human-validated-v0.1,
CTX-B03-C09-S04,B03-C09-S04,Margot Vance,Library entrance and front steps,Margot Vance; Jonah Harrow; Arthur Sterling; Kael; marksman; townspeople; Grishka; Aleksei; werewolf pack,Open the doors and present the Treaty publicly.,"Threat of gunfire, Sterling's intimidation, volatile crowd.",The town learns the official history is fraudulent and Sterling concealed the original Treaty.,Jonah rejects institutional loyalty in favor of public truth.,,,Treaty displayed to the crowd.,Jonah publicly stands beside Margot and validates her claim.,Public fury may become rebellion or riot.; Political upheaval begins.,,,REV-B03-PHASE8,series/books/book-3/phase-8-editing/MANUSCRIPT.md,human-validated-v0.1,
CTX-B03-C09-S05,B03-C09-S05,Margot Vance,Library entrance and town streets,Margot Vance; Jonah Harrow; Arthur Sterling; Kael; mercenaries; mob,Survive the crowd reaction and preserve the evidence.,"Mob violence, antagonist escape, library destruction risk.",They know Sterling will continue the fight and public anger is uncontrollable.,Margot accepts Jonah's isolated cabin as the safest next move.,,,Treaty remains with the pair.,Their alliance expands into shared refuge and future intimacy.,Sterling will retaliate; library may be attacked; cabin becomes refuge.; Political conflict expands beyond the library.,,,REV-B03-PHASE8,series/books/book-3/phase-8-editing/MANUSCRIPT.md,human-validated-v0.1,
CTX-B03-C09-S06,B03-C09-S06,Margot Vance,Jonah's cruiser en route to ridge cabin,Margot Vance; Jonah Harrow,"Escape, plan evidence upload, and reach safety.","Sterling's connections, homelessness, unresolved danger.",Margot understands the library may no longer be available and Jonah intends to shelter her.,Margot's trust becomes conscious love and complete felt safety.,,,Scroll case rests in Margot's lap during drive.,Margot privately reaches an in-love state; Jonah frames his cabin as home.,Upload the Treaty; confront Sterling's retaliation; define the relationship at the cabin.; Topside conversation and political dissemination.,,,REV-B03-PHASE8,series/books/book-3/phase-8-editing/MANUSCRIPT.md,human-validated-v0.1,
CTX-B03-C10-S01,B03-C10-S01,Jonah Harrow,Jonah's ridge cabin,Jonah Harrow; Margot Vance,"Reach safety, warm Margot, and secure the cabin.","Shock, cold, injuries, loss of Margot's home, and continued pursuit.",Margot learns the cabin is Jonah's private sanctuary and heavily defended.,Jonah begins imagining the cabin as shared space rather than solitary refuge.,,,"Jonah gives Margot flannel shirt, sweatpants, and wool socks; Treaty remains with the pair.","Jonah provides home, clothing, and care; protectiveness becomes domestic.",They must survive the night and decide what comes after exposure.; Cabin refuge and topside relationship conversation begin.,,,REV-B03-PHASE8,series/books/book-3/phase-8-editing/MANUSCRIPT.md,human-validated-v0.1,
CTX-B03-C10-S02,B03-C10-S02,Jonah Harrow,Jonah's ridge cabin,Jonah Harrow; Margot Vance,Settle into temporary safety and define immediate plans.,"Wolf agitation, attraction, fugitive status, uncertain political aftermath.",Margot learns Jonah intends to upload the Treaty and wait for federal response.,Jonah accepts partnership beyond immediate survival.,,,Margot wears Jonah's clothes; weapons are staged.,Shared future language becomes explicit.,Upload the Scroll and confront Sterling's institutional response.; Topside conversation and shared-future promise.,,,REV-B03-PHASE8,series/books/book-3/phase-8-editing/MANUSCRIPT.md,human-validated-v0.1,
CTX-B03-C10-S03,B03-C10-S03,Jonah Harrow,"Jonah's ridge cabin, fireplace",Jonah Harrow; Margot Vance,Treat Jonah's injuries.,"Silver burn, chest wounds, Jonah's resistance to care.",Margot learns Jonah's long history of injury and solitary sacrifice.,Jonah begins accepting that care is not weakness.,,,First-aid supplies used; gauze applied to Jonah's hand.,Tenderness and caregiving deepen emotional intimacy.,Jonah must learn to accept sustained care.; Relationship shifts from survival partnership toward mutual caretaking.,,,REV-B03-PHASE8,series/books/book-3/phase-8-editing/MANUSCRIPT.md,human-validated-v0.1,
CTX-B03-C10-S04,B03-C10-S04,Jonah Harrow,"Jonah's ridge cabin, bearskin rug",Jonah Harrow; Margot Vance,Resolve the emotional meaning of their intimacy.,"Trauma, uncertainty, mate-bond consequences, fear of permanence.",Margot learns the wolf bonds for life.,Margot chooses permanence rather than treating the relationship as crisis-only.,,,None.,Commitment moves from provisional to explicitly long-term.,They must live with the lifelong bond they have chosen.; Mate-bond and topside-conversation threads substantially advance.,,,REV-B03-PHASE8,series/books/book-3/phase-8-editing/MANUSCRIPT.md,human-validated-v0.1,
CTX-B03-C10-S05,B03-C10-S05,Jonah Harrow,Jonah's ridge cabin,Jonah Harrow; Margot Vance,Rest and guard Margot after intimacy.,"Federal pursuit, Sterling's narrative manipulation, Purge Protocol.",Jonah learns Sterling has framed Margot and obtained federal quarantine action.,Jonah abandons hope that formal authorities will neutrally assess the evidence.,,,Jonah retrieves gun; secure message deleted.,Jonah chooses Margot over his federal chain of command.,Federal siege within four hours.; Sterling retaliation and Purge Protocol escalate.,,,REV-B03-PHASE8,series/books/book-3/phase-8-editing/MANUSCRIPT.md,human-validated-v0.1,
CTX-B03-C11-S01,B03-C11-S01,Shared POV (Jonah/Margot),Jonah's ridge cabin,Jonah Harrow; Margot Vance,"Prepare the cabin, preserve the Treaty, and break communications jamming.","Federal tactical team, signal dampener, limited upload progress.",Margot learns the Treaty also records disappearances since 1995; both identify localized jamming.,The evidence expands from historical coercion to ongoing crimes.,,,Jonah gives Margot a .38 revolver; Scroll remains on table.,Jonah entrusts Margot with a firearm and strategic role.,They must get the digital evidence outside the jamming radius.; Treaty dissemination and siege threads escalate.,,,REV-B03-PHASE8,series/books/book-3/phase-8-editing/MANUSCRIPT.md,human-validated-v0.1,
CTX-B03-C11-S02,B03-C11-S02,Margot Vance,Jonah's ridge cabin,Margot Vance; Jonah Harrow; federal tactical team,Survive the cabin breach.,"Flash-bangs, automatic fire, breach team, impending tear gas.",Margot learns Jonah prepared an explosive emergency exit.,Margot accepts direct armed resistance as necessary for survival.,,,Margot retains revolver; Jonah carries shotgun.,Their partnership becomes combat coordination.,Escape through retaining wall before gas deployment.; Siege and flight become immediate.,,,REV-B03-PHASE8,series/books/book-3/phase-8-editing/MANUSCRIPT.md,human-validated-v0.1,
CTX-B03-C11-S03,B03-C11-S03,Jonah Harrow,Jonah's root cellar and ravine,Jonah Harrow; Margot Vance; federal tactical team,Time the explosion and escape into the ravine.,"Breaching agents, tear gas, structural collapse, icy descent.",Margot learns Jonah planned the cabin as a last-resort fortress with escape capability.,Jonah shifts from holding territory to guerrilla evasion.,,,Margot carries Scroll case; Jonah carries shotgun.,Margot follows Jonah into extreme danger with full trust.,The pair are now hunted in the wilderness.; Federal pursuit and evidence-preservation threads.,,,REV-B03-PHASE8,series/books/book-3/phase-8-editing/MANUSCRIPT.md,human-validated-v0.1,
CTX-B03-C12-S01,B03-C12-S01,Margot Vance,Frozen woods below Jonah's cabin,Margot Vance; Jonah Harrow,Evade pursuers and preserve the Treaty.,"Extreme cold, helicopter search, exhaustion, magical tracking.",Margot learns the Treaty can be tracked magically and Jonah can obscure it temporarily.,Margot must rely on wolf instinct rather than rational comfort.,,,Scroll case returned to Margot after concealment.,Jonah's survival authority becomes absolute in the wilderness.,Cross the river or be caught.; Wilderness-hunt and Treaty-custody threads.,,,REV-B03-PHASE8,series/books/book-3/phase-8-editing/MANUSCRIPT.md,human-validated-v0.1,
CTX-B03-C12-S02,B03-C12-S02,Margot Vance,Frozen river crossing,Margot Vance; Jonah Harrow,Cross the river and avoid helicopter detection.,"Freezing water, strong current, hypothermia, aerial search.",Margot experiences the lethal speed of hypothermia.,Survival demands total physical trust.,,,Wet clothes removed; emergency blanket used; Scroll kept dry.,Intimacy becomes nonsexual lifesaving care.,Margot must be rewarmed before travel can continue.; Injury and survival-dependence threads.,,,REV-B03-PHASE8,series/books/book-3/phase-8-editing/MANUSCRIPT.md,human-validated-v0.1,
CTX-B03-C12-S03,B03-C12-S03,Margot Vance,Shelter beneath fir tree,Margot Vance; Jonah Harrow,Reverse Margot's hypothermia and plan the next route.,"Cold, exhaustion, helicopter search, limited time.",Margot learns Jonah intends to return to town rather than flee.,Jonah reclaims strategic initiative.,,,Emergency blanket and dry gear remain in use.,"Margot experiences Jonah as protector, warmth, and emotional home.",Use old mining tunnels to re-enter town unseen.; Counterattack and public-evidence threads.,,,REV-B03-PHASE8,series/books/book-3/phase-8-editing/MANUSCRIPT.md,human-validated-v0.1,
CTX-B03-C12-S04,B03-C12-S04,Margot Vance,Whiteout near old mining tunnels,Margot Vance; Jonah Harrow; Yeti,Reach the mine entrance.,"Whiteout, navigation difficulty, territorial Yeti.",Margot sees Jonah's complete wolf form for the first time.,Margot's understanding of Jonah expands beyond partial-shift combat.,,,Jonah drops shotgun before shifting.,Jonah reveals his most animal form in her presence.,Margot must respond to Jonah's full wolf form.; Alpha-acceptance and wilderness-survival threads.,,,REV-B03-PHASE8,series/books/book-3/phase-8-editing/MANUSCRIPT.md,human-validated-v0.1,
CTX-B03-C12-S05,B03-C12-S05,Margot Vance,Whiteout and old mine entrance,Margot Vance; Jonah Harrow in wolf form; Yeti,Help Jonah survive the Yeti fight and enter the mine.,"Yeti strength, risk of friendly fire, Jonah's feral appearance.",Margot learns Jonah's wolf recognizes her as pack and remains safe with her.,Margot no longer experiences Jonah's full wolf form as monstrous.,,,Margot retrieves and uses shotgun; Scroll remains with pair.,Mate/pack recognition becomes behaviorally mutual even without formal disclosure.,The mine route will carry them back toward town.; Pack acceptance and return-to-town strategy.,,,REV-B03-PHASE8,series/books/book-3/phase-8-editing/MANUSCRIPT.md,human-validated-v0.1,
CTX-B03-C13-S01,B03-C13-S01,Jonah Harrow,Old mining tunnels beneath Snowfall Creek,Jonah Harrow; Margot Vance,Use the abandoned tunnels to return to town unseen.,"Darkness, unstable passages, accumulated injuries, and pursuit.",Jonah and Margot learn the abandoned tunnels are not truly abandoned.,Jonah shifts from evasion to investigation.,,,Treaty remains in Margot's custody; weapons retained.,Their tactical partnership continues under confined pressure.,The tunnels conceal active operations connected to the conspiracy.; Return-to-town and disappearance-ledger threads.,,,REV-B03-PHASE8,series/books/book-3/phase-8-editing/MANUSCRIPT.md,human-validated-v0.1,
CTX-B03-C13-S02,B03-C13-S02,Jonah Harrow,Hidden tunnel worksite,Jonah Harrow; Margot Vance,Identify who has been using the tunnel network.,"Possible patrols, magical concealment, risk of discovery.",They infer that supernatural disappearances may have been routed through the mine system.,"Margot sees the conspiracy as operational and ongoing, not merely historical.",,,Possible records or physical evidence identified; Treaty retained.,Shared horror reinforces political alliance.,Locate the tunnel destination and identify who controlled it.; Disappearance-ledger and institutional-crime threads.,,,REV-B03-PHASE8,series/books/book-3/phase-8-editing/MANUSCRIPT.md,human-validated-v0.1,
CTX-B03-C13-S03,B03-C13-S03,Jonah Harrow,Mine junction beneath town,Jonah Harrow; Margot Vance; hostile patrol,Pass the junction without alerting enemy forces.,"Armed patrol, confined space, Jonah's injuries.",They learn the tunnels remain under active hostile control.,Jonah trusts Margot's tactical improvisation more fully.,,,Weapons used but retained.,Margot contributes directly to field survival.,Enemy control extends beneath Snowfall Creek.; Sterling retaliation and counterattack threads.,,,REV-B03-PHASE8,series/books/book-3/phase-8-editing/MANUSCRIPT.md,human-validated-v0.1,
CTX-B03-C14-S01,B03-C14-S01,Margot Vance,Snowfall Creek under quarantine,Margot Vance; Jonah Harrow; townspeople; federal forces,Move through town without being captured.,"Checkpoints, surveillance, frightened residents, propaganda.",Margot learns Sterling has successfully framed her as the saboteur.,She accepts that evidence alone will not defeat narrative control.,,,Treaty remains concealed.,Jonah remains publicly and privately aligned with her.,They must counter propaganda as well as force.; Public-truth and Sterling-retaliation threads.,,,REV-B03-PHASE8,series/books/book-3/phase-8-editing/MANUSCRIPT.md,human-validated-v0.1,
CTX-B03-C14-S02,B03-C14-S02,Margot Vance,Safehouse or allied business in Snowfall Creek,Margot Vance; Jonah Harrow; Grishka; Aleksei; allied townspeople,Reconnect with trusted allies and assess resistance capacity.,"Fear, factional mistrust, surveillance, and urgency.",Jonah and Margot learn the town is divided but resistance is organizing.,Margot sees that public truth has created allies rather than only chaos.,,,Possible Treaty copies or devices exchanged.,Their private alliance expands into a community coalition.,"Coordinate resistance and preserve evidence in multiple locations.; Upload, disappearance-ledger, and public-accountability threads.",,,REV-B03-PHASE8,series/books/book-3/phase-8-editing/MANUSCRIPT.md,human-validated-v0.1,
CTX-B03-C14-S03,B03-C14-S03,Margot Vance,Allied safehouse,Margot Vance; Jonah Harrow; allies,Create a dissemination and counterattack plan.,"Jamming, confiscation, imminent raids, incomplete evidence package.",The coalition identifies weak points in Sterling's communications control.,Margot resumes her Keeper role as curator and distributor rather than secret holder.,,,Copies of Treaty and disappearance ledger distributed.,Jonah supports Margot's strategic leadership.,At least one copy must reach outside authorities or the wider supernatural community.; Treaty dissemination reaches active execution.,,,REV-B03-PHASE8,series/books/book-3/phase-8-editing/MANUSCRIPT.md,human-validated-v0.1,
CTX-B03-C14-S04,B03-C14-S04,Margot Vance,Snowfall Creek streets or safehouse perimeter,Margot Vance; Jonah Harrow; allies; hostile forces,Survive an enemy raid or interception.,"Federal agents, Council mercenaries, magical suppression.",Sterling has intelligence inside the resistance or strong surveillance capability.,Jonah suspects an internal leak or compromised channel.,,,Evidence packets leave with multiple couriers.,Shared command under fire strengthens the pair's leadership role.,Identify the leak or surveillance source.; Counterattack and dissemination threads escalate.,,,REV-B03-PHASE8,series/books/book-3/phase-8-editing/MANUSCRIPT.md,human-validated-v0.1,
CTX-B03-C14-S05,B03-C14-S05,Margot Vance,Mayor's office / town square,Margot Vance; Jonah Harrow; Aleksei Petrov; Henderson; Arthur Sterling; town factions; Magisterium forces,"Reveal the true Treaty, free the town, save Jonah.",Jonah's blood loss; incoming Magisterium occupation.,The original Treaty was a partnership and the official history was a lie.,Margot believes public truth can replace coerced peace.,,,Microphone; Scroll case; Sterling in custody.,Margot and Jonah become publicly and privately united.,Jonah must survive; the Magisterium must be resisted; truth must reach beyond the town.,,,REV-B03-PHASE8,series/books/book-3/phase-8-editing/MANUSCRIPT.md,source-reconciled-v1.1,New context created from direct manuscript review.
CTX-B03-C15-S01,B03-C15-S01,Jonah Harrow,Snowfall Creek streets after raid,Jonah Harrow; Margot Vance; resistance allies,Regroup after the raid and determine who escaped with evidence.,"Casualties, scattered allies, missing couriers, active pursuit.",Jonah learns the dissemination plan partially succeeded.,He sees the conflict shifting from local containment to wider exposure.,,,Surviving evidence copy remains outside Sterling's control.,Jonah and Margot function as joint resistance leaders.,External response will now arrive.; Treaty dissemination and institutional reckoning.,,,REV-B03-PHASE8,series/books/book-3/phase-8-editing/MANUSCRIPT.md,human-validated-v0.1,
CTX-B03-C15-S02,B03-C15-S02,Jonah Harrow,Temporary resistance position,Jonah Harrow; Margot Vance; allies,Interrogate the leak or identify compromised communications.,"Mistrust, incomplete information, danger of false accusation.",Jonah learns how Sterling located the safehouse.,He distinguishes betrayal by a person from technical or magical surveillance.,,,Tracking charm or compromised device may be isolated.,Margot and Jonah negotiate suspicion without turning on each other.,Remove the surveillance source and exploit it against Sterling.; Leak and counterintelligence threads.,,,REV-B03-PHASE8,series/books/book-3/phase-8-editing/MANUSCRIPT.md,human-validated-v0.1,
CTX-B03-C15-S03,B03-C15-S03,Jonah Harrow,Resistance position / communications point,Jonah Harrow; Margot Vance; external contact,Establish contact with outside authority or supernatural allies.,"Jamming, credibility concerns, Sterling's official narrative.",The protagonists learn outside parties now possess corroborating evidence.,Margot regains faith that documentation can still matter when distributed.,,,Digital or physical evidence confirmed outside town.,Shared relief briefly softens the crisis.,External intervention or investigation is coming.; Public-accountability and institutional-reckoning threads.,,,REV-B03-PHASE8,series/books/book-3/phase-8-editing/MANUSCRIPT.md,human-validated-v0.1,
CTX-B03-C15-S04,B03-C15-S04,Jonah Harrow,Snowfall Creek resistance position,Jonah Harrow; Margot Vance; allies,Choose the next offensive objective before Sterling responds.,"Time pressure, injuries, divided town, anticipated retaliation.",They identify where Sterling's control is most vulnerable.,Jonah fully embraces rebellion against the system he once served.,,,Weapons and evidence copies allocated.,Jonah and Margot's shared purpose becomes openly revolutionary.,Direct assault or rescue operation.; Political uprising and antagonist-confrontation threads.,,,REV-B03-PHASE8,series/books/book-3/phase-8-editing/MANUSCRIPT.md,human-validated-v0.1,
CTX-B03-C15-S05,B03-C15-S05,Shared POV,School pump room,Margot Vance; Jonah Harrow; Aleksei Petrov; Henderson,Stabilize Jonah and form a resistance plan.,"Silver poisoning, occupation, detention, incineration.",The Magisterium is sorting captured residents and curfew will not lift.,Margot believes organized resistance and communications sabotage can still change the outcome.,,,Scroll case; industrial medical supplies; portable radio.,Margot assumes command while remaining emotionally anchored to Jonah.,Break the jamming field; obtain Wolf blood; organize resistance.,,,REV-B03-PHASE8,series/books/book-3/phase-8-editing/MANUSCRIPT.md,source-reconciled-v1.1,New context created from direct manuscript review.
CTX-B03-C16-S01,B03-C16-S01,Margot Vance,Resistance staging area in Snowfall Creek,Margot Vance; Jonah Harrow; resistance allies,Prepare the first coordinated offensive against Sterling's control network.,"Limited manpower, divided loyalties, injuries, and surveillance.",The resistance learns where detainees and administrative records are likely being held.,Margot sees that preservation now requires active intervention.,,,"Weapons, maps, and copied evidence are distributed.",Jonah and Margot operate as complementary co-commanders.,Rescue detainees and seize records without losing the wider evidence network.; Liberation and institutional-exposure threads.,,,REV-B03-PHASE8,series/books/book-3/phase-8-editing/MANUSCRIPT.md,human-validated-v0.1,
CTX-B03-C16-S02,B03-C16-S02,Margot Vance,Council-controlled detention facility,Margot Vance; Jonah Harrow; resistance team; detainees; guards,Enter the detention site and locate supernatural prisoners.,"Magical locks, armed guards, alarms, and time pressure.",Margot learns detainees include people listed in the disappearance ledger.,The conspiracy's continuity from record to living victim becomes undeniable.,,,"Keys, access tokens, or ward permissions change hands.",Jonah follows Margot's expertise inside institutional space.,Free the detainees and preserve their testimony.; Disappearance-ledger and rescue threads.,,,REV-B03-PHASE8,series/books/book-3/phase-8-editing/MANUSCRIPT.md,human-validated-v0.1,
CTX-B03-C16-S03,B03-C16-S03,Margot Vance,Detention wing,Margot Vance; Jonah Harrow; detainees; guards,Release prisoners before reinforcements arrive.,"Injured detainees, failing wards, armed response.",The protagonists gain eyewitness evidence linking Sterling's network to disappearances.,Jonah's rebellion becomes morally irreversible.,,,Prison records and detainee files are seized.,The pair are recognized by survivors as protectors and leaders.,Protect witnesses long enough for testimony to spread.; Institutional reckoning and public-proof threads.,,,REV-B03-PHASE8,series/books/book-3/phase-8-editing/MANUSCRIPT.md,human-validated-v0.1,
CTX-B03-C16-S04,B03-C16-S04,Margot Vance,Detention facility exit,Margot Vance; Jonah Harrow; detainees; resistance team; hostile reinforcements,Evacuate prisoners and records.,"Closing perimeter, magical suppression, wounded civilians.",Margot learns Jonah will sacrifice position and safety to protect the rescued group.,She rejects leaving him behind as an acceptable cost.,,,Records and testimony move with evacuees.,Leadership roles split under pressure but remain emotionally interdependent.,Margot must recover Jonah or prevent his capture.; Rescue operation and relationship-protection threads.,,,REV-B03-PHASE8,series/books/book-3/phase-8-editing/MANUSCRIPT.md,human-validated-v0.1,
CTX-B03-C16-S05,B03-C16-S05,Jonah Harrow,School pump room,Jonah Harrow; Margot Vance; Aleksei Petrov; Henderson,Launch the sabotage mission and secure the Treaty.,"Time pressure, Jonah's injuries, possible capture.",The Scroll is safer with Jonah than on the strike team.,Both believe the other may not return but proceed anyway.,,,Original Scroll case; Jonah's pistol; radio; improvised explosives.,Mutual trust becomes material and operational.,Margot must destroy the Emitter; Jonah must guard the Scroll and survive.,,,REV-B03-PHASE8,series/books/book-3/phase-8-editing/MANUSCRIPT.md,source-reconciled-v1.1,New context created from direct manuscript review.
CTX-B03-C17-S01,B03-C17-S01,Jonah Harrow,Council-controlled streets and detention perimeter,Jonah Harrow; hostile forces; Kael,Delay pursuit and rejoin Margot.,"Kael's magic, reinforcements, Jonah's accumulated injuries.",Jonah learns Kael views the disappearances as necessary containment rather than crime.,Jonah abandons any remaining hope that Kael can be reasoned away from the Council.,,,Weapons used; no confirmed transfer.,Jonah's motivation centers on returning to Margot and the rescued people.,Resolve the Jonah–Kael conflict.; Kael antagonist and combat threads.,,,REV-B03-PHASE8,series/books/book-3/phase-8-editing/MANUSCRIPT.md,human-validated-v0.1,
CTX-B03-C17-S02,B03-C17-S02,Jonah Harrow,Detention perimeter,Jonah Harrow; Kael; hostile forces,Defeat Kael without being recaptured.,"Sterling magic, Jonah's wounds, hostile numbers.",Jonah learns Kael's magic is less effective when deprived of prepared channels or artifacts.,Jonah recognizes his hybrid tactical and wolf abilities as an advantage.,,,Kael's focus object or weapon may be broken or seized.,Margot's earlier analytical lessons influence Jonah's combat thinking.,Kael's final reckoning remains possible if he survives.; Antagonist-defeat thread.,,,REV-B03-PHASE8,series/books/book-3/phase-8-editing/MANUSCRIPT.md,human-validated-v0.1,
CTX-B03-C17-S03,B03-C17-S03,Jonah Harrow,Escape route from detention perimeter,Jonah Harrow; Margot Vance; resistance allies,Rejoin Margot and get clear of the counterattack.,"Pursuit, Jonah's worsening injuries, collapsing route.",Jonah learns Margot will not accept his self-sacrifice as unilateral policy.,He begins confronting the damage caused by treating himself as expendable.,,,Margot supports or carries Jonah; seized evidence retained.,Their bond shifts toward mutual protection rather than one-way sacrifice.,Jonah must stop making unilateral sacrificial choices.; Relationship-growth and injury threads.,,,REV-B03-PHASE8,series/books/book-3/phase-8-editing/MANUSCRIPT.md,human-validated-v0.1,
CTX-B03-C17-S04,B03-C17-S04,Jonah Harrow,Resistance medical point,Jonah Harrow; Margot Vance; healers; rescued detainees,Stabilize Jonah and record witness testimony.,"Serious injuries, fear of another raid, fragmented testimony.",The protagonists learn Sterling's likely location and next move.,"Margot sees the rescued survivors as active agents, not only victims.",,,Medical records and testimony notes created.,Jonah accepts treatment under Margot's insistence.,Strike Sterling before he can destroy remaining evidence or prisoners.; Final-antagonist and public-accountability threads.,,,REV-B03-PHASE8,series/books/book-3/phase-8-editing/MANUSCRIPT.md,human-validated-v0.1,
CTX-B03-C17-S05,B03-C17-S05,Margot Vance,Ski resort rooftop / stairwell,Margot Vance; Aleksei Petrov; Henderson; Magisterium troopers; Valerius; Jonah Harrow by radio,Destroy the Emitter and escape.,"Gunfire, Valerius, unstable chemical blast.",The suppression field is down; the Pack is awake; communications are restored.,Margot believes open war has begun and can now be won.,,,Jonah's pistol; destroyed Emitter; spent chemical charge.,Margot and Jonah reconnect while moving toward each other through combat.,Survive Valerius; reunite; use restored supernatural power.,,,REV-B03-PHASE8,series/books/book-3/phase-8-editing/MANUSCRIPT.md,source-reconciled-v1.1,New context created from direct manuscript review.
CTX-B03-C18-S01,B03-C18-S01,Margot Vance,Resistance medical point / planning room,Margot Vance; Jonah Harrow; resistance leaders; rescued witnesses,Turn witness testimony into a final operational plan.,"Jonah's condition, limited time, Sterling's remaining forces.",Margot learns where Sterling keeps the master records and command authority.,She embraces leadership without hiding behind Keeper secrecy.,,,"Maps, testimony, and copied records consolidated.",Jonah defers to Margot's strategic judgment.,Seize the master archive and expose Sterling completely.; Final confrontation and records-preservation threads.,,,REV-B03-PHASE8,series/books/book-3/phase-8-editing/MANUSCRIPT.md,human-validated-v0.1,
CTX-B03-C18-S02,B03-C18-S02,Margot Vance,Resistance staging area,Margot Vance; Jonah Harrow; pack; resistance allies,Unify factions for the final operation.,"Distrust between supernatural groups, fear of casualties, Jonah's former office.",Margot learns the resistance will follow them as a unified coalition.,Jonah's identity shifts fully from sheriff of the system to protector chosen by the community.,,,"Command tokens, radios, or route assignments distributed.",Their partnership receives public legitimacy.,Coalition unity will be tested in battle.; Leadership and uprising threads.,,,REV-B03-PHASE8,series/books/book-3/phase-8-editing/MANUSCRIPT.md,human-validated-v0.1,
CTX-B03-C18-S03,B03-C18-S03,Margot Vance,Approach to Sterling's command site,Margot Vance; Jonah Harrow; resistance strike teams,Reach the command site undetected.,"Magical surveillance, checkpoints, internal defenses.",They learn Sterling intends to erase evidence and possibly detainees before outside intervention arrives.,Margot accepts that preserving truth may require destroying the institution housing it.,,,Breaching charges or magical tools deployed.,Jonah and Margot make a rapid joint command decision.,Stop record destruction before the archive is lost.; Final-assault and evidence-preservation threads.,,,REV-B03-PHASE8,series/books/book-3/phase-8-editing/MANUSCRIPT.md,human-validated-v0.1,
CTX-B03-C18-S04,B03-C18-S04,Margot Vance,Sterling's command site / records archive,Margot Vance; Jonah Harrow; Arthur Sterling; resistance fighters,Breach the archive and confront Sterling.,"Sterling's guards, magical defenses, active destruction of evidence.",Margot sees the full scale of Sterling's administrative machinery.,"The corruption is revealed as systematic, not the work of one rogue actor.",,,Master records or archive components enter resistance custody.,Their divided roles combine into one final objective.,"Sterling's final defeat and institutional replacement.; Final confrontation, evidence, and liberation threads.",,,REV-B03-PHASE8,series/books/book-3/phase-8-editing/MANUSCRIPT.md,human-validated-v0.1,
CTX-B03-C18-S05,B03-C18-S05,Jonah Harrow,Snowfall Creek valley,Jonah Harrow; Margot Vance; Aleksei Petrov; Henderson; Pack; Troll allies,Choose a fortress and counter the gunship.,Mark IV aerial command platform and imminent bombardment.,"The Archives contain Crate 404, a Dragon-Killer Ballista with gravity runes.",Jonah believes the coalition can convert the Archives into an active fortress.,,,Dragon-Killer Ballista identified; weapons and radios remain with the coalition.,Jonah and Margot operate as co-commanders.,Fortify the Archives; activate the ballista; shoot down the gunship.,,,REV-B03-PHASE8,series/books/book-3/phase-8-editing/MANUSCRIPT.md,source-reconciled-v1.1,New context created from direct manuscript review. Duplicate closing paragraph in source flagged for copyediting.
CTX-B03-C19-S01,B03-C19-S01,Shared POV (Margot / Jonah),Snowfall Creek main street and alley,Jonah Harrow; Margot Vance; Henderson; Grishka; Aleksei; wolves; Grey Guard; Gunship,Reach the library alive while under Gunship fire.,"Kinetic cannon, Grey Guard troops, exposed streets, wounded allies.",Jonah and Margot learn the Gunship can disintegrate structures with a kinetic cannon.,The library becomes the only defensible stronghold.,,,Weapons and wounded allies carried toward library.,Jonah and Margot coordinate the retreat as co-commanders.,The library must withstand a full military assault.; Grey Guard siege and library-defense threads.,,,REV-B03-PHASE8,series/books/book-3/phase-8-editing/MANUSCRIPT.md,human-validated-v0.1,
CTX-B03-C19-S02,B03-C19-S02,Margot Vance,Snowfall Creek Archives exterior and entrance,Margot Vance; Jonah Harrow; resistance survivors; Grey Guard,Activate the library's defensive systems.,"Grey Guard assault, Gunship fire, incomplete understanding of the building's war protocols.",Margot learns the building's lockdown systems include lethal or incapacitating pest-control defenses.,She accepts the library as an active ally rather than passive setting.,,,No major transfer.,Jonah relies on Margot's Keeper authority for battlefield survival.,The awakened library may possess additional siege capabilities.; Library-agency and siege-defense threads.,,,REV-B03-PHASE8,series/books/book-3/phase-8-editing/MANUSCRIPT.md,human-validated-v0.1,
CTX-B03-C19-S03,B03-C19-S03,Shared POV,Library lawn and lobby,Jonah Harrow; Margot Vance; Aleksei; Henderson; Grishka; wolves; Trolls; Vampires,Get all survivors inside and seal the library.,"Gunship fire, wounded allies, limited time before Grey Guard recovers.",The group learns the lobby is secure only temporarily and the roof remains vulnerable.,Margot decides conventional stairs are too slow and chooses the service hoist.,,,Wounded survivors moved inside.,The mixed supernatural coalition accepts Margot's direct command.,They must find a weapon capable of defeating the Gunship.; B4 arsenal and siege threads.,,,REV-B03-PHASE8,series/books/book-3/phase-8-editing/MANUSCRIPT.md,human-validated-v0.1,
CTX-B03-C19-S04,B03-C19-S04,Jonah Harrow,Service hoist descending to B4 and Vault arsenal,Jonah Harrow; Margot Vance; Grishka; Trolls; Wolves; Vampires,Retrieve a weapon from B4 capable of destroying the Gunship.,"Time pressure, unstable ancient weaponry, enormous weight.",Jonah learns the Vault contains large-scale anti-siege weapons.,He accepts improvised historical magic as the only viable answer to modern military technology.,,,Ancient ballista transferred from B4 arsenal to service hoist.,Margot's archival knowledge directs Jonah's battlefield decisions.,The ballista must reach the lobby and fire before the bunker-buster strike.; Gunship-destruction objective.,,,REV-B03-PHASE8,series/books/book-3/phase-8-editing/MANUSCRIPT.md,human-validated-v0.1,
CTX-B03-C19-S05,B03-C19-S05,Margot Vance,Library lobby and atrium,Margot Vance; Jonah Harrow; Grishka; Trolls; Aleksei; wolves; Gunship crew,Set up and fire the ballista before the Gunship destroys the library.,"Failing roof, depleted shields, incoming bunker-buster, volatile crystal weapon.",The coalition learns the ballista's history-lance can pierce modern magical energy defenses.,Margot fully occupies the role of combat Keeper.,,,Ballista discharged; magical harpoon leaves library.,Jonah entrusts the decisive shot to Margot.,The consequences of destroying or disabling the Gunship.; Siege-defense thread reaches climax.,,,REV-B03-PHASE8,series/books/book-3/phase-8-editing/MANUSCRIPT.md,human-validated-v0.1,
CTX-B03-C20-S01,B03-C20-S01,Margot Vance,Library atrium under Grey Guard occupation,Margot Vance; Valerius; unconscious defenders; Grey Guard,Understand the silent takeover and preserve the library.,"Neurotoxin gas, communications blackout, Valerius's occupation force.",Margot learns Valerius intends to treat the library and resistance as a controlled military experiment.,She recognizes the occupation is not negotiation but calculated dehumanization.,,,Library control passes to Grey Guard occupation.,Margot's responsibility shifts from defending the building to preserving the people and resistance outside it.,Retake or destroy the occupied library before Valerius weaponizes it.; Valerius antagonist and library-loss threads.,,,REV-B03-PHASE8,series/books/book-3/phase-8-editing/MANUSCRIPT.md,human-validated-v0.1,
CTX-B03-C20-S02,B03-C20-S02,Jonah Harrow,Neurotoxin dreamscape,Jonah Harrow; dream-Margot; shadow antagonist,Find Margot within a predatory dream.,"Wolf hunger, fear of losing her, shadow that erases the scent trail.","The reader sees Jonah's deepest fear of possessiveness, loss, and destructive protection.",No waking belief change yet; the dream externalizes his unresolved internal conflict.,,,None; dream symbolism only.,The mate bond is represented as both anchor and potential danger.,Jonah must distinguish protection from possession.; Self-sacrifice and mate-bond conflict.,,,REV-B03-PHASE8,series/books/book-3/phase-8-editing/MANUSCRIPT.md,human-validated-v0.1,
CTX-B03-C20-S03,B03-C20-S03,Jonah Harrow,Snowy woods and old logging road outside occupied library,Jonah Harrow; Margot Vance,Escape sniper range and reorganize after the library falls.,"Neurotoxin aftereffects, Grey Guard snipers, loss of stronghold, freezing weather.",Jonah learns Margot has a contingency protocol for total insurgent resistance.,Both shift from holding territory to sabotage and guerrilla war.,,,Radio used to activate Pack protocol.,Margot physically saves Jonah and assumes strategic initiative.,Protocol Wild Hunt will mobilize the resistance against the occupation.; Retaking or destroying the library.,,,REV-B03-PHASE8,series/books/book-3/phase-8-editing/MANUSCRIPT.md,human-validated-v0.1,
CTX-B03-C21-S01,B03-C21-S01,Jonah Harrow,Library fortress and Main Street defenses,Jonah Harrow; Grishka; Sarah; Trolls; Wolves; townspeople,Inspect and coordinate the fortified rebellion.,"Expected Grey Guard counterattack, limited time, militia logistics.",Jonah learns the rebellion has become a coordinated town-wide defense network.,He accepts that leadership now requires delegation rather than personal front-line control.,,,Construction material and weapons distributed across defenses.,Jonah's bond with the community becomes command legitimacy.,The fortified town must withstand the Grey Guard legion.; Wild Hunt and siege threads.,,,REV-B03-PHASE8,series/books/book-3/phase-8-editing/MANUSCRIPT.md,human-validated-v0.1,
CTX-B03-C21-S02,B03-C21-S02,Jonah Harrow,Library boiler room,Jonah Harrow; Margot Vance; Henderson; Fire Elemental,Assess the library's new power source and shield capacity.,"Dangerous elemental energy, risk of Margot burning out.",Jonah learns the salvaged elemental can power the library's defenses indefinitely.,Margot accepts deeper integration with the library's war systems.,,,Fire Elemental contained in boiler furnace and connected to ley-line system.,Jonah grounds Margot with his earth magic and warns her against burnout.,The elemental power source may carry costs or instability.; Fortress-defense and Margot-burnout threads.,,,REV-B03-PHASE8,series/books/book-3/phase-8-editing/MANUSCRIPT.md,human-validated-v0.1,
CTX-B03-C21-S03,B03-C21-S03,Jonah Harrow,Library reading-room armory,Jonah Harrow; Margot Vance; Aleksei; resistance fighters,Choose and distribute weapons for the coming siege.,"Cursed artifacts, ethical limits, overwhelming enemy force.",Jonah learns the archive contains powerful but ethically dangerous weapons.,He balances pragmatism with refusal to become indistinguishable from the enemy.,,,Rifles to squad leaders; armor to Trolls; combat grimoires assigned.,Margot and Jonah share authority over magical and conventional armament.,Dark weapons may become necessary if defenses fail.; Siege preparation and ethical-war threads.,,,REV-B03-PHASE8,series/books/book-3/phase-8-editing/MANUSCRIPT.md,human-validated-v0.1,
CTX-B03-C21-S04,B03-C21-S04,Jonah Harrow,Margot's office / War Room,Jonah Harrow; Margot Vance,Create a viable defense plan against heavy armor.,"Inferior numbers, only one viable bridge route, limited endurance.",Margot learns Jonah expects only one or two hours against a full armored column.,Jonah confronts the inadequacy of purely military defense.,,,Topographic map and contingency routes used.,Margot challenges Jonah's sacrifice logic and asks him to preserve the Scrolls if they lose.,"If the fortress falls, the Scrolls must escape through the coal chute.; Final siege and evidence-preservation threads.",,,REV-B03-PHASE8,series/books/book-3/phase-8-editing/MANUSCRIPT.md,human-validated-v0.1,
CTX-B03-C21-S05,B03-C21-S05,Jonah Harrow,Margot's office,Jonah Harrow; Margot Vance,Answer what Margot means to Jonah and settle the sacrifice dispute.,"Fear of loss, war pressure, inability to articulate emotional dependence.","Margot learns Jonah believes he has been guarding her, not merely the town.",Jonah articulates love-like devotion instead of hiding behind duty.,,,None.,"The mate bond receives explicit emotional language, though interrupted before full resolution.",Jonah's emotional declaration must be completed or answered.; Relationship-resolution thread.,,,REV-B03-PHASE8,series/books/book-3/phase-8-editing/MANUSCRIPT.md,human-validated-v0.1,
CTX-B03-C21-S06,B03-C21-S06,Jonah Harrow,Library office window and town bridge,Jonah Harrow; Margot Vance; Valerius; Grey Guard; townspeople,Assess the approaching enemy and decide whether to surrender.,"Five hundred anti-magic Grey Guard, silver pikes, flamethrowers, Valerius's ultimatum.","Jonah and Margot learn Valerius brought anti-magic infantry designed specifically for Wolves, Trolls, and magical defenses.",The rebellion confirms it will fight despite impossible odds.,,,Naval binoculars used; large siege grimoire requested.,Jonah and Margot move together into final-siege command.,"The Grey Guard siege will begin immediately.; Final siege, Valerius confrontation, and fortress-defense threads.",,,REV-B03-PHASE8,series/books/book-3/phase-8-editing/MANUSCRIPT.md,human-validated-v0.1,
CTX-B03-C22-S01,B03-C22-S01,Shared POV (Jonah / Margot),Library front lawn trench line,Jonah Harrow; Margot Vance; Grey Guard; resistance defenders,Hold the trench line against the first Grey Guard assault.,"Anti-magic infantry, silver weapons, flamethrowers, and disciplined formation tactics.",The defenders learn the Grey Guard can neutralize many magical attacks through anti-magic formation discipline.,Jonah accepts the outer line cannot hold and shifts to interior defense.,,,Wounded allies and weapons moved inside.,Jonah and Margot coordinate the retreat under fire.,The library doors and interior traps must stop the breach.; Grey Guard siege and fortress-defense threads.,,,REV-B03-PHASE8,series/books/book-3/phase-8-editing/MANUSCRIPT.md,human-validated-v0.1,
CTX-B03-C22-S02,B03-C22-S02,Margot Vance,Library lobby,Margot Vance; Jonah Harrow; Aleksei; Grey Guard vanguard,Prepare an interior trap before the Grey Guard enters.,"Doors burning through, limited time, enemy numbers.",Margot confirms the Grey Guard will enter in disciplined mass formation.,She chooses architectural manipulation over direct force.,,,Trap controls activated.,Jonah trusts Margot's control of the building's systems.,The Escher trap must contain or neutralize the vanguard.; Library-defense and architectural-magic threads.,,,REV-B03-PHASE8,series/books/book-3/phase-8-editing/MANUSCRIPT.md,human-validated-v0.1,
CTX-B03-C22-S03,B03-C22-S03,Shared POV,Library atrium Escher pit,Margot Vance; Jonah Harrow; Grey Guard vanguard; Valerius,Use the folded floor to remove the Grey Guard vanguard.,Enemy reserves and uncertain trap capacity.,The defenders learn the Escher mechanism can trap a large disciplined force.,Margot sees the building can still outthink modern siege doctrine.,,,Grey Guard vanguard displaced into dimensional containment.,The defenders rally around Margot's tactical success.,Valerius will answer the trap with a different weapon.; Valerius escalation and library-defense threads.,,,REV-B03-PHASE8,series/books/book-3/phase-8-editing/MANUSCRIPT.md,human-validated-v0.1,
CTX-B03-C22-S04,B03-C22-S04,Jonah Harrow,Library entrance,Jonah Harrow; Margot Vance; Valerius; Grey Guard,Keep Valerius from forcing surrender or seizing the Scroll.,"Valerius's leverage, hostages or threatened civilians, and siege escalation.","Jonah understands Margot is going for the Elemental, not the Scroll.",He trusts her improvisation without exposing it.,,,None.,Silent strategic communication between Jonah and Margot deepens.,Margot will use the Fire Elemental against Valerius's next weapon.; Elemental-power and siege-escalation threads.,,,REV-B03-PHASE8,series/books/book-3/phase-8-editing/MANUSCRIPT.md,human-validated-v0.1,
CTX-B03-C22-S05,B03-C22-S05,Margot Vance,Library boiler room and entrance,Margot Vance; Fire Elemental; Valerius; defenders,Recruit the Fire Elemental against the approaching threat.,"Elemental volatility, time pressure, and unknown enemy weapon.",Margot learns Valerius has brought a relic Siege Golem from the War of 1999.,She recognizes ordinary firepower will be insufficient.,,,Fire Elemental remains contained but engaged.,Margot treats the Elemental as an ally rather than mere power source.,The Siege Golem must be stopped before it destroys the library.; Valerius escalation and library-destruction threads.,,,REV-B03-PHASE8,series/books/book-3/phase-8-editing/MANUSCRIPT.md,human-validated-v0.1,
CTX-B03-C22-S06,B03-C22-S06,Shared POV,Library front entrance and atrium,Jonah Harrow; Margot Vance; Grishka; Siege Golem; defenders; Valerius,Stop the Siege Golem's first breach.,"Thirty-foot necromantic construct, rotary cannon, battering force, self-repair.",The defenders learn the Golem is far stronger than Troll or conventional defenses.,Margot recognizes the next solution must exploit classification or rules rather than strength.,,,None.,Jonah and Margot remain jointly focused despite tactical disaster.,Find a conceptual loophole to neutralize the Golem.; Golem threat and library-survival threads.,,,REV-B03-PHASE8,series/books/book-3/phase-8-editing/MANUSCRIPT.md,human-validated-v0.1,
CTX-B03-C23-S01,B03-C23-S01,Margot Vance,Library atrium and balcony,Margot Vance; Jonah Harrow; Henderson; Grishka; Siege Golem,Identify a non-force solution to the Golem.,"Self-repair, necrotic heat, collapsing library, wounded defenders.",Margot identifies the Golem as an animate object subject to library classification.,She reframes the enemy from weapon to inventory.,,,None.,Jonah buys time while Margot takes intellectual command.,Use cataloging rules to process the Golem as inventory.; Golem-neutralization thread.,,,REV-B03-PHASE8,series/books/book-3/phase-8-editing/MANUSCRIPT.md,human-validated-v0.1,
CTX-B03-C23-S02,B03-C23-S02,Margot Vance,Reference Desk and Old Index,Margot Vance; Henderson; Siege Golem,Find the exact classification and transport mechanism needed.,"Burning library, time pressure, unusual construct class.",Margot learns the Golem can be labeled as inventory and routed to the Void.,She trusts library procedure as a battlefield weapon.,,,Keeper's Label Gun acquired with VOID-destination tags.,None beyond command coordination with Henderson.,Attach the tag to the Golem and route it to Oversize Returns.; Cataloging-weapon thread.,,,REV-B03-PHASE8,series/books/book-3/phase-8-editing/MANUSCRIPT.md,human-validated-v0.1,
CTX-B03-C23-S03,B03-C23-S03,Margot Vance,Library atrium,Margot Vance; Jonah Harrow; Aleksei; Siege Golem,Reach the Golem and attach the inventory label.,"Rotary cannon, moving construct, collapsing interior.",The defenders confirm the library's inventory authority can override the Golem temporarily.,Margot's rule-based solution proves stronger than raw force.,,,VOID label attached to Golem.,Jonah and Aleksei coordinate around Margot's plan.,The tag must survive the Golem's resistance.; Golem-processing thread.,,,REV-B03-PHASE8,series/books/book-3/phase-8-editing/MANUSCRIPT.md,human-validated-v0.1,
CTX-B03-C23-S04,B03-C23-S04,Margot Vance,Library lobby and loading-dock route,Margot Vance; Jonah Harrow; Henderson; Sarah; Aleksei; Siege Golem,Complete the return process before the Golem purges the label.,"Logic conflict, empty Label Gun, Golem resisting rollers.",Margot learns the return requires manual verification.,The team accepts absurd library procedure as literal combat doctrine.,,,Checkout Stamp transferred from Sarah to Margot.,Multiple allies support Margot's high-risk maneuver.,Stamp the Golem before it breaks free.; Golem-processing climax.,,,REV-B03-PHASE8,series/books/book-3/phase-8-editing/MANUSCRIPT.md,human-validated-v0.1,
CTX-B03-C23-S05,B03-C23-S05,Margot Vance,Library loading-dock hallway and Oversize Returns chute,Margot Vance; Jonah Harrow; Aleksei; Henderson; Siege Golem,Stamp the Golem and force it into the Void chute.,"Heat, height, Golem resistance, dangerous chute edge.",The defenders confirm the library's cataloging authority can dispose of even a necromantic war machine.,Margot fully embraces her Keeper role as battlefield authority.,,,Siege Golem transferred into trans-dimensional Void; Checkout Stamp remains with Margot.,Jonah supports Margot's command rather than taking over.,Valerius will answer the loss of his prototype.; Valerius escalation thread.,,,REV-B03-PHASE8,series/books/book-3/phase-8-editing/MANUSCRIPT.md,human-validated-v0.1,
CTX-B03-C23-S06,B03-C23-S06,Margot Vance,Library lobby,Margot Vance; Jonah Harrow; Grishka; Henderson; Valerius over radio,"Recover, assess casualties, and understand Valerius's next move.","Exhaustion, injuries, ongoing siege, enemy patience.",The defenders learn Valerius intends to starve and isolate them rather than breach immediately.,Margot rejects passive endurance and chooses to rewrite the rules.,,,Checkout Stamp remains in Margot's possession.,Jonah and Margot reaffirm shared command.,Break the siege through an offensive move.; Valerius confrontation and information-war threads.,,,REV-B03-PHASE8,series/books/book-3/phase-8-editing/MANUSCRIPT.md,human-validated-v0.1,
CTX-B03-C24-S01,B03-C24-S01,Jonah Harrow,Library lobby on Day Two of siege,Jonah Harrow; Margot Vance; Sarah; Aleksei; resistance civilians,Find a way to break Valerius's communications blackout.,"Jamming, limited water, siege starvation strategy, enemy surveillance.",The defenders learn the old AM transmitter may bypass modern jamming and reach five hundred miles.,Jonah recognizes public witnesses are more valuable than conventional reinforcements.,,,Mission weapons and communications gear prepared.,Margot preemptively orders Aleksei to stop Jonah from reckless solo action.,Broadcast the truth beyond the quarantine.; Information-war and audience threads.,,,REV-B03-PHASE8,series/books/book-3/phase-8-editing/MANUSCRIPT.md,human-validated-v0.1,
CTX-B03-C24-S02,B03-C24-S02,Jonah Harrow,"Coal chute, riverbank, and forest route",Jonah Harrow; Sarah; Aleksei; Magisterium patrol,Exit the library unseen and reach the logging station.,"Patrol skiff, jamming field, snow, enemy guards.",Jonah learns the transmitter is lightly guarded and still powered.,The mission appears feasible despite the siege.,,,No major transfer.,Sarah and Aleksei function as trusted field partners.,Take the station without raising an alarm.; Broadcast mission.,,,REV-B03-PHASE8,series/books/book-3/phase-8-editing/MANUSCRIPT.md,human-validated-v0.1,
CTX-B03-C24-S03,B03-C24-S03,Jonah Harrow,Abandoned logging-station transmitter shack,Jonah Harrow; Sarah; Aleksei; two Grey Guard guards,Capture the station and activate the transmitter.,"Guards, obsolete equipment, risk of detection.",The team confirms the old technology bypasses the jamming field.,Jonah decides the message should center survival and witness rather than vengeance.,,,Bakelite microphone and transmitter controls placed in Jonah's use.,Sarah and Aleksei support Jonah's role as public voice.,Jonah must deliver a credible public broadcast before triangulation.; Information-war thread.,,,REV-B03-PHASE8,series/books/book-3/phase-8-editing/MANUSCRIPT.md,human-validated-v0.1,
CTX-B03-C24-S04,B03-C24-S04,Jonah Harrow,Logging-station transmitter shack,Jonah Harrow; Sarah; Aleksei; unseen regional listeners; approaching enemy,Expose Valerius and ask outsiders to witness the siege.,"Official propaganda, limited broadcast time, rapid signal triangulation.",Regional listeners learn Snowfall Creek is being besieged and erased under false biohazard claims.,Jonah reframes victory as visibility rather than cavalry.,,,Transmitter deliberately destroyed after broadcast.,He publicly names the town's plural community as worth defending.,An audience may arrive and prevent a secret massacre.; Public-witness and information-war threads.,,,REV-B03-PHASE8,series/books/book-3/phase-8-editing/MANUSCRIPT.md,human-validated-v0.1,
CTX-B03-C24-S05,B03-C24-S05,Jonah Harrow,Forest and ravine near logging station,Jonah Harrow; Sarah; Aleksei; Grey Guard Hunters,Escape the response team and return to the library.,"Hunters, net gun, taser, silver containment collar, exhaustion.",Jonah learns Valerius has specialized Alpha-containment teams.,He accepts extreme self-endangerment to preserve the broadcast's success.,,,"Jonah loses clothes, weapons, and likely comms during escape.",The separation delays his return to Margot.,"Jonah must survive the river and reunite with Margot.; Self-sacrifice, pursuit, and reunion threads.",,,REV-B03-PHASE8,series/books/book-3/phase-8-editing/MANUSCRIPT.md,human-validated-v0.1,
CTX-B03-C24-S06,B03-C24-S06,Jonah Harrow,Riverbank and highway outside Snowfall Creek,Jonah Harrow; approaching civilian convoy,Survive the river and determine whether the broadcast mattered.,"Hypothermia, isolation, lost communications, distance from library.",Jonah learns the broadcast succeeded and outsiders are coming to witness the siege.,He understands the decisive force may be public visibility rather than military rescue.,,,Comms and gear lost in river; no Treaty involved.,His immediate goal becomes returning to Margot with proof the plan worked.,"The arriving audience must survive, enter, or expose the siege.; Public-witness and final-accountability threads.",,,REV-B03-PHASE8,series/books/book-3/phase-8-editing/MANUSCRIPT.md,human-validated-v0.1,
CTX-B03-C25-S01,B03-C25-S01,Shared POV (Margot / Jonah),Library coal chute and interior,Margot Vance; Jonah Harrow; defenders,Get Jonah back inside after the broadcast mission and assess the audience response.,"Jonah's hypothermia, separation, ongoing siege, and Valerius's next contingency.",Margot learns civilian witnesses are approaching Snowfall Creek.,Both accept that visibility has shifted the battlefield.,,,Jonah receives borrowed clothes and warming care.,Margot prioritizes Jonah's recovery while continuing command.,The arriving witnesses must be protected from Valerius's response.; Public-witness and siege-collapse threads.,,,REV-B03-PHASE8,series/books/book-3/phase-8-editing/MANUSCRIPT.md,human-validated-v0.1,
CTX-B03-C25-S02,B03-C25-S02,Jonah Harrow,Library steps and town square,Jonah Harrow; Margot Vance; Valerius; civilian convoy; cameras; defenders,Use the arriving audience to force Valerius to stand down.,"Valerius's backup systems, Grey Guard presence, and media manipulation.",Jonah learns Valerius retained a secondary Feral Signal delivery method.,Public visibility alone is not enough if Valerius can manufacture the images.,,,No major transfer.,Jonah and Margot face the audience confrontation together.,Stop the backup Feral Signal before the witnesses are killed.; Information-war and Valerius-contingency threads.,,,REV-B03-PHASE8,series/books/book-3/phase-8-editing/MANUSCRIPT.md,human-validated-v0.1,
CTX-B03-C25-S03,B03-C25-S03,Margot Vance,Town square,Margot Vance; Jonah Harrow; Valerius; transformed supernatural defenders; civilian witnesses,Understand and stop the backup signal.,"Airborne or injected feral agent, panicked civilians, monsters losing control on camera.",Margot learns the backup system is designed to create visual proof of monster violence.,"She recognizes the central weapon is narrative engineering, not only infection.",,,No major transfer.,Margot's immediate focus shifts from Jonah to curing the entire infected population.,Develop and distribute a cure before the massacre becomes irreversible.; Feral-virus and information-war threads.,,,REV-B03-PHASE8,series/books/book-3/phase-8-editing/MANUSCRIPT.md,human-validated-v0.1,
CTX-B03-C25-S04,B03-C25-S04,Shared POV,Town square and library entrance,Margot Vance; Jonah Harrow; Grey Guard; feral defenders; civilians,Prevent the massacre and retreat to the library.,"Feral allies, Grey Guard herding tactics, cameras, Jonah's infection.",Margot learns the Grey Guard is deliberately directing the violence for public consumption.,She abandons any hope of solving the crisis through battlefield tactics alone.,,,Library doors sealed; Jonah remains outside without Margot.,Separation creates immediate rescue urgency.,"Margot must cure and recover Jonah.; Virus, separation, and Valerius-defeat threads.",,,REV-B03-PHASE8,series/books/book-3/phase-8-editing/MANUSCRIPT.md,human-validated-v0.1,
CTX-B03-C25-S05,B03-C25-S05,Margot Vance,Library interior,Margot Vance; Henderson; Aleksei; Fire Elemental,Create a cure for the feral infection and save Jonah.,"No existing antidote, time pressure, infected town, limited ingredients.",Margot identifies the infection as treatable through a synthesized counter-agent.,She moves from defensive Keeper to active creator of new knowledge.,,,Alchemy tools and ingredients gathered.,Her love for Jonah becomes the emotional center of the cure effort.,Synthesize the cure and administer it to Jonah.; Virus-cure and reunion threads.,,,REV-B03-PHASE8,series/books/book-3/phase-8-editing/MANUSCRIPT.md,human-validated-v0.1,
CTX-B03-C25-S06,B03-C25-S06,Margot Vance,Library alchemy station,Margot Vance; Henderson; Aleksei; Fire Elemental,Begin the antiviral synthesis.,"Dangerous ingredients, improvised process, little time.",Margot begins converting archive knowledge into original medicine.,She declares an end to keeping secrets and commits to making solutions.,,,Dragon's blood and alchemical apparatus enter active use.,Allies support Margot's leadership and scientific improvisation.,The synthesized cure must work on the techno-arcane virus.; Cure-development thread.,,,REV-B03-PHASE8,series/books/book-3/phase-8-editing/MANUSCRIPT.md,human-validated-v0.1,
CTX-B03-C26-S01,B03-C26-S01,Jonah Harrow,Snowfall Creek service alleys,Jonah Harrow,Resist the feral virus and avoid killing anyone.,"Chemical rage, hallucinations, forced transformation, predatory compulsion.",Jonah learns the parasite is distinct from his true Wolf and can override his actions.,He begins treating himself as a containment threat.,,,No major transfer.,Margot remains his psychological anchor despite absence.,Jonah must confine himself before he harms a person.; Virus-control and self-sacrifice threads.,,,REV-B03-PHASE8,series/books/book-3/phase-8-editing/MANUSCRIPT.md,human-validated-v0.1,
CTX-B03-C26-S02,B03-C26-S02,Jonah Harrow,The Howling Moon,Jonah Harrow; Principal Henderson,Find refuge without attacking a civilian.,"Blood scent, hunger, feral compulsion, terrified civilian.","Jonah learns restraint is still possible, but only narrowly.",He decides physical confinement is necessary.,,,Whiskey consumed; no lasting custody.,His sheriff identity survives through self-denial.,Reach the Sheriff's Station and lock himself away.; Self-containment thread.,,,REV-B03-PHASE8,series/books/book-3/phase-8-editing/MANUSCRIPT.md,human-validated-v0.1,
CTX-B03-C26-S03,B03-C26-S03,Jonah Harrow,Sheriff's Station holding cells,Jonah Harrow; Margot Vance over CCTV,Contain himself and warn Margot away.,"Fever, hallucinations, fear of killing Margot, approaching kill squad.",Jonah learns Margot can see and communicate with him remotely.,He recognizes she will not accept unilateral sacrifice.,,,Cell custody self-imposed.,Margot's refusal reinforces reciprocal protection.,"Margot will intervene despite Jonah's command.; Rescue, cure, and relationship threads.",,,REV-B03-PHASE8,series/books/book-3/phase-8-editing/MANUSCRIPT.md,human-validated-v0.1,
CTX-B03-C26-S04,B03-C26-S04,Jonah Harrow,Sheriff's Station holding cells,Jonah Harrow; Margot Vance over speaker; Magisterium kill squad,Survive until Margot can help without proving Valerius's narrative.,"Execution team, feral infection, locked cell.",Margot and Jonah learn the virus can be disrupted by a counter-signal.,The infection appears techno-arcane rather than purely biological.,,,No major transfer.,Margot saves Jonah remotely through analysis rather than force.,The counter-signal must become a complete cure or protective system.; Virus-mechanism and rescue threads.,,,REV-B03-PHASE8,series/books/book-3/phase-8-editing/MANUSCRIPT.md,human-validated-v0.1,
CTX-B03-C26-S05,B03-C26-S05,Jonah Harrow,Sheriff's Station holding cells,Jonah Harrow; Magisterium kill squad; Silas,Survive execution and escape the cell.,"Armed soldiers, weakness after purging the virus, locked confinement.",Jonah learns Silas is a revenant and the Archives can awaken historical agents.,His understanding of the founding era gains a living witness.,,,Cell lock destroyed; Silas's sword-cane introduced.,Margot's rescue network expands through the library itself.,Silas's knowledge of the town and Iron Horse will matter.; Founding-history and rescue threads.,,,REV-B03-PHASE8,series/books/book-3/phase-8-editing/MANUSCRIPT.md,human-validated-v0.1,
CTX-B03-C26-S06,B03-C26-S06,Jonah Harrow,Snowfall Creek alleys and B4 Vault,Jonah Harrow; Margot Vance; Silas; Aleksei; Henderson; Fire Elemental,Reunite Jonah with Margot and determine the true source of the virus.,"Dormant infection, time pressure, hidden mobile transmitter.",The group learns the Iron Horse is transmitting the Feral Signal and that stopping it requires boarding the train.,Jonah stops treating himself as incurably monstrous and focuses on the source.,,,Train map and robbery plan introduced.,Margot and Jonah reunite but avoid contact until the infection is controlled.,Board the Iron Horse and shut down the Feral Signal.; Virus-source and Valerius-defeat threads.,,,REV-B03-PHASE8,series/books/book-3/phase-8-editing/MANUSCRIPT.md,human-validated-v0.1,
CTX-B03-C27-S01,B03-C27-S01,Margot Vance,B4 Vault planning table,Margot Vance; Jonah Harrow; Silas; Aleksei; Henderson; Sarah,Plan a safe way to board and disable the Iron Horse.,"Mobile fortress defenses, sixty-mile-per-hour speed, radioactive or feral meltdown risk.",The team learns the Iron Horse is a shielded mobile fortress with the Emitter core in the locomotive.,Margot accepts an extremely high-risk boarding operation as the only viable option.,,,Iron Horse map used for planning.,Jonah joins Margot as equal mission commander despite infection.,Board the train from the zip-line before it reaches the dam.; Train-robbery and virus-source threads.,,,REV-B03-PHASE8,series/books/book-3/phase-8-editing/MANUSCRIPT.md,human-validated-v0.1,
CTX-B03-C27-S02,B03-C27-S02,Margot Vance,Condemned zip-line tower over Granite Abyss,Margot Vance; Jonah Harrow; Silas; Aleksei; Henderson; Sarah,Reach the tower platform and time the boarding jump.,"Gale-force wind, extreme height, condemned structure, approaching train.",The team confirms the cable crosses directly over the train at the trestle.,Margot accepts fear without surrendering action.,,,Harnesses and zip-line handles used.,Aleksei's loyalty and expendability logic support the group.,Each team member must land on the train safely.; Boarding-operation thread.,,,REV-B03-PHASE8,series/books/book-3/phase-8-editing/MANUSCRIPT.md,human-validated-v0.1,
CTX-B03-C27-S03,B03-C27-S03,Margot Vance,Iron Horse roof,Margot Vance; Jonah Harrow; Aleksei; Henderson; Sarah; Silas,Land the team on the train and breach the maintenance hatch.,"Roof turrets, speed, wind, hard landing, locked hatch.",The team learns the train's roof defenses can be disabled physically.,Margot trusts the improvised team to execute the impossible plan.,,,Mounted turret torn off and discarded; hatch access gained.,The group functions as a coherent assault unit.,Breach the server car and locate the true Emitter.; Train-assault thread.,,,REV-B03-PHASE8,series/books/book-3/phase-8-editing/MANUSCRIPT.md,human-validated-v0.1,
CTX-B03-C27-S04,B03-C27-S04,Margot Vance,Iron Horse nerve-center car,Margot Vance; Jonah Harrow; Henderson; Aleksei; Shock Troopers,Take the server car and shut down the Feral Signal.,"Elite Shock Troopers, confined firefight, misleading server architecture.",The team learns the locomotive contains both the Emitter and Jackson Harrow as a living Alpha battery.,Jonah's mission changes from system shutdown to rescuing his father.,,,Server systems captured; telemetry data accessed.,Margot witnesses Jonah's deepest family wound become immediate.,"Rescue Jackson Harrow from the locomotive.; Father mystery, train assault, and Valerius confrontation.",,,REV-B03-PHASE8,series/books/book-3/phase-8-editing/MANUSCRIPT.md,human-validated-v0.1,
CTX-B03-C27-S05,B03-C27-S05,Shared POV,Iron Horse sleeper cars and engine-room approach,Jonah Harrow; Margot Vance; Valerius; train guards; Henderson; Aleksei; Sarah; Silas,"Fight through the train, reach Jackson, and stop the collision.","Elite guards, Jonah's pain-driven rage, Valerius, sealed engine room, ten-minute collision course.",The team learns the Iron Horse will hit the dam in ten minutes and wipe out the valley.,Margot distinguishes pain from chosen anger and tries to keep Jonah from becoming feral.,,,Engine-room doors sealed; train controls remain with Valerius.,Margot acts as Jonah's moral anchor during the father's rescue crisis.,"Rescue Jackson, stop the train, and defeat Valerius before the dam impact.; Final-train climax.",,,REV-B03-PHASE8,series/books/book-3/phase-8-editing/MANUSCRIPT.md,human-validated-v0.1,
CTX-B03-C28-S01,B03-C28-S01,Shared POV,Iron Horse engine room,Jonah Harrow; Margot Vance; Valerius; Jackson Harrow,"Free Jackson, defeat Valerius, and regain control of the locomotive.","Valerius's kinetic magic, Jonah's infection, sealed Alpha tank, runaway engine.",The team learns the engine is locked at maximum speed.,Margot recognizes stopping the train will require structural sacrifice rather than normal control.,,,No major transfer.,Jonah and Margot divide roles between combat and rescue without hesitation.,"Decouple the rear cars and free Jackson before impact.; Dam-collision, Jackson-rescue, and Valerius-defeat threads.",,,REV-B03-PHASE8,series/books/book-3/phase-8-editing/MANUSCRIPT.md,human-validated-v0.1,
CTX-B03-C28-S02,B03-C28-S02,Aleksei,Iron Horse roof and coupling,Aleksei; Sarah; Henderson,Decouple the passenger cars from the runaway locomotive.,"High speed, drones, broken arm, Magisterium safety chains.",The team learns manual decoupling requires cutting reinforced safety chains.,Aleksei accepts the need for a dangerous close-range cut.,,,Coupling pin expelled; Aleksei's sword prepared for chain cut.,Sarah and Aleksei coordinate under extreme pressure.,Cut the chains before the locomotive reaches the dam.; Train-decoupling thread.,,,REV-B03-PHASE8,series/books/book-3/phase-8-editing/MANUSCRIPT.md,human-validated-v0.1,
CTX-B03-C28-S03,B03-C28-S03,Margot Vance,Iron Horse engine room,Margot Vance; Jonah Harrow; Valerius; Jackson Harrow,Break Jackson's tank and shut down the Emitter.,"Empty shotgun, reinforced tank glass, Valerius's attack, draining life support.",The team confirms the Feral Signal and Jonah's parasite depend on the locomotive Emitter.,Jonah regains confidence that the Wolf is himself rather than the infection.,,,Emitter controls destroyed; Jackson removed from tank.,Margot saves both Jonah and Jackson through direct action.,"Survive the collision and finish Valerius.; Virus-cure, father-rescue, and final-antagonist threads.",,,REV-B03-PHASE8,series/books/book-3/phase-8-editing/MANUSCRIPT.md,human-validated-v0.1,
CTX-B03-C28-S04,B03-C28-S04,Shared POV,Iron Horse coupling and engine room,Jonah Harrow; Margot Vance; Jackson Harrow; Valerius; Aleksei; Sarah; Henderson,Separate the rear cars and survive the final approach to the dam.,"Safety chains, runaway locomotive, Valerius's escape, seconds remaining.",The team learns Valerius has planned an aerial escape.,Jonah and Margot accept they must survive impact rather than stop it.,,,Rear cars separate; Valerius departs with parachute.,Jonah physically shields Margot and Jackson.,Survive the locomotive crash and pursue Valerius afterward.; Collision and antagonist-escape threads.,,,REV-B03-PHASE8,series/books/book-3/phase-8-editing/MANUSCRIPT.md,human-validated-v0.1,
CTX-B03-C28-S05,B03-C28-S05,Shared POV,Granite dam and reservoir,Jonah Harrow; Margot Vance; Jackson Harrow,Survive the locomotive impact and prevent catastrophic dam failure.,"Ninety-mile-per-hour collision, exploding engine, reservoir water, damaged dam.",Margot and Jonah learn the valley has survived and the signal is gone.,They recognize the impossible mission actually succeeded.,,,Locomotive and Emitter destroyed in reservoir.,Jonah remains physically protective through the impact.,Recover Jackson and return to town to finish the war.; Aftermath and final-Valerius threads.,,,REV-B03-PHASE8,series/books/book-3/phase-8-editing/MANUSCRIPT.md,human-validated-v0.1,
CTX-B03-C28-S06,B03-C28-S06,Shared POV,Dam rip-rap,Jonah Harrow; Margot Vance; Jackson Harrow,Stabilize Jackson and decide the next move.,"Jackson's decade of damage, exhaustion, cold, Valerius still at large.",Jonah learns Jackson's identity and mind survived the battery captivity.,Jonah's grief over his father's death is replaced by fragile hope.,,,No major transfer.,Margot becomes part of the Harrow family reunion and recovery plan.,Heal Jackson and defeat Valerius in town.; Father-recovery and final-accountability threads.,,,REV-B03-PHASE8,series/books/book-3/phase-8-editing/MANUSCRIPT.md,human-validated-v0.1,
CTX-B03-C29-S01,B03-C29-S01,Margot Vance,Road into Snowfall Creek and Town Hall exterior,Margot Vance; Jonah Harrow; Jackson Harrow; Valerius helicopter,Return the survivors to town and stop Valerius's escape.,"Jackson's condition, Margot's exhaustion, helicopter departure.",Margot learns Valerius is escaping from Town Hall roof.,She accepts final responsibility for enforcing the Charter.,,,Founding Scroll remains strapped to Margot's back.,Jonah trusts Margot to complete the final confrontation while protecting his father.,Use Keeper authority to stop Valerius.; Final-antagonist and Charter threads.,,,REV-B03-PHASE8,series/books/book-3/phase-8-editing/MANUSCRIPT.md,human-validated-v0.1,
CTX-B03-C29-S02,B03-C29-S02,Margot Vance,Town Hall mayor's office,Margot Vance; Arthur Sterling,Locate Valerius and confront Sterling's betrayal.,"Sterling's cowardice, destroyed records, time pressure.",Margot learns Sterling expected a Senate seat in exchange for collaboration.,She distinguishes Sterling's petty ambition from Valerius's ideological violence.,,,Sterling's cash remains in briefcase.,None.,Sterling must face arrest or community judgment.; Political-accountability thread.,,,REV-B03-PHASE8,series/books/book-3/phase-8-editing/MANUSCRIPT.md,human-validated-v0.1,
CTX-B03-C29-S03,B03-C29-S03,Margot Vance,Town Hall roof and helipad,Margot Vance; Valerius; helicopter pilot,Prevent Valerius from escaping with the Emitter Core and controlling the narrative.,"Helicopter, Emitter evidence case, Valerius's federal authority and magic.",Valerius learns the Charter can supersede his federal authority within Sanctuary.,Margot fully claims the legal and magical authority of Keeper and Administrator.,,,Emitter Core remains in Valerius's metal case.,None directly.,Use House Rules to neutralize Valerius completely.; Charter-authority and final-antagonist threads.,,,REV-B03-PHASE8,series/books/book-3/phase-8-editing/MANUSCRIPT.md,human-validated-v0.1,
CTX-B03-C29-S04,B03-C29-S04,Margot Vance,Town Hall helipad,Margot Vance; Valerius; helicopter pilot,Defeat Valerius's magic and revoke his access to the Sanctuary.,"Holy fire, gravity magic, helicopter escape, federal claims.",Margot confirms the Charter's House Rules can directly rewrite hostile actions inside Sanctuary.,She acts with full confidence in inherited authority.,,,Valerius drops the Emitter Core case.,None.,The revocation must produce final removal or confinement.; Valerius defeat.,,,REV-B03-PHASE8,series/books/book-3/phase-8-editing/MANUSCRIPT.md,human-validated-v0.1,
CTX-B03-C29-S05,B03-C29-S05,Margot Vance,Town Hall helipad,Margot Vance; Valerius; helicopter pilot,Complete Valerius's defeat.,Valerius's final pistol shot and refusal to yield.,Margot learns revocation plus archival authority can transform a hostile person into a contained text.,She defines justice as containment and memory rather than execution.,,,Valerius becomes a grey leather book in Margot's custody.,None.,The Valerius book must be securely archived.; Postwar custody and memory threads.,,,REV-B03-PHASE8,series/books/book-3/phase-8-editing/MANUSCRIPT.md,human-validated-v0.1,
CTX-B03-C29-S06,B03-C29-S06,Shared POV,"Town Hall lobby, triage area, and library square",Margot Vance; Jonah Harrow; Jackson Harrow; Valerius book; survivors,"Reunite, confirm survival, and return home.","Exhaustion, wounds, grief, reconstruction burden.",Margot learns Jackson is stable enough to begin recovery.,The protagonists accept survival rather than remaining trapped in emergency mode.,,,Valerius book carried by Margot.,Jonah and Margot publicly and privately choose home together.,"Rebuild the library, town, and shared life.; HEA and reconstruction threads.",,,REV-B03-PHASE8,series/books/book-3/phase-8-editing/MANUSCRIPT.md,human-validated-v0.1,
CTX-B03-C30-S01,B03-C30-S01,Shared POV,Snowfall Creek Main Street and rebuilt library exterior,Jonah Harrow; townspeople; Grishka; Aleksei; Sarah; Silas; journalists,Show the town's first week of reconstruction and transformed public life.,"Damage, trauma, political scrutiny, unfinished repairs.",The reader learns the convoy's witnesses changed the public narrative and prevented erasure.,Jonah embraces transparency as the new civic model.,,,No major transfer.,Secondary romance tension between Aleksei and Sarah is seeded.,The town must sustain openness beyond the crisis.; Reconstruction and series-continuity threads.,,,REV-B03-PHASE8,series/books/book-3/phase-8-editing/MANUSCRIPT.md,human-validated-v0.1,
CTX-B03-C30-S02,B03-C30-S02,Margot Vance,B4 Restricted Section and Administrator's office,Margot Vance; Jonah Harrow; Valerius book,Secure Valerius and manage the new administrative order.,"Treaty paperwork, federal compromise, reconstruction workload.",The reader learns federal authorities pass an Integration Act and formalize Snowfall Creek's protected status.,Margot accepts public administration rather than secret custodianship.,,,Valerius book shelved in B4; bear claw delivered.,Jonah invites her to prioritize shared life after duty.,Margot must balance governance and private life.; HEA and civic-reconstruction threads.,,,REV-B03-PHASE8,series/books/book-3/phase-8-editing/MANUSCRIPT.md,human-validated-v0.1,
CTX-B03-C30-S03,B03-C30-S03,Shared POV,Jonah's ridge cabin,Jonah Harrow; Margot Vance,"Experience peace, intimacy, and chosen domestic life after the war.",Residual trauma and the difficulty of trusting quiet.,Both experience the bond as mutual emotional connection rather than only instinct.,Silence becomes safety rather than impending threat.,,,None.,The relationship resolves into durable domestic and metaphysical commitment.,Live the shared life they chose.; HEA thread.,,,REV-B03-PHASE8,series/books/book-3/phase-8-editing/MANUSCRIPT.md,human-validated-v0.1,
CTX-B03-C30-S04,B03-C30-S04,Jonah Harrow,Jackson Harrow's porch,Jonah Harrow; Jackson Harrow,Reconnect with Jackson and discuss the future.,"Ten lost years, trauma, physical recovery.",Jonah learns Jackson preserved his badge and intends to retire into living-history work.,Jonah accepts inheritance without surrendering his own modern identity.,,,Jackson's old sheriff badge transferred to Jonah.,Father-son bond begins healing through humor and respect.,Jackson and Silas will preserve living history.; Father recovery and civic-memory threads.,,,REV-B03-PHASE8,series/books/book-3/phase-8-editing/MANUSCRIPT.md,human-validated-v0.1,
CTX-B03-C30-S05,B03-C30-S05,Shared POV,Town Hall,Margot Vance; Jonah Harrow; Silas; townspeople,Establish the new civic order and celebrate reconstruction.,"Ordinary disagreements, repairs, and governance complexity.",The reader learns Silas replaced Sterling as Speaker and the town is governing through inclusive public process.,Margot accepts imperfect conversation as better than controlled order.,,,Statue model unveiled.,Jonah and Margot become public symbols of the new town.,Future civic conflicts will be handled openly.; Series-world continuation.,,,REV-B03-PHASE8,series/books/book-3/phase-8-editing/MANUSCRIPT.md,human-validated-v0.1,
CTX-B03-C30-S06,B03-C30-S06,Shared POV,Town Hall curb and library approach,Margot Vance; Jonah Harrow; Aleksei; Sarah; Cian,Introduce the next series-level threat while preserving the Book 3 HEA.,"Cian's arrival, vampire family mystery, possible survival of Aleksei's father, Necronomicon request.",The reader learns Aleksei's brother Cian believes their father may survive and seeks a dangerous archive volume.,Jonah and Margot view future danger as a shared challenge rather than threat to their bond.,,,No transfer; Necronomicon remains only requested.,Their HEA remains intact while the series hook opens.,"Aleksei's family, Cian, the surviving father, and the Necronomicon become series-level promises.; Next-book series hook.",,,REV-B03-PHASE8,series/books/book-3/phase-8-editing/MANUSCRIPT.md,human-validated-v0.1,
