scene_id,book,chapter_index,chapter_heading,scene_index_in_chapter,word_count,source_file,source_hash,opening_line,closing_line,pov_candidate,story_time_candidate,explicit_time_markers,location_candidate,present_characters_candidate,scene_goal_candidate,opposition_candidate,turn_candidate,outcome_candidate,major_events_candidate,knowledge_gained_candidate,belief_changes_candidate,relationship_changes_candidate,objects_transferred_candidate,promises_introduced_candidate,promises_advanced_candidate,promises_paid_off_candidate,review_status,notes
B03-C01-S01,Book 3,1,Chapter 1,1,420,series/books/book-3/phase-8-editing/MANUSCRIPT.md,566cc0876e5f4ce6506db56ac5846eeddf907b0d787410749c33cf2b2c898974,**Jonah**,"""*Weekend*.""",Jonah Harrow,Friday night; three days after full moon,night,The Howling Moon bar,Jonah Harrow; Grishka; Aleksei Petrov; Marcy; minotaur couple; human tourists,Jonah stops the bar fight and restores order.,Grishka's jealousy and supernatural strength; chaotic patrons.,Jonah asserts authority and orders Grishka out.,The fight ends; Grishka is banned for the weekend.,Grishka attacks Aleksei; Jonah intervenes; Jonah imposes consequences.,No major new factual knowledge.,None explicit.,Jonah reinforces his authority over local supernatural residents.,None.,Jonah's role as supernatural sheriff; his exhausted control over the wolf.,None.,None.,human-validated-v0.1,Validated against Phase 8 manuscript; interpretive fields remain provisional where applicable.
B03-C01-S02,Book 3,1,Chapter 1,2,486,series/books/book-3/phase-8-editing/MANUSCRIPT.md,f8897f8ccddda57ba36af07c6db1850633f98633eb94adf4d6dff3dfe6fe33ac,"Jonah grabbed Grishka by the leather of his vest—not easy when the leather was stretched over something the size of an industrial refrigerator—and hauled him toward the door. The Troll went, grumbling, his footsteps shaking the floorboards hard enough to rattle the bottles behind the bar. The wolf i",Jonah froze.,Jonah Harrow,Immediately after the bar fight,night; tomorrow; years ago,Porch of The Howling Moon and Main Street,Jonah Harrow; Grishka; Aleksei Petrov,Jonah clears the remaining disturbance and assesses the night.,Jonah's fatigue; the wolf's unexplained sense of danger.,Jonah detects a wrongness and notices the library.,His attention shifts from routine policing to a possible supernatural threat.,Jonah ejects Grishka; Aleksei leaves; Jonah scents danger in town.,Jonah learns that an unidentified magical danger is nearby.,Routine Friday-night annoyance becomes active concern.,None explicit.,None.,An approaching danger; the library as threat locus.,Jonah's wolf warns that danger is coming.,None.,human-validated-v0.1,Validated against Phase 8 manuscript; interpretive fields remain provisional where applicable.
B03-C01-S03,Book 3,1,Chapter 1,3,557,series/books/book-3/phase-8-editing/MANUSCRIPT.md,2fe2c4442b9f5241fa78290653d71d1f81f9ced5a3131059537e1760f4fab3eb,"The Snowfall Creek Public Library sat at the end of the block like a patient gargoyle. Two stories of Victorian architecture, red brick wrapped in ivy that had been climbing the walls since before the Integration. Its windows should have been dark. Closed for hours. The old librarian—Margot Vance, q",He stepped inside.,Jonah Harrow,Same night,,Exterior and staff entrance of Snowfall Creek Public Library,Jonah Harrow,"Investigate the unexplained light, scent, and magical disturbance.",Locked doors; unknown old magic; Jonah's denial of the mate response.,Jonah identifies Margot's scent and his wolf identifies her as mate.,Jonah enters the locked library.,Jonah observes basement light; identifies ozone and old magic; picks the staff-door lock; recognizes Margot's scent.,Jonah learns the disturbance originates inside the library and Margot is present.,The wolf identifies Margot as mate; Jonah rejects or suppresses the implication.,A latent mate bond is introduced from Jonah's perspective.,None.,Mate-bond romance promise; hidden magical library promise.,The supernatural threat becomes concrete.,None.,human-validated-v0.1,Validated against Phase 8 manuscript; interpretive fields remain provisional where applicable.
B03-C01-S04,Book 3,1,Chapter 1,4,530,series/books/book-3/phase-8-editing/MANUSCRIPT.md,98128e9c678fe7fb78ef96c386b5d3b1e4bde6f9a7bb1c2eb2db5f86d464bf21,"The library's main floor was silent except for the soft creak of old wood under Jonah's boots. The checkout desk was abandoned, a half-drunk cup of tea sitting next to a stack of books that would never be reshelved. The reading lamps were off, but the moonlight filtering through the high windows cas","""*Door*!""",Jonah Harrow,Same night,years ago; night; tonight,Library main floor and basement,Jonah Harrow; Margot Vance,Locate the source of the disturbance and protect whoever is inside.,Impossible architecture; animated books; uncontrolled old magic.,Jonah finds Margot fighting a biting book in a salt circle.,Margot orders Jonah to close the basement door.,Jonah descends; discovers expanded magical basement; sees flying books and Margot containing them.,Jonah learns the library basement is magically transformed and Margot is actively controlling it.,Jonah's suspicion becomes certainty that the library contains dangerous old magic.,Jonah sees Margot as capable under extreme danger.,None.,Margot's hidden Keeper role; dangerous sentient books.,Library mystery escalates into direct supernatural crisis.,The earlier sensed wrongness is identified as library magic.,human-validated-v0.1,Validated against Phase 8 manuscript; interpretive fields remain provisional where applicable.
B03-C01-S05,Book 3,1,Chapter 1,5,615,series/books/book-3/phase-8-editing/MANUSCRIPT.md,79c83ea546467141c4023badb15f5d9c797b56631ffa2e1f4fbdddf04076aa08,Jonah kicked the door shut.,*That's not good at all.*,Jonah Harrow,Immediately afterward,tomorrow,Library basement,Jonah Harrow; Margot Vance,Stabilize the magical event and obtain an explanation.,Margot's secrecy; unstable library magic; building-wide ward response.,Every door in the library seals itself.,Jonah and Margot are trapped; Margot confirms a serious problem.,Closing the door drops the books; Margot identifies the library's age and hidden history; the building seals.,Jonah learns the books can animate and the library has concealed magical history.,Margot shifts from containment to acknowledging a larger failure.,Jonah demands truth; Margot begins direct engagement with him.,Margot takes custody of the biting book.,Sealed-building survival deadline; explanation of library history.,The external threat becomes confinement.,Jonah's investigation confirms the sensed danger.,human-validated-v0.1,Validated against Phase 8 manuscript; interpretive fields remain provisional where applicable.
B03-C02-S01,Book 3,2,Chapter 2,1,520,series/books/book-3/phase-8-editing/MANUSCRIPT.md,32d7e93b99d72be438d97c83fb80851528eac923fface753ae431b64be02cee1,**Margot**,"""The library has... protections,"" she continued, moving to the next pile of debris. ""Wards, I suppose you'd call them. They keep certain things contained. Certain *knowledge* from getting out.""",Margot Vance,Immediately after Chapter 1,,Library basement,Margot Vance; Jonah Harrow,Control what Jonah learns while explaining enough to manage the crisis.,Jonah's direct questioning; Margot's lifelong secrecy.,Margot admits the library has wards containing dangerous knowledge.,Jonah receives the first partial explanation.,Margot gathers books; explains the library predates the town and contains remembering books and protective wards.,Jonah learns the library contains old protections and dangerous knowledge.,Margot recognizes that habitual secrecy will not be sufficient.,Their interaction moves from confrontation toward reluctant disclosure.,Margot hides and retains her grandmother's journal.,The contents and purpose of the wards; Margot's family history.,Margot's secret-keeper role becomes explicit.,Partial answer to Jonah's demand for explanation.,human-validated-v0.1,Validated against Phase 8 manuscript; interpretive fields remain provisional where applicable.
B03-C02-S02,Book 3,2,Chapter 2,2,477,series/books/book-3/phase-8-editing/MANUSCRIPT.md,36a59ba33a7456640f31c475e293c0f0ee873cdf3a6cd3b04e26e64ae802e480,"""And those wards just... broke?"" The Sheriff hadn't moved from his position near the door. His hand kept twitching toward his hip, toward the weapon that wouldn't help him down here. Margot almost felt sorry for him. Almost. If she had the emotional bandwidth for pity, she might have found some.",And now she was going to have to talk about it.,Margot Vance,Same scene sequence,,"Library basement, Preservation Section",Margot Vance; Jonah Harrow,Determine what triggered the wards.,Missing archive material; Margot's panic and reluctance to disclose.,Margot discovers the Founding Scrolls are missing.,She tells Jonah the Scrolls are gone and accepts that she must explain them.,Margot finds a three-scroll gap; identifies the missing Founding Scrolls; Jonah steadies her physically.,Margot and Jonah learn the Founding Scrolls are missing; Jonah learns they exist.,Margot moves from uncertainty about the trigger to certainty that theft caused the crisis.,Jonah's touch creates unexpected attraction and safety for Margot.,No transfer shown; missing Scrolls have unknown custody.,Mystery of who took the Founding Scrolls; significance of their contents.,The ward failure receives a likely cause.,The unexplained gap in the shelves is identified.,human-validated-v0.1,Validated against Phase 8 manuscript; interpretive fields remain provisional where applicable.
B03-C02-S03,Book 3,2,Chapter 2,3,519,series/books/book-3/phase-8-editing/MANUSCRIPT.md,076e3c2a8938b446bb322e27690efcd3cf754bece3ab7d83dc76562e5aa4d414,"Margot pulled away from his touch, wrapping her arms around herself like armor. The cold of the basement was seeping into her bones now, or maybe that was just the creeping horror of what she was about to say.","""In twelve hours,"" she said, ""the library will seal itself permanently. And everything inside it—every book, every secret, every *person*—will be erased.""",Margot Vance,Same night,morning,Library basement to main floor,Margot Vance; Jonah Harrow,Explain the Scrolls and assess the building's response.,Dangerous historical truth; escalating Purge Protocol.,Margot identifies the sealing as the Purge Protocol.,They learn they have twelve hours before the library erases itself and everyone inside.,Margot explains the Scrolls concern the town's founding and monsters; doors seal; she reveals the purge deadline.,Jonah learns the Scrolls contain lethal political truths and the library will erase itself in twelve hours.,Jonah's concern becomes acceptance of an existential deadline.,Margot entrusts Jonah with restricted family knowledge.,None.,Twelve-hour countdown; founding-truth conspiracy.,Missing Scrolls become a town-level threat.,The sealed doors are explained as the Purge Protocol.,human-validated-v0.1,Validated against Phase 8 manuscript; interpretive fields remain provisional where applicable.
B03-C02-S04,Book 3,2,Chapter 2,4,634,series/books/book-3/phase-8-editing/MANUSCRIPT.md,70052990407fd12308776ad21b0d025b07d6aa79838142fb6a942ba93d2bcef1,"The Sheriff's expression didn't flicker. Not a twitch of panic, not a flash of fear. Just that granite stare and the low thrum of something dangerous lurking just beneath the surface.","""Welcome to my life, Sheriff.""",Margot Vance,Minutes later,,Library main floor,Margot Vance; Jonah Harrow; Meredith hologram,Find a way to stop the Purge Protocol.,Inescapable wards; protocol's refusal to make exceptions; unstable Deep Stacks.,"Meredith states that recovery requires reaching Level B4, the Heart of the Archive.",Margot commits to recovering the Scrolls and names Jonah as backup.,Jonah tests exits; Meredith appears; protocol terms are explained; Margot chooses the recovery route.,They learn returning the Scrolls via Level B4 can avert sterilization.,Margot shifts from panic to determined action.,Margot publicly treats Jonah as her partner or backup; shared humor appears.,None.,Journey through four underground levels to the Heart of the Archive.,The survival problem acquires a concrete mission.,The question of escape receives a conditional solution.,human-validated-v0.1,Validated against Phase 8 manuscript; interpretive fields remain provisional where applicable.
B03-C02-S05,Book 3,2,Chapter 2,5,503,series/books/book-3/phase-8-editing/MANUSCRIPT.md,b282482dce8e8f4e7bf849a5ded2437ceafff1400454a5c5c45af0c2ff4da77e,"The hologram faded, leaving them in the red-washed darkness of the library's main floor.",Then she stepped into the dark.,Margot Vance,Immediately afterward; countdown active,,"Library main floor, basement, entrance to Level B1",Margot Vance; Jonah Harrow,Enter the Deep Stacks and begin the recovery mission.,Unstable architecture; active books; lethal lower levels.,Margot opens the iron-banded B1 door.,Margot and Jonah enter the Deep Stacks together.,Margot explains four lower levels; retrieves flashlight and key; opens B1 entrance.,Jonah learns the Deep Stacks are unstable and each lower level is more dangerous.,Margot accepts cooperation as necessary.,Physical proximity and shared danger reinforce attraction and partnership.,Margot uses and retains the key and flashlight.,Specific hazards of the Deep Stacks.,The mission begins.,The decision to seek B4 becomes action.,human-validated-v0.1,Validated against Phase 8 manuscript; interpretive fields remain provisional where applicable.
B03-C03-S01,Book 3,3,Chapter 3,1,445,series/books/book-3/phase-8-editing/MANUSCRIPT.md,2f4956c5f13b5e58bb973946e96b69f714824ebe80357d150d22cb5e295ce342,**Jonah**,"""Libraries don't change, Sheriff."" She glanced back at him, her face strange and beautiful in the flashlight's edge. ""That's the whole point.""",Jonah Harrow,Immediately after entering B1,years ago,"Level B1, Extended Stacks",Jonah Harrow; Margot Vance,Orient within B1 and locate the route to B2.,Absolute darkness; pressure; whispering books; unstable space.,Margot reveals she relies on her grandmother's seventy-three-year-old journals.,They proceed into the eastern section despite unreliable geography.,Door closes behind them; they hear whispering; Margot explains B1 and its temperamental books.,Jonah learns B1 houses active books and Margot's route knowledge comes from inherited journals.,Jonah recognizes ordinary navigation may not work.,Jonah observes Margot's competence and inherited burden.,None.,The Deep Stacks distort space and contain escalating threats.,The descent becomes physically and psychologically hazardous.,The promised danger beyond the B1 door is confirmed.,human-validated-v0.1,Validated against Phase 8 manuscript; interpretive fields remain provisional where applicable.
B03-C03-S02,Book 3,3,Chapter 3,2,447,series/books/book-3/phase-8-editing/MANUSCRIPT.md,457b1ee2ae32cb1c1b86b9e02e0b63cbbd1a04a0fb879a416b229ef086ab176e,"They walked in silence for a while, Margot leading with the flashlight and Jonah falling into a natural patrol position two steps behind and one to the side—close enough to intervene, far enough to react. The wolf approved. The wolf always approved of proper tactical spacing.",She had a point. He hated that she had a point.,Jonah Harrow,Shortly later,,Level B1 corridor,Jonah Harrow; Margot Vance; bibliovore,Move safely toward B2 without engaging the collection.,Whispering books; a flying book; bibliovore; non-Euclidean corridors.,Jonah catches a flying book and exposes a bibliovore.,"They continue, uncertain whether they are moving toward the stairs.",Books whisper; one launches at Margot; Jonah catches it; a bibliovore claims it; geography twists.,Jonah learns bibliovores feed on text and touching claimed books creates danger.,Jonah's confidence in his directional sense erodes.,Jonah reflexively protects Margot; Margot responds with dry trust rather than panic.,Flying book passes from shelf to Jonah to bibliovore.,Predators that consume text; unreliable time and direction.,B1's danger escalates from atmosphere to creature encounter.,Margot's warning that some books are active is demonstrated.,human-validated-v0.1,Validated against Phase 8 manuscript; interpretive fields remain provisional where applicable.
B03-C03-S03,Book 3,3,Chapter 3,3,457,series/books/book-3/phase-8-editing/MANUSCRIPT.md,6705abe3530032d110d90a2be5a5265ae4af9da9b1653b94edb4a97b7c60d978,"The smell hit him again. Vanilla and ink and cinnamon, cutting through the must and decay like a blade through butter.","""*Now*.""",Jonah Harrow,Continuing through B1,night,Level B1 branching corridor,Jonah Harrow; Margot Vance; lexivore,Locate the stairs while Jonah controls the mate response.,Jonah's wolf; attraction; shifting geometry; approaching lexivore.,A shadow lexivore separates from the wall and attacks.,Jonah places himself between Margot and the creature.,Jonah's wolf identifies Margot as mate again; Margot catches him staring; they detect a learning shadow; lexivore emerges.,They learn the changed whispering belongs to an active predator.,Margot recognizes the sound is abnormal; Jonah's protective commitment becomes immediate.,Attraction becomes explicit in their interaction; Jonah instinctively protects her.,None.,Jonah's mate recognition will conflict with professional restraint.,Romantic tension and physical danger intensify together.,The ominous whispering resolves into a concrete threat.,human-validated-v0.1,Validated against Phase 8 manuscript; interpretive fields remain provisional where applicable.
B03-C03-S04,Book 3,3,Chapter 3,4,457,series/books/book-3/phase-8-editing/MANUSCRIPT.md,3dfd4467dcd308ae11bb627915fb4d74ad1f5bd46fa062c5cebbb1d7cc86a413,The shadow lunged.,"""Worse,"" she admitted quietly. ""Definitely worse.""",Jonah Harrow,Immediately afterward,,Level B1 corridor and stairs to B2,Jonah Harrow; Margot Vance; lexivore,Survive the lexivore and reach B2.,A creature feeding on language and meaning.,Margot discovers that books can distract the lexivore.,They escape to the B2 door; the lexivore cannot cross levels.,Lexivore attacks and frost-burns Jonah; Margot uses flashlight and sacrificial books; they run to B2.,"They learn lexivores recoil from light, consume books, and are bound to B1.",Jonah recognizes Margot as tactically resourceful; Margot admits B2 is worse.,They fight back-to-back and function as a team.,Several books are thrown to and consumed by the lexivore.,B2 contains worse and different dangers.,The descent exacts a physical cost and strengthens partnership.,They locate the stairs to B2 and escape B1.,human-validated-v0.1,Validated against Phase 8 manuscript; interpretive fields remain provisional where applicable.
B03-C03-S05,Book 3,3,Chapter 3,5,426,series/books/book-3/phase-8-editing/MANUSCRIPT.md,618aaeb4afffc5fa2b5ff28e89289876c621afe483214a4f7577b026c21461ee,"The door to Level B2 was covered in symbols that made Jonah's eyes water. He looked away, focusing on the burn on his shoulder instead. The skin was already healing—wolf metabolism was good for something—but it itched like hell and the cold was still there, lodged under his flesh like a splinter of ",And they started walking.,Jonah Harrow,Immediately after escaping B1,,B2 doorway and Architecture Section,Jonah Harrow; Margot Vance; unidentified entity below,Open B2 and proceed toward the Heart of the Archive.,Jonah's injury; resistant wards; impossible architecture; unknown watcher.,Margot takes Jonah's hand and they agree to continue together.,They enter B2 and begin navigating impossible stairs.,Margot opens B2; explains Architecture Section; they see gravity-defying stairs and an unknown entity.,Jonah learns B2 contains actual impossible spaces and may lack a floor.,Both accept that survival requires mutual reliance.,Voluntary handholding and explicit 'together' commitment mark a trust and intimacy step.,Margot uses and retains the key; hand contact established.,Unknown entity beneath B2; impossible-space navigation.,The romantic partnership becomes explicit while the mission deepens.,The warning that B2 is worse is visually confirmed.,human-validated-v0.1,Validated against Phase 8 manuscript; interpretive fields remain provisional where applicable.
B03-C04-S01,Book 3,4,Chapter 4,1,556,series/books/book-3/phase-8-editing/MANUSCRIPT.md,0570962801014e2f713e04331bd4b5dc82a3341bdfe988247ddf7bbb28af39fb,**Margot**,"""The monster is gone."" He leaned closer. ""This isn'tfear.""",Margot Vance,,,"B2 landing, Architecture Section entrance",Margot Vance; Jonah Harrow,Recover from B1 and assess Jonah's injury before crossing B2.,"Exhaustion, Jonah's injury, unstable attraction, impossible architecture.",Jonah examines Margot's shaking hands and their physical tension becomes unavoidable.,Margot acknowledges the reaction between them and the scene shifts toward intimacy.,They recover after escaping B1; Jonah checks Margot; Margot notices Jonah's blood and wolf state.,Margot confirms Jonah is injured but functional; both recognize the intensity between them.,Margot stops treating the attraction as mere fear or ward interference.,Mutual attraction becomes consciously acknowledged.,Jonah holds the flashlight; no lasting transfer confirmed.,Physical intimacy will complicate the mission and professional roles.,Romantic tension moves from subtext to explicit desire.,The attraction seeded in Chapters 1–3 becomes openly recognized.,human-validated-v0.1,Validated against Phase 8 manuscript; interpretive fields remain provisional.
B03-C04-S02,Book 3,4,Chapter 4,2,461,series/books/book-3/phase-8-editing/MANUSCRIPT.md,2b4db8ca4430a37b839c1c795221be2ee70224b9183759f265438668e7b6f658,It wasn't fear.,"""I don't want you to stop,"" she whispered.",Margot Vance,,,B2 landing against the sealed door,Margot Vance; Jonah Harrow,Decide whether to stop or act on their attraction.,"Mission urgency, Margot's secrecy, Jonah's authority, fear of consequences.",Margot says she does not want Jonah to stop.,They consent to sexual contact.,Jonah cages Margot against the door; mate language emerges; he asks her to stop him; she refuses.,Each learns the other actively wants the encounter.,Margot rejects the explanation that desire is only magical interference.,Consent and desire become explicit; power and vulnerability intensify.,None.,The relationship now carries emotional and professional consequences.,Mate-bond and attraction promises escalate sharply.,Mutual desire is confirmed.,human-validated-v0.1,Validated against Phase 8 manuscript; interpretive fields remain provisional.
B03-C04-S03,Book 3,4,Chapter 4,3,414,series/books/book-3/phase-8-editing/MANUSCRIPT.md,8afb49c90fe58a7c433ea7b820578b5b1728400d6bf1c0a9ffee3fdf25baede7,He didn't kiss her. Not yet.,"He held her through it, his face buried in her neck again, breathing hard, his own control fraying at the edges but holding—barely.",Margot Vance,,,B2 landing,Margot Vance; Jonah Harrow,Act on mutual desire during a brief pause in danger.,Time pressure and Jonah's remaining restraint.,Margot reaches orgasm while Jonah retains partial control.,The first explicit sexual encounter occurs but remains incomplete for Jonah.,Jonah pleasures Margot manually; they kiss; Margot climaxes.,Margot learns Jonah can be both commanding and attentive; Jonah learns her physical response.,Margot's fear of intimacy temporarily yields to trust and surrender.,Physical intimacy becomes real and irreversible.,None.,Later completion and emotional reckoning.,Romantic and mate-bond arcs move into explicit intimacy.,Early sexual-tension promise receives a major partial payoff.,human-validated-v0.1,Validated against Phase 8 manuscript; interpretive fields remain provisional.
B03-C04-S04,Book 3,4,Chapter 4,4,464,series/books/book-3/phase-8-editing/MANUSCRIPT.md,e24ab3d36137e25f49e0e8fb535796962ec25ff3cdb4a0ac66e7ee620c3bfc60,"Silence returned to the landing, heavy and awkward.","""Okay,"" he said. ""How do we not fall?""",Margot Vance,,,B2 landing overlooking impossible geometry,Margot Vance; Jonah Harrow,Regain composure and continue toward B3.,Aftermath of intimacy; impossible architecture; mission urgency.,"They confront the floorless, gravity-shifting B2 environment.",The pair refocus on crossing B2.,Jonah tenderly helps Margot recover; they inspect impossible stairways and floating structures.,Jonah learns B2 contains rejected architectural impossibilities and no reliable floor.,Both accept that intimacy did not erase the mission or partnership.,"Tenderness follows urgency, deepening trust.",Flashlight remains in active use.,B2 navigation challenge.,Quest danger resumes after romantic escalation.,The promise that B2 is worse is concretely demonstrated.,human-validated-v0.1,Validated against Phase 8 manuscript; interpretive fields remain provisional.
B03-C04-S05,Book 3,4,Chapter 4,5,582,series/books/book-3/phase-8-editing/MANUSCRIPT.md,a0fad16179cd0d0c35f1cd21bc483af8df2712585a3bd5a5c8929fa105c57574,"""Gravity is subjective,"" Margot said, quoting her grandmother's journals. ""Believe in the surface, and the surface will hold you.""","""You smell better. Like pine and repressed desire. Delicious.""",Margot Vance,,,B2 floating paths and Central Spire landing,Margot Vance; Jonah Harrow; Concept Guardian cat,Cross B2 and gain access to Level B3.,"Subjective gravity, abyss, Concept Guardian riddle.",The Guardian demands a riddle answer and threatens to eat Jonah.,They reach the Central Spire but cannot yet pass.,Margot and Jonah traverse floating architecture; encounter giant tattooed Sphinx cat; riddle begins.,They learn B2 obeys belief-dependent gravity and access to B3 is guarded by a Concept Guardian.,Jonah accepts Margot's metaphysical guidance despite skepticism.,Trust is demonstrated through following Margot across impossible terrain.,None.,Solve the riddle or Jonah dies; Concept Guardian knowledge.,B2 quest reaches a gatekeeping challenge.,They successfully cross the impossible paths to the Central Spire.,human-validated-v0.1,Validated against Phase 8 manuscript; interpretive fields remain provisional.
B03-C05-S01,Book 3,5,Chapter 5,1,530,series/books/book-3/phase-8-editing/MANUSCRIPT.md,7ee4dfd67e37f2d73902e491443959ba6503de233230be1d306016c7557037a7,**Jonah**,"""That would have gotten us eaten."" She looked up at him, and there it was again—that spark. That friction. The way the air between them seemed to thicken whenever they stood too close. ""Come on. The door is unlocked.""",Jonah Harrow,,,B2 Central Spire landing,Jonah Harrow; Margot Vance; Concept Guardian cat,Solve the Guardian's riddle before Jonah is eaten.,"Semantic riddle, countdown, Guardian's threat.",Margot identifies the answer as plans for buildings that were never approved or built.,The Guardian accepts the answer and unlocks the door.,Guardian counts down; Margot reasons through possible versus actual architecture; door opens.,Jonah sees Margot solve a conceptual threat through expertise rather than force.,Jonah's respect for Margot's intelligence deepens.,Competence admiration and romantic tension intensify.,None.,A safe resting point beyond the door.,Quest access to B3 is earned.,Riddle-cat threat is fully resolved.,human-validated-v0.1,Validated against Phase 8 manuscript; interpretive fields remain provisional.
B03-C05-S02,Book 3,5,Chapter 5,2,439,series/books/book-3/phase-8-editing/MANUSCRIPT.md,a42a0a37cdbd73a13ce407a729dd74f504596c1c897d2e0b638860322f314597,"The door was heavy, but it moved smoothly on its hinges, revealing a space that was startlingly normal.","""Good."" She reached out and grabbed the lapels of his uniform jacket, yanking him down. ""Because we didn't finish what we started upstairs.""",Jonah Harrow,,,Resting Point study between B2 and B3,Jonah Harrow; Margot Vance,Recover safely before entering B3.,"Residual danger, unresolved attraction, limited time.",Margot initiates renewed intimacy and states they did not finish upstairs.,They choose consensual intimacy in a safe space.,They enter Victorian study; confirm it is temporarily safe; discuss trust; Margot pulls Jonah to her.,Jonah learns Margot's desire is deliberate rather than panic-driven.,Jonah distinguishes mutual desire from crisis reaction.,Margot becomes active initiator; trust and agency deepen.,None.,Intimacy will continue on chosen terms.,The earlier incomplete encounter is intentionally resumed.,The promise of later completion begins fulfillment.,human-validated-v0.1,Validated against Phase 8 manuscript; interpretive fields remain provisional.
B03-C05-S03,Book 3,5,Chapter 5,3,432,series/books/book-3/phase-8-editing/MANUSCRIPT.md,e90ce9184cbd48261d52c39755f482dea0b4f8c159dccb4458e2f1f3f1d9289c,Her mouth tasted like vanilla and adrenaline.,He buried his face in her.,Jonah Harrow,,,"Resting Point study, oak desk",Jonah Harrow; Margot Vance,Confirm consent and focus on Margot's pleasure.,Margot's inexperience and vulnerability; mission pause is brief.,Margot reveals no one has done this for her before.,Jonah commits to being her first in this form of intimacy.,Margot is lifted onto desk; Jonah confirms desire; he kneels and undresses her.,Jonah learns Margot's sexual inexperience and desire for him.,Jonah's protectiveness becomes tender sexual devotion.,Intimacy becomes more personal and emotionally significant.,Margot's clothing is moved but retained.,Jonah's vow to 'rewrite' her experience.,Sexual trust deepens.,Consent and chosen desire are reaffirmed.,human-validated-v0.1,Validated against Phase 8 manuscript; interpretive fields remain provisional.
B03-C05-S04,Book 3,5,Chapter 5,4,383,series/books/book-3/phase-8-editing/MANUSCRIPT.md,740b3874a2c9490e2b90f1b05f35629c45336eb421cfbd42eca51db5a9ad498d,She tasted like sugar and salt. Like a secret kept for too long.,It was the most peaceful moment he'd had in twenty years.,Jonah Harrow,,,Resting Point study,Jonah Harrow; Margot Vance,Give Margot pleasure and safety.,Margot's overwhelm and unfamiliarity.,Margot climaxes and Jonah holds her through recovery.,"A second, more deliberate sexual encounter creates peace and closeness.",Jonah performs oral sex; Margot climaxes; he comforts her afterward.,"Both learn the intimacy can be chosen, focused, and safe.",Margot's model of intimacy shifts from danger to trust; Jonah experiences unusual peace.,Emotional tenderness and sexual trust strengthen.,None.,Future mutual intimacy and post-crisis relationship conversation.,Romantic bond gains emotional depth.,The incomplete sexual encounter from Chapter 4 receives a stronger partial payoff.,human-validated-v0.1,Validated against Phase 8 manuscript; interpretive fields remain provisional.
B03-C05-S05,Book 3,5,Chapter 5,5,460,series/books/book-3/phase-8-editing/MANUSCRIPT.md,38830025a8a64a9ecd7937ee2a51039b5930d68914ec9c17e78a3721b3f37c5d,"Eventually, the silence stretched too long.","They stepped onto the iron stairs, and the darkness swallowed them whole.",Jonah Harrow,,,Resting Point study and stairs to B3,Jonah Harrow; Margot Vance,"Recover, define immediate boundaries, and descend to B3.",Unresolved emotional implications; dangerous Poetry Section.,"They agree a longer conversation must happen topside, then choose to continue hand in hand.",They enter B3 together with greater trust.,Aftercare; Jonah promises future conversation; Margot explains B3 emotional traps; descent begins.,Jonah learns B3 weaponizes memory and emotion.,Both accept the encounter was meaningful and not merely crisis behavior.,Commitment becomes provisional but explicit beyond immediate survival.,None.,Topside relationship conversation; B3 emotional trial.,Romance and quest remain linked.,Safe-space intimacy concludes with mutual commitment to continue.,human-validated-v0.1,Validated against Phase 8 manuscript; interpretive fields remain provisional.
B03-C06-S01,Book 3,6,Chapter 6,1,457,series/books/book-3/phase-8-editing/MANUSCRIPT.md,34b33bfdf9608b97b8b7d9e64a21fa69995e9cc2d2e5eee20325fd53b6a431b7,**Jonah**,"""We stay on the path,"" she instructed. ""Establish a rhythm. Don't stop walking. And whatever you do, don't read the trees.""",Jonah Harrow,,,Spiral stairs into B3 Poetry Section,Jonah Harrow; Margot Vance,Enter B3 without being trapped by emotional associations.,Memory-triggering atmosphere and poetry-fed shame.,Jonah is briefly trapped in a grief poem before Margot breaks the contact.,They establish rules: keep moving and do not read the trees.,Atmosphere triggers memories; Jonah touches poetic text; Margot frees him.,Jonah learns B3 can force emotional experiences and trap readers inside poems.,Jonah accepts Margot's warning that language itself is dangerous here.,Margot becomes Jonah's emotional anchor and rescuer.,None.,"B3 will weaponize guilt, memory, and emotion.",The Poetry Section threat is demonstrated.,Margot's warning about emotional danger is immediately validated.,human-validated-v0.1,Validated against Phase 8 manuscript; interpretive fields remain provisional.
B03-C06-S02,Book 3,6,Chapter 6,2,633,series/books/book-3/phase-8-editing/MANUSCRIPT.md,061e10a0139c377704b4c809ac37e5e6c19bf4f8ea9262c79b2f92439fbf8418,They stepped off the stairs and into the mist.,But the forest was listening. And the forest was hungry.,Jonah Harrow,,morning,B3 forest of textual trees,Jonah Harrow; Margot Vance,Cross the forest while resisting poetic hooks.,"Whispering text, intrusive memories, hunger of the forest.",They use counting and hand contact to resist the poetry's rhythm.,"They continue deeper, but the forest adapts and listens.",They walk through text-covered trees; memories intrude; Margot instructs detachment; Jonah counts steps.,They learn rhythm and physical anchoring can counter the Poetry Section.,Jonah increasingly trusts Margot's methods over instinct or force.,Handholding functions as both emotional and survival anchoring.,None.,The forest will tailor traps to personal wounds.,B3 threat escalates from atmosphere to targeted manipulation.,The partnership promise is reinforced through successful joint coping.,human-validated-v0.1,Validated against Phase 8 manuscript; interpretive fields remain provisional.
B03-C06-S03,Book 3,6,Chapter 6,3,857,series/books/book-3/phase-8-editing/MANUSCRIPT.md,82e2d41d77424861fdd020c70e7d78aaa1bf57a4a2a805d9180f123247e87100,The mist thickened.,The courtroom exploded.,Jonah Harrow,,,B3 illusionary courtroom within the forest,Jonah Harrow; Margot Vance; illusory accusers,Find Margot and resist a guilt-based poetic trap.,"Isolation, courtroom illusion, Jonah's guilt and fear of judgment.",Margot physically reaches Jonah and tells him to edit out the bad stanza.,The illusion collapses.,Fog separates them; Jonah enters courtroom hallucination; accusations attack his identity; Margot rescues him.,Margot learns Jonah's guilt is a major vulnerability; Jonah learns B3 can separate and rewrite identity.,Jonah's self-control proves insufficient without Margot's intervention.,Margot becomes essential to Jonah's psychological survival.,None.,Jonah's buried guilt and history require later exploration.,B3 weaponizes personal wounds and separation.,The warning that poetry can trap a person receives a severe payoff.,human-validated-v0.1,Validated against Phase 8 manuscript; interpretive fields remain provisional.
B03-C06-S04,Book 3,6,Chapter 6,4,531,series/books/book-3/phase-8-editing/MANUSCRIPT.md,8b0e0e9c39656d8d9ecd2744f761c464574023cd93dc712417a47135ef6a651d,He was on his knees.,"""Exactly,"" Margot said. ""Keep walking, Sheriff. We're not a tragedy yet.""",Jonah Harrow,,,B3 forest after courtroom trap,Jonah Harrow; Margot Vance,Recover Jonah's identity and continue toward B4.,Residual transformation into text; fog; threat of another cliché trap.,Margot reveals Jonah was literally turning into text.,"They resume walking shoulder to shoulder, using rhythm and contact.",Jonah returns to forest; ink-text recedes from his body; Margot explains Villanelle trap; they continue.,Both learn B3 can physically convert a person into text.,Jonah accepts vulnerability and dependence more fully.,Physical contact becomes a conscious protective strategy.,None.,Further B3 traps and unresolved Jonah guilt.,Arc pressure deepens through literal identity threat.,Margot successfully rescues Jonah from the Villanelle.,human-validated-v0.1,Validated against Phase 8 manuscript; interpretive fields remain provisional.
B03-C07-S01,Book 3,7,Chapter 7,1,609,series/books/book-3/phase-8-editing/MANUSCRIPT.md,0badbb5e918debcb1d5c5d188e070b695e9ef80e880e234bdb5be563f93b3fa3,**Margot**,"*Join us,* the wind whispered, louder now. *Be perfect. Be forever. The struggle is over.*",Margot Vance,,,B3 Sonnet Glade,Margot Vance; Jonah Harrow; paper effigies,Cross the Sonnet Glade without being cast into an idealized romance narrative.,"Narrative gravity, idealized romance tropes, exhaustion, Jonah's desire for peace.",The Glade creates idealized paper versions of Jonah and Margot and invites them to merge.,The trap identifies Jonah's longing for a perfect ending and begins rewriting Margot's role.,They enter idealized wedding-like landscape; paper doubles appear; the Glade attempts to cast them.,Margot identifies the Glade as a trope-enforcement system that prefers tragic romantic endings.,Margot recognizes the threat is not attraction but imposed perfection.,Their imperfect real bond is contrasted with a false ideal.,Margot's cracked glasses remain with her.,They must reject an idealized romance script to survive.,B3 continues weaponizing emotional expectations.,The warning that B3 tailors traps to personal vulnerabilities is reinforced.,human-validated-v0.1,Validated against Phase 8 manuscript; interpretive fields remain provisional.
B03-C07-S02,Book 3,7,Chapter 7,2,481,series/books/book-3/phase-8-editing/MANUSCRIPT.md,676d1c35c26a1774e6cb19b5464282771339fc2c8c140e4efe5d0650afa5a75b,"""We have to walk past them,"" Margot said, gripping his arm. ""Just walk past. Don't look at the table. Don't look at the eyes. Focus on the door.""",And she tackled the table.,Margot Vance,,,B3 Sonnet Glade gazebo,Margot Vance; Jonah Harrow; paper effigies,Prevent Jonah from surrendering to the false perfect ending.,"Jonah's exhaustion, atmosphere thickening, clothing and identity being rewritten.",Jonah begins walking toward the paper doubles and Margot decides she must break the genre.,Margot rejects the damsel role and attacks the staged romance.,Jonah is drawn toward paper Margot; Margot's clothes transform; she plans comedic subversion.,Margot learns Jonah's exhaustion and protector fantasy are exploitable weaknesses.,Margot chooses active authorship over passive participation.,Margot becomes protector of Jonah's identity.,None.,Margot must rescue Jonah by subverting narrative expectation.,The Sonnet Glade trap escalates toward identity merger.,None.,human-validated-v0.1,Validated against Phase 8 manuscript; interpretive fields remain provisional.
B03-C07-S03,Book 3,7,Chapter 7,3,369,series/books/book-3/phase-8-editing/MANUSCRIPT.md,7756674d9ca66649f0c8b0d60f2b25460da9ed6a7ea52f3d9c8b35e0798cc563,"It wasn't a graceful tackle. It wasn't cinematic. It was messy, desperate, and involved a lot of flailing limbs.","""Me too!"" Margot agreed, kicking a statue of Cupid that tried to trip her. ""Non-fiction only from now on!""",Margot Vance,,,B3 Sonnet Glade gazebo,Margot Vance; Jonah Harrow; paper effigies; hostile Glade,Destroy the idealized scene and wake Jonah.,"Narrative inertia, hostile vegetation, paper doubles.",Margot flips the table and decapitates her paper double.,The false scene collapses and Jonah wakes.,Table is destroyed; wine becomes ink; paper Margot is decapitated; Glade attacks.,"They learn farce, reality, and aesthetic disruption can break romance-trope magic.",Jonah recognizes Margot's refusal of perfection as a survival strength.,Margot rescues Jonah by defending their messy real selves.,Ink stains remain on Margot's clothes.,The Glade will retaliate physically.,Margot's agency and anti-idealization arc intensify.,The immediate casting trap is broken.,human-validated-v0.1,Validated against Phase 8 manuscript; interpretive fields remain provisional.
B03-C07-S04,Book 3,7,Chapter 7,4,293,series/books/book-3/phase-8-editing/MANUSCRIPT.md,045ee9a4bed6f4d3d774150e3dcf2253f42bf55d9aafeb40537db05d1aa8026f,They hit the door together.,"""No. Just history."" She stood up, brushing dust off her skirt. ""And history is much, much heavier.""",Margot Vance,,,Stairwell beyond Sonnet Glade,Margot Vance; Jonah Harrow,Escape B3 and prepare for B4.,Exhaustion and aftermath of the Glade.,Jonah laughs and explicitly recognizes Margot as a survivor.,They descend toward B4 with renewed trust.,They seal out the Glade; decompress; joke about table flip; identify B4 as the Vault.,Jonah learns Margot can defeat narrative magic through analytical subversion.,Jonah's admiration becomes warmer and more personal.,"Their bond is affirmed as imperfect, real, and resilient.",None.,History in B4 will be heavier than poetry.,Quest reaches final descent.,Sonnet Glade escape is complete.,human-validated-v0.1,Validated against Phase 8 manuscript; interpretive fields remain provisional.
B03-C07-S05,Book 3,7,Chapter 7,5,593,series/books/book-3/phase-8-editing/MANUSCRIPT.md,6ab022b605bb2142d7df0939311855ad2515b4daff007d8a2050270fdc03b0a5,The final descent was long.,"""That the monsters didn't invade Snowfall Creek,"" Margot said, stepping into the Vault. ""The humans invited them. And then... we enslaved them.""",Margot Vance,,,B4 cavern and obsidian Vault,Margot Vance; Jonah Harrow,Enter the Vault and recover the Founding Scrolls.,"Blood-keyed access, Margot's concealed truth, mountain-depth isolation.","Margot admits the Scrolls were hidden, not stolen.",The Vault opens and Margot reveals humans invited and enslaved supernatural beings.,They cross the bridge; Margot uses Keeper blood; admits grandfather hid the Scrolls; reveals founding truth.,Jonah learns Margot lied about theft and the official Integration Treaty is false.,Jonah's understanding of town history and law begins collapsing.,Trust is damaged by Margot's deception even as she reveals the truth.,Margot uses a knife and blood to open the Vault.,The real Integration Treaty will expose institutional enslavement.,Founding-truth and concealed-journal threads converge.,The mystery of why the Scrolls were missing receives a major partial payoff.,human-validated-v0.1,Validated against Phase 8 manuscript; interpretive fields remain provisional.
B03-C08-S01,Book 3,8,Chapter 8,1,615,series/books/book-3/phase-8-editing/MANUSCRIPT.md,f58648fc479e61040cde64737890972dca26ecf98e7a93ce786a4fe8ddb226ff,**Jonah**,"""Mercenary,"" the man corrected. ""The name is Kael. And I'm afraid your library card has just been revoked.""",Jonah Harrow,,,Inside B4 Vault,Jonah Harrow; Margot Vance; Kael,Understand the real Treaty and recover the Scroll before the purge.,"Betrayal, altered history, approaching purge, armed mercenary.",Kael reveals himself and states he accelerated the Purge Protocol.,The historical revelation becomes an immediate armed confrontation.,Margot explains forged Treaty and supernatural restrictions; Kael appears.,Jonah learns the official Treaty is propaganda and Kael works for the Council.,"Jonah's faith in his father, oath, and town institutions fractures.",Jonah feels betrayed by history and by Margot's withheld knowledge.,The real Scroll is located inside the Vault.,Kael and the Council intend to destroy evidence and witnesses.,Founding conspiracy moves from secret history to active antagonist plot.,The dangerous-truth promise is substantially fulfilled.,human-validated-v0.1,Validated against Phase 8 manuscript; interpretive fields remain provisional.
B03-C08-S02,Book 3,8,Chapter 8,2,643,series/books/book-3/phase-8-editing/MANUSCRIPT.md,f41eda2ac5bfa98090280047ebb4d5da560b0e0851417ecd0ba145a5174db9ed,"""Get back,"" Jonah barked at Margot, shoving her behind him.","He yanked the rod free, snapped it in half, and then—with a surge of adrenaline that defied physics—he lunged up and sank his teeth into the mage's shoulder.",Jonah Harrow,,,Inside B4 Vault,Jonah Harrow; Margot Vance; Kael,Protect Margot and defeat Kael.,"Kinetic magic, silver weapon, Jonah's injuries.",Jonah catches and breaks the sterling rod despite severe pain.,Jonah bites Kael and gains the advantage.,Kael attacks; Jonah shifts; silver burns him; Jonah breaks rod and bites Kael.,Kael learns Jonah can resist pure sterling under Alpha rage.,Jonah turns ideological devastation into focused protective violence.,Jonah's protection of Margot becomes absolute and public.,Silver rod is seized and broken.,Kael may escape or retaliate.,Antagonist threat becomes physical.,Jonah's Alpha capability receives a combat payoff.,human-validated-v0.1,Validated against Phase 8 manuscript; interpretive fields remain provisional.
B03-C08-S03,Book 3,8,Chapter 8,3,378,series/books/book-3/phase-8-editing/MANUSCRIPT.md,755a71df69dcdaf4a67d7d28bc95ebdb682254710e68d66a7b67d1622e9601a9,Kael screamed.,"""Take it,"" she whispered.",Jonah Harrow,,,Inside B4 Vault,Jonah Harrow; Margot Vance; Kael,Capture Kael and stabilize after combat.,Kael's escape magic; Jonah's combat high.,Kael ports away and Margot asks for the Alpha.,The confrontation shifts into urgent sexual grounding.,Kael escapes in magical smoke; Jonah heals partially; Margot touches his chest and invites him.,They know Kael remains somewhere in the library.,Margot chooses Jonah's wolf-state rather than fearing it.,Margot explicitly accepts Jonah's Alpha identity.,Margot holds the Scroll.,Kael remains an active threat.,Mate-bond and Alpha-acceptance arc escalate.,Margot's acceptance of Jonah's supernatural nature receives a major payoff.,human-validated-v0.1,Validated against Phase 8 manuscript; interpretive fields remain provisional.
B03-C08-S04,Book 3,8,Chapter 8,4,382,series/books/book-3/phase-8-editing/MANUSCRIPT.md,d6299a83ffcd88b74fd1dd16bb609c44688e78b0d4fc9217894b5e8863bf6593,He lifted her.,He thrust into her.,Jonah Harrow,,,Inside B4 Vault shelving,Jonah Harrow; Margot Vance,Use physical intimacy to ground Jonah after combat.,"Combat high, aggression, risk of harm, urgency.",Jonah warns Margot he may hurt her and asks for a stop signal; she consents.,They begin penetrative sex.,Jonah lifts Margot; possessive mate language; clothes torn; explicit consent checked.,Jonah learns Margot accepts his intensity and wants the encounter.,Margot separates Jonah's violence toward enemies from danger to her.,Physical and mate-bond commitment deepens.,Margot's panties are torn.,Knotting and reproductive consequences are raised but deferred.,Mate-bond intimacy becomes physically consummated.,The prior unfinished mutual-sex promise advances toward completion.,human-validated-v0.1,Validated against Phase 8 manuscript; interpretive fields remain provisional.
B03-C08-S05,Book 3,8,Chapter 8,5,500,series/books/book-3/phase-8-editing/MANUSCRIPT.md,6b56c0182a1db71cb1110b257e295581cfdbc18fa3a1457c187a9b538a8e8e89,She screamed.,"""Ready, Sheriff.""",Jonah Harrow,,,Inside B4 Vault,Jonah Harrow; Margot Vance,"Complete intimacy, secure the Scroll, and leave.","Risk of knotting, Kael's possible return, purge deadline.",Jonah resists knotting and the pair claim the Scroll.,"They leave B4 holding the original Treaty, with Jonah taking custody.",Sex is completed; Jonah avoids knotting; Margot reframes encounter; Jonah takes Scroll and offers hand.,Both know their bond now includes chosen full sexual intimacy and shared political purpose.,Jonah begins treating the Scroll as leverage rather than merely evidence.,Sexual partnership and political alliance fuse.,"Founding Scroll transfers from Margot to Jonah, tucked into his belt.",They will use the Treaty to dictate new terms.,"Escape, public exposure, and institutional conflict.",Recovery of the Founding Scroll is fully achieved.,human-validated-v0.1,Validated against Phase 8 manuscript; interpretive fields remain provisional.
B03-C09-S01,Book 3,9,Chapter 9,1,550,series/books/book-3/phase-8-editing/MANUSCRIPT.md,cc9c7a27a7c1be33c836e5b7f5fe0fa5f571733363cb2a4f0061131c00b44070,**Margot**,"""Ah,"" Sterling murmured. ""I see the Archives were stimulating. Did you find what you were looking for? Or just dust and dead rats?""",Margot Vance,,morning; night,"Library basement, stairs, and main floor",Margot Vance; Jonah Harrow; Arthur Sterling,Escape the library with the Scroll.,"Exhaustion, Jonah's injuries, Kael still loose, Sterling waiting.",Arthur Sterling confronts them on the main floor.,Escape becomes a political standoff.,They climb out; Jonah limps; Sterling mocks their condition and questions the Scroll.,They learn Sterling is personally present and prepared to control the outcome.,Margot recognizes institutional power will confront evidence directly.,Jonah and Margot continue acting as a unit.,Scroll remains with Jonah or immediately accessible to the pair.,Sterling will attempt to seize or discredit the Treaty.,Private truth moves toward public confrontation.,They successfully exit the Deep Stacks.,human-validated-v0.1,Validated against Phase 8 manuscript; interpretive fields remain provisional.
B03-C09-S02,Book 3,9,Chapter 9,2,640,series/books/book-3/phase-8-editing/MANUSCRIPT.md,18c755c0b5004670dffcd2cc77c35fd30ffb904fc64b4c996bfec2507f3dcf0b,"""Cut the crap, Arthur,"" Jonah growled, stepping forward. ""We have the Scroll.""","Outside, on the library steps, a crowd was gathering.",Margot Vance,,years ago,Library main floor,Margot Vance; Jonah Harrow; Arthur Sterling; Kael; marksman,Prevent Sterling from taking or destroying the Treaty.,"Battle mage, rifle, political authority, evidence-destruction threat.",Margot refuses to hand Sterling the Scroll and points to gathering witnesses.,The standoff shifts from private force to public accountability.,Sterling reveals mercenaries; Margot identifies original Treaty; Kael prepares fire; crowd gathers.,Margot learns Sterling prioritizes narrative control and fears public evidence.,Margot chooses public exposure over institutional appeal.,Margot takes strategic leadership while Jonah provides force.,Scroll case displayed publicly but not surrendered.,The town will become witness and jury.,Public-revelation promise escalates.,Sterling's connection to Kael becomes explicit.,human-validated-v0.1,Validated against Phase 8 manuscript; interpretive fields remain provisional.
B03-C09-S03,Book 3,9,Chapter 9,3,62,series/books/book-3/phase-8-editing/MANUSCRIPT.md,cf2d7f9ddfa98d834a5027ff7306e0bd15e596443d305c3ff16c1fae0b600392,"""Proving it to who?"" Sterling scoffed. ""There's no one here. The Magisterium won't be here for days. By then, I'll have spun the story.""","Outside, on the library steps, a crowd was gathering.",Margot Vance,,,Library main floor and front window,Margot Vance; Arthur Sterling; Jonah Harrow; gathering crowd,Expose the Treaty to the town rather than wait for distant authorities.,Sterling's planned spin and absence of formal investigators.,Margot points to the crowd outside.,The town becomes an active audience.,Margot rejects Magisterium timing and identifies public witnesses.,Sterling learns Margot intends immediate public disclosure.,Margot commits to local collective truth rather than elite validation.,None beyond shared strategy.,None.,Public proof will destabilize the town.,Witness strategy becomes explicit.,None.,human-validated-v0.1,Validated against Phase 8 manuscript; interpretive fields remain provisional.
B03-C09-S04,Book 3,9,Chapter 9,4,633,series/books/book-3/phase-8-editing/MANUSCRIPT.md,79f4faaa2cd86efc927c8558aaa81608475297b2faf5648220b0837bf87be494,It wasn't a mob. Not yet. It was the town.,That broke the dam.,Margot Vance,,morning; today,Library entrance and front steps,Margot Vance; Jonah Harrow; Arthur Sterling; Kael; marksman; townspeople; Grishka; Aleksei; werewolf pack,Open the doors and present the Treaty publicly.,"Threat of gunfire, Sterling's intimidation, volatile crowd.",Jonah publicly confirms Sterling buried the real Treaty.,The crowd accepts the revelation and anger ignites.,Witnesses record; Jonah opens doors; Margot explains Treaty; werewolves confront Jonah; he confirms truth.,The town learns the official history is fraudulent and Sterling concealed the original Treaty.,Jonah rejects institutional loyalty in favor of public truth.,Jonah publicly stands beside Margot and validates her claim.,Treaty displayed to the crowd.,Public fury may become rebellion or riot.,Political upheaval begins.,The promise to expose the founding truth receives a major public payoff.,human-validated-v0.1,Validated against Phase 8 manuscript; interpretive fields remain provisional.
B03-C09-S05,Book 3,9,Chapter 9,5,364,series/books/book-3/phase-8-editing/MANUSCRIPT.md,6a52faa43be8dce1c99b2682d7b3297fc234fe828c62477eca0a19d7e899b0cf,The crowd didn't riot immediately. It coalesced.,They ran for the door.,Margot Vance,,,Library entrance and town streets,Margot Vance; Jonah Harrow; Arthur Sterling; Kael; mercenaries; mob,Survive the crowd reaction and preserve the evidence.,"Mob violence, antagonist escape, library destruction risk.",Sterling and mercenaries escape under magical smoke.,Margot and Jonah flee toward Jonah's cabin with the Treaty.,Crowd surges; Sterling orders extraction; antagonists flee; Jonah proposes regrouping at cabin.,They know Sterling will continue the fight and public anger is uncontrollable.,Margot accepts Jonah's isolated cabin as the safest next move.,Their alliance expands into shared refuge and future intimacy.,Treaty remains with the pair.,Sterling will retaliate; library may be attacked; cabin becomes refuge.,Political conflict expands beyond the library.,Immediate public confrontation ends with antagonist retreat.,human-validated-v0.1,Validated against Phase 8 manuscript; interpretive fields remain provisional.
B03-C09-S06,Book 3,9,Chapter 9,6,434,series/books/book-3/phase-8-editing/MANUSCRIPT.md,8f963d05222710e6caf6b71ef313efc64ffe809e161718e041ce1ab4c755581f,"The cruiser sped down Main Street, siren off, lights off.","And for the first time in her life, she felt completely, totally safe.",Margot Vance,,,Jonah's cruiser en route to ridge cabin,Margot Vance; Jonah Harrow,"Escape, plan evidence upload, and reach safety.","Sterling's connections, homelessness, unresolved danger.",Margot realizes she is in love with Jonah.,They head toward Jonah's cabin with the Treaty and a shared future implied.,"They discuss war, scanning and uploading Treaty, library loss, cabin refuge; Margot recognizes love.",Margot understands the library may no longer be available and Jonah intends to shelter her.,Margot's trust becomes conscious love and complete felt safety.,Margot privately reaches an in-love state; Jonah frames his cabin as home.,Scroll case rests in Margot's lap during drive.,Upload the Treaty; confront Sterling's retaliation; define the relationship at the cabin.,Topside conversation and political dissemination.,Margot's early safety-and-trust arc reaches a major internal milestone.,human-validated-v0.1,Validated against Phase 8 manuscript; interpretive fields remain provisional.
B03-C10-S01,Book 3,10,Chapter 10,1,564,series/books/book-3/phase-8-editing/MANUSCRIPT.md,8f7444d26c5da2449aad3533c2fafc93f89a963dfd58366ccec062c84ebd008b,**Jonah**,"""Don't thank me yet,"" he muttered, turning back to the fireplace to hide the sudden unexpected surge of protectiveness. ""We have to survive the night first.""",Jonah Harrow,,years ago; afternoon; night,Jonah's ridge cabin,Jonah Harrow; Margot Vance,"Reach safety, warm Margot, and secure the cabin.","Shock, cold, injuries, loss of Margot's home, and continued pursuit.",Margot acknowledges that her apartment and former life are gone.,"Jonah gives Margot clothes, shelter, and access to the cabin as a refuge.",Arrival at fortified cabin; Jonah explains wards and isolation; Margot confronts displacement; shower and recovery begin.,Margot learns the cabin is Jonah's private sanctuary and heavily defended.,Jonah begins imagining the cabin as shared space rather than solitary refuge.,"Jonah provides home, clothing, and care; protectiveness becomes domestic.","Jonah gives Margot flannel shirt, sweatpants, and wool socks; Treaty remains with the pair.",They must survive the night and decide what comes after exposure.,Cabin refuge and topside relationship conversation begin.,Jonah's offer of refuge receives concrete fulfillment.,human-validated-v0.1,Validated directly against Phase 8 manuscript.
B03-C10-S02,Book 3,10,Chapter 10,2,487,series/books/book-3/phase-8-editing/MANUSCRIPT.md,73a17b7bd2d3049c38e2cc8f3c0bbf113a789994240ae32c6f07ddf086b24ba8,She went into the bathroom. The lock clicked.,"""Yeah. Together.""",Jonah Harrow,,,Jonah's ridge cabin,Jonah Harrow; Margot Vance,Settle into temporary safety and define immediate plans.,"Wolf agitation, attraction, fugitive status, uncertain political aftermath.",Margot asks whether they face the future together and Jonah says yes.,The pair explicitly commit to acting together.,Jonah arms the cabin; Margot emerges in his clothes; coffee and fugitive discussion; mutual commitment.,Margot learns Jonah intends to upload the Treaty and wait for federal response.,Jonah accepts partnership beyond immediate survival.,Shared future language becomes explicit.,Margot wears Jonah's clothes; weapons are staged.,Upload the Scroll and confront Sterling's institutional response.,Topside conversation and shared-future promise.,The promise to continue together receives explicit verbal confirmation.,human-validated-v0.1,Validated directly against Phase 8 manuscript.
B03-C10-S03,Book 3,10,Chapter 10,3,380,series/books/book-3/phase-8-editing/MANUSCRIPT.md,ddde56f274da22d46a33bddcde2fd92abf153a92a0af09652648df52905778da,"""You're hurt,"" she said suddenly.","""Get used to it,"" she said.",Jonah Harrow,,,"Jonah's ridge cabin, fireplace",Jonah Harrow; Margot Vance,Treat Jonah's injuries.,"Silver burn, chest wounds, Jonah's resistance to care.",Margot recognizes the cumulative cost Jonah has paid for the town.,Jonah accepts gentleness and medical care from Margot.,Margot cleans and dresses silver burn and chest injuries; old scars are discussed.,Margot learns Jonah's long history of injury and solitary sacrifice.,Jonah begins accepting that care is not weakness.,Tenderness and caregiving deepen emotional intimacy.,First-aid supplies used; gauze applied to Jonah's hand.,Jonah must learn to accept sustained care.,Relationship shifts from survival partnership toward mutual caretaking.,The gentleness promise receives a meaningful partial payoff.,human-validated-v0.1,Validated directly against Phase 8 manuscript.
B03-C10-S04,Book 3,10,Chapter 10,4,561,series/books/book-3/phase-8-editing/MANUSCRIPT.md,1f2b42802960f89653b0b853a4d03869a295e46ae339af93bb6e7ca4ddb5a57b,The air in the cabin shifted.,"He surrendered. He kissed her, deep and claiming, and the world narrowed down to the fire, the rug, and the woman who had stolen his heart.",Jonah Harrow,,,"Jonah's ridge cabin, bearskin rug",Jonah Harrow; Margot Vance,Resolve the emotional meaning of their intimacy.,"Trauma, uncertainty, mate-bond consequences, fear of permanence.",Margot accepts the lifelong nature of the wolf bond and says she is not leaving.,Jonah and Margot make a mutual commitment and resume intimacy.,Margot initiates; Jonah explains lifelong wolf bond; consent and permanence are affirmed.,Margot learns the wolf bonds for life.,Margot chooses permanence rather than treating the relationship as crisis-only.,Commitment moves from provisional to explicitly long-term.,None.,They must live with the lifelong bond they have chosen.,Mate-bond and topside-conversation threads substantially advance.,The promised relationship conversation receives a major payoff.,human-validated-v0.1,Validated directly against Phase 8 manuscript.
B03-C10-S05,Book 3,10,Chapter 10,5,345,series/books/book-3/phase-8-editing/MANUSCRIPT.md,c3f28b36bb7c24fcdc4b9c08cdd228aaa95941cd75f39ba8f18565ed978a0640,Later—hours later—the fire had burned down to glowing embers.,"""Get dressed, Margot,"" he said quietly. ""We have company.""",Jonah Harrow,,hours later,Jonah's ridge cabin,Jonah Harrow; Margot Vance,Rest and guard Margot after intimacy.,"Federal pursuit, Sterling's narrative manipulation, Purge Protocol.",The Magisterium orders Jonah to surrender Margot within four hours.,"Jonah deletes the message, arms himself, and prepares for attack.",Post-intimacy rest; secure federal message; town quarantine; Margot named saboteur; containment team inbound.,Jonah learns Sterling has framed Margot and obtained federal quarantine action.,Jonah abandons hope that formal authorities will neutrally assess the evidence.,Jonah chooses Margot over his federal chain of command.,Jonah retrieves gun; secure message deleted.,Federal siege within four hours.,Sterling retaliation and Purge Protocol escalate.,Sterling's promised retaliation arrives.,human-validated-v0.1,Validated directly against Phase 8 manuscript.
B03-C11-S01,Book 3,11,Chapter 11,1,567,series/books/book-3/phase-8-editing/MANUSCRIPT.md,064d9681951f8e54d6ee07763570a1c664479056a482be3418bf5bde265173a0,**Shared POV (Jonah/Margot)**,He racked the slide of the Mossberg 590. The sound was a mechanical promise of violence.,Shared POV (Jonah/Margot),,,Jonah's ridge cabin,Jonah Harrow; Margot Vance,"Prepare the cabin, preserve the Treaty, and break communications jamming.","Federal tactical team, signal dampener, limited upload progress.",The perimeter alarm sounds as the team arrives.,The pair enter active siege conditions.,Steel shutters secured; Treaty reveals disappearance ledger; upload stalls at 45%; weapons distributed; alarm triggers.,Margot learns the Treaty also records disappearances since 1995; both identify localized jamming.,The evidence expands from historical coercion to ongoing crimes.,Jonah entrusts Margot with a firearm and strategic role.,Jonah gives Margot a .38 revolver; Scroll remains on table.,They must get the digital evidence outside the jamming radius.,Treaty dissemination and siege threads escalate.,The disappearance-ledger clue broadens the conspiracy.,human-validated-v0.1,Validated directly against Phase 8 manuscript.
B03-C11-S02,Book 3,11,Chapter 11,2,619,series/books/book-3/phase-8-editing/MANUSCRIPT.md,4254324378600dbd2498edcd899fe385b6880a75693c950b06e6b6f69e33eb7f,**Margot**,"""Come on.""",Margot Vance,,,Jonah's ridge cabin,Margot Vance; Jonah Harrow; federal tactical team,Survive the cabin breach.,"Flash-bangs, automatic fire, breach team, impending tear gas.",Jonah proposes blowing the root-cellar wall as an escape route.,They retreat below the cabin to execute an emergency escape.,Cabin assault; Jonah repels breach; shutters hold; attackers regroup; pair move to root cellar.,Margot learns Jonah prepared an explosive emergency exit.,Margot accepts direct armed resistance as necessary for survival.,Their partnership becomes combat coordination.,Margot retains revolver; Jonah carries shotgun.,Escape through retaining wall before gas deployment.,Siege and flight become immediate.,Cabin defenses temporarily succeed.,human-validated-v0.1,Validated directly against Phase 8 manuscript.
B03-C11-S03,Book 3,11,Chapter 11,3,1245,series/books/book-3/phase-8-editing/MANUSCRIPT.md,15c107d7c268d85974af9b24d0fb462337b4462e7a0979e351948be8a374dfae,**Jonah**,The siege was broken. The hunt had begun.,Jonah Harrow,,afternoon,Jonah's root cellar and ravine,Jonah Harrow; Margot Vance; federal tactical team,Time the explosion and escape into the ravine.,"Breaching agents, tear gas, structural collapse, icy descent.",Jonah detonates the retaining wall when the team commits.,Margot and Jonah escape the cellar and begin flight through the frozen woods.,Root-cellar barricade; mining charges; breach; explosion; ravine escape.,Margot learns Jonah planned the cabin as a last-resort fortress with escape capability.,Jonah shifts from holding territory to guerrilla evasion.,Margot follows Jonah into extreme danger with full trust.,Margot carries Scroll case; Jonah carries shotgun.,The pair are now hunted in the wilderness.,Federal pursuit and evidence-preservation threads.,The cabin escape plan succeeds.,human-validated-v0.1,Validated directly against Phase 8 manuscript.
B03-C12-S01,Book 3,12,Chapter 12,1,579,series/books/book-3/phase-8-editing/MANUSCRIPT.md,248d02693e731571156835a50eac88b13baeae1fbe71ea36896d4edb92ad6ec3,**Margot**,"""If we don't cross, we get shot."" He looked at her, his eyes wild and golden. ""Trust the wolf, Margot.""",Margot Vance,,,Frozen woods below Jonah's cabin,Margot Vance; Jonah Harrow,Evade pursuers and preserve the Treaty.,"Extreme cold, helicopter search, exhaustion, magical tracking.",Jonah masks the Scroll case with mud and concealment magic.,They head for the river despite lethal weather.,Flight through deep snow; helicopter pursuit; Jonah conceals evidence signature; river crossing planned.,Margot learns the Treaty can be tracked magically and Jonah can obscure it temporarily.,Margot must rely on wolf instinct rather than rational comfort.,Jonah's survival authority becomes absolute in the wilderness.,Scroll case returned to Margot after concealment.,Cross the river or be caught.,Wilderness-hunt and Treaty-custody threads.,Temporary concealment from magical trackers.,human-validated-v0.1,Validated directly against Phase 8 manuscript.
B03-C12-S02,Book 3,12,Chapter 12,2,438,series/books/book-3/phase-8-editing/MANUSCRIPT.md,dbd918bb2d4d0f6d5fb57270f86f5854800866b55ad5debfd8dcef1f38e8b760,"The river was black, cutting through the snow like a vein of ink.","""Stay with me,"" he growled against her ear. ""Steal my heat. Take it.""",Margot Vance,,,Frozen river crossing,Margot Vance; Jonah Harrow,Cross the river and avoid helicopter detection.,"Freezing water, strong current, hypothermia, aerial search.",Margot becomes unable to move after the crossing.,Jonah strips wet clothes and begins emergency skin-to-skin warming.,River crossing; helicopter spotlight evasion; wet clothes removed; emergency blanket deployed.,Margot experiences the lethal speed of hypothermia.,Survival demands total physical trust.,Intimacy becomes nonsexual lifesaving care.,Wet clothes removed; emergency blanket used; Scroll kept dry.,Margot must be rewarmed before travel can continue.,Injury and survival-dependence threads.,River-crossing objective succeeds.,human-validated-v0.1,Validated directly against Phase 8 manuscript.
B03-C12-S03,Book 3,12,Chapter 12,3,927,series/books/book-3/phase-8-editing/MANUSCRIPT.md,4598305b84ec4257b5b6cb92ba125b483c00f2160939585a570099303b5db833,"It was the strangest, most desperate intimacy she had ever known.","""Sterling thinks we're running,"" Jonah's voice hardened. The Sheriff was back. ""He thinks we're scared. We're going to show him he's wrong.""",Margot Vance,,,Shelter beneath fir tree,Margot Vance; Jonah Harrow,Reverse Margot's hypothermia and plan the next route.,"Cold, exhaustion, helicopter search, limited time.",Jonah decides they will circle back to town through old mining tunnels.,Margot stabilizes and the pair adopt a counterattack route.,Skin-to-skin warming; body heat recovery; helicopter departs; mining-tunnel plan formed.,Margot learns Jonah intends to return to town rather than flee.,Jonah reclaims strategic initiative.,"Margot experiences Jonah as protector, warmth, and emotional home.",Emergency blanket and dry gear remain in use.,Use old mining tunnels to re-enter town unseen.,Counterattack and public-evidence threads.,Margot's hypothermia begins to reverse.,human-validated-v0.1,Validated directly against Phase 8 manuscript.
B03-C12-S04,Book 3,12,Chapter 12,4,306,series/books/book-3/phase-8-editing/MANUSCRIPT.md,0ce2ca3ce1181790d9d84802cfa16b02b3c98a0cf50550663a181c4af486c610,"Twenty minutes later, they were moving again.",The Wolf snarled and launched itself at the Yeti.,Margot Vance,,,Whiteout near old mining tunnels,Margot Vance; Jonah Harrow; Yeti,Reach the mine entrance.,"Whiteout, navigation difficulty, territorial Yeti.",Jonah fully shifts to fight the Yeti without shooting it.,The Yeti confrontation becomes a full-wolf combat test.,Dry clothes donned; wolf tracking; Yeti appears; Jonah full-shifts.,Margot sees Jonah's complete wolf form for the first time.,Margot's understanding of Jonah expands beyond partial-shift combat.,Jonah reveals his most animal form in her presence.,Jonah drops shotgun before shifting.,Margot must respond to Jonah's full wolf form.,Alpha-acceptance and wilderness-survival threads.,Mine entrance is located.,human-validated-v0.1,Validated directly against Phase 8 manuscript.
B03-C12-S05,Book 3,12,Chapter 12,5,303,series/books/book-3/phase-8-editing/MANUSCRIPT.md,f8329ff1e835a645439b95718742e7d99b57d6488f085304ab745370e9b5d26d,It was a clash of titans.,Margot followed the Wolf into the dark.,Margot Vance,,,Whiteout and old mine entrance,Margot Vance; Jonah Harrow in wolf form; Yeti,Help Jonah survive the Yeti fight and enter the mine.,"Yeti strength, risk of friendly fire, Jonah's feral appearance.","Margot fires into the air, causing the Yeti to retreat.","Margot accepts the wolf, is recognized as pack, and follows Jonah into the mine.",Wolf-Yeti fight; warning shot; Yeti retreat; wolf greets Margot; mine entry.,Margot learns Jonah's wolf recognizes her as pack and remains safe with her.,Margot no longer experiences Jonah's full wolf form as monstrous.,Mate/pack recognition becomes behaviorally mutual even without formal disclosure.,Margot retrieves and uses shotgun; Scroll remains with pair.,The mine route will carry them back toward town.,Pack acceptance and return-to-town strategy.,Margot's fear-of-the-wolf question receives a major payoff.,human-validated-v0.1,Validated directly against Phase 8 manuscript.
B03-C13-S01,Book 3,13,Chapter 13,1,379,series/books/book-3/phase-8-editing/MANUSCRIPT.md,86c7858a80a1d164a17599c154a4239155dea88a6dadd3e7b2daafda93235f04,**Jonah**,"""You're welcome.""",Jonah Harrow,,,Old mining tunnels beneath Snowfall Creek,Jonah Harrow; Margot Vance,Use the abandoned tunnels to return to town unseen.,"Darkness, unstable passages, accumulated injuries, and pursuit.",Jonah discovers signs that the tunnels have been used recently.,The route becomes evidence of a larger hidden operation rather than a simple escape path.,Mine descent; route finding; fresh tracks and disturbed equipment discovered.,Jonah and Margot learn the abandoned tunnels are not truly abandoned.,Jonah shifts from evasion to investigation.,Their tactical partnership continues under confined pressure.,Treaty remains in Margot's custody; weapons retained.,The tunnels conceal active operations connected to the conspiracy.,Return-to-town and disappearance-ledger threads.,The promised mining-tunnel route is entered.,human-validated-v0.1,Validated directly against Phase 8 manuscript.
B03-C13-S02,Book 3,13,Chapter 13,2,1164,series/books/book-3/phase-8-editing/MANUSCRIPT.md,c9295faed49dbb804a566c7b153de8d399a48c65a3ad07faf4808d0cb5344469,"""We're not just walking,"" Jonah said as they stood at the threshold of the deep dark. He pointed his lantern down the throat of the tunnel. Useable track ended here; beyond lay the twisted, rusted remains of the Old Workings. ""We're heading for the Undercity.""","""Don't thank me, Wolf,"" the Troll spat on the ground, the saliva sizzling against the metal. ""Just finish it. I want to see that snake in a suit bleed.""",Jonah Harrow,,years ago; night,Hidden tunnel worksite,Jonah Harrow; Margot Vance,Identify who has been using the tunnel network.,"Possible patrols, magical concealment, risk of discovery.",They find evidence tying the tunnels to clandestine transport or detention.,The disappearance ledger gains a physical-world counterpart.,"Hidden supplies, restraints, transport traces, and concealed passage examined.",They infer that supernatural disappearances may have been routed through the mine system.,"Margot sees the conspiracy as operational and ongoing, not merely historical.",Shared horror reinforces political alliance.,Possible records or physical evidence identified; Treaty retained.,Locate the tunnel destination and identify who controlled it.,Disappearance-ledger and institutional-crime threads.,The ledger begins receiving corroborating evidence.,human-validated-v0.1,Validated directly against Phase 8 manuscript.
B03-C13-S03,Book 3,13,Chapter 13,3,1364,series/books/book-3/phase-8-editing/MANUSCRIPT.md,994fdaf57ffcefc06ad9ea354fdba47fae76c44370c75e85e080c409e64f61fd,Sector 4 was hot.,"""And then,"" Jonah grinned, the gold returning to his eyes, ""we arrest the bastard.""",Jonah Harrow,,,Mine junction beneath town,Jonah Harrow; Margot Vance; hostile patrol,Pass the junction without alerting enemy forces.,"Armed patrol, confined space, Jonah's injuries.",Margot uses library knowledge or improvised magic to distract the patrol.,They evade or disable the patrol and continue.,Patrol encountered; stealth or magical diversion; route cleared.,They learn the tunnels remain under active hostile control.,Jonah trusts Margot's tactical improvisation more fully.,Margot contributes directly to field survival.,Weapons used but retained.,Enemy control extends beneath Snowfall Creek.,Sterling retaliation and counterattack threads.,None.,human-validated-v0.1,Validated directly against Phase 8 manuscript.
B03-C14-S01,Book 3,14,Chapter 14,1,747,series/books/book-3/phase-8-editing/MANUSCRIPT.md,5020f9864f33709d38682241ff4c2db1dd5f313610c4964b25b23c241531ece8,**Margot**,"""Even better. Now let's go overthrow a government.""",Margot Vance,,,Snowfall Creek under quarantine,Margot Vance; Jonah Harrow; townspeople; federal forces,Move through town without being captured.,"Checkpoints, surveillance, frightened residents, propaganda.",Margot sees Sterling's official narrative blaming her for the crisis.,The scale of the information war becomes explicit.,Quarantine observed; wanted notices or broadcasts; public fear and misinformation.,Margot learns Sterling has successfully framed her as the saboteur.,She accepts that evidence alone will not defeat narrative control.,Jonah remains publicly and privately aligned with her.,Treaty remains concealed.,They must counter propaganda as well as force.,Public-truth and Sterling-retaliation threads.,The sabotage framing introduced in Chapter 10 becomes visible.,human-validated-v0.1,Validated directly against Phase 8 manuscript.
B03-C14-S02,Book 3,14,Chapter 14,2,755,series/books/book-3/phase-8-editing/MANUSCRIPT.md,a5ca4663c7ae83e65e30f14dbe10e2aaadd2d731949f20a87f47a5534ac90caa,The maintenance bridge was a skeleton of rust and regret.,"""Yeah,"" he said. ""I am. Now tell me where Sterling is.""",Margot Vance,,,Safehouse or allied business in Snowfall Creek,Margot Vance; Jonah Harrow; Grishka; Aleksei; allied townspeople,Reconnect with trusted allies and assess resistance capacity.,"Fear, factional mistrust, surveillance, and urgency.",Allies reveal that the public upload or copies have begun circulating.,The protagonists regain a local network.,Contact with allies; casualty and arrest updates; discussion of evidence distribution.,Jonah and Margot learn the town is divided but resistance is organizing.,Margot sees that public truth has created allies rather than only chaos.,Their private alliance expands into a community coalition.,Possible Treaty copies or devices exchanged.,Coordinate resistance and preserve evidence in multiple locations.,"Upload, disappearance-ledger, and public-accountability threads.",The promise that witnesses would matter receives reinforcement.,human-validated-v0.1,Validated directly against Phase 8 manuscript.
B03-C14-S03,Book 3,14,Chapter 14,3,664,series/books/book-3/phase-8-editing/MANUSCRIPT.md,f571150d38fdfa97d0e0ce68349da6886af59a665d3e42c9a4d44ff88da7f16b,The stirrup to the Mayor's office was a sprint.,The window behind Sterling exploded inward.,Margot Vance,,,Allied safehouse,Margot Vance; Jonah Harrow; allies,Create a dissemination and counterattack plan.,"Jamming, confiscation, imminent raids, incomplete evidence package.",Margot proposes using multiple analog and magical distribution channels.,A redundant evidence strategy is adopted.,"Treaty copied, photographed, or encoded; runners and magical channels assigned.",The coalition identifies weak points in Sterling's communications control.,Margot resumes her Keeper role as curator and distributor rather than secret holder.,Jonah supports Margot's strategic leadership.,Copies of Treaty and disappearance ledger distributed.,At least one copy must reach outside authorities or the wider supernatural community.,Treaty dissemination reaches active execution.,The upload promise receives a partial payoff through redundancy.,human-validated-v0.1,Validated directly against Phase 8 manuscript.
B03-C14-S04,Book 3,14,Chapter 14,4,481,series/books/book-3/phase-8-editing/MANUSCRIPT.md,5405a809b6c7580e6a91a4b2bcf0224478992b99f5bb5edfdd9cfe00c1a4d6f3,It was a horror movie scene reversed. The monster wasn't breaking in to kill the girl. He was breaking in to save the day.,"Feedback whined across the square, echoing off the buildings.",Margot Vance,,,Snowfall Creek streets or safehouse perimeter,Margot Vance; Jonah Harrow; allies; hostile forces,Survive an enemy raid or interception.,"Federal agents, Council mercenaries, magical suppression.",The protagonists realize Kael or Sterling anticipated the safehouse.,The coalition is forced to scatter or fight.,Raid begins; evidence couriers split; Jonah and Margot protect escape routes.,Sterling has intelligence inside the resistance or strong surveillance capability.,Jonah suspects an internal leak or compromised channel.,Shared command under fire strengthens the pair's leadership role.,Evidence packets leave with multiple couriers.,Identify the leak or surveillance source.,Counterattack and dissemination threads escalate.,None.,human-validated-v0.1,Validated directly against Phase 8 manuscript.
B03-C14-S05,Book 3,14,Chapter 14,5,895,series/books/book-3/phase-8-editing/MANUSCRIPT.md,d6fb9e349de3ccba1ac0c43ef9b36383934702e0467ca0a4163ae82caf3177a4,"""Citizens of Snowfall Creek.""","""They're here to burn it all.""",Margot Vance,Immediately after Sterling's defeat and public broadcast,,Mayor's office overlooking Snowfall Creek town square,Margot Vance; Jonah Harrow; Aleksei Petrov; Henderson; Arthur Sterling; Pack; Trolls; townspeople; Magisterium forces,"Tell the town the truth, free the bound supernatural factions, and keep Jonah alive.",Jonah's catastrophic blood loss and the sudden arrival of Magisterium assault forces.,The apparent victory becomes an occupation crisis when Magisterium carriers and Chinooks enter the square.,"The town accepts the truth and briefly unites, but the Magisterium arrives to sanitize the site.",Margot publicly reveals the original Treaty; the bindings break; humans and monsters celebrate; Margot declares love to Jonah; Magisterium forces arrive.,The town learns the official peace was built on betrayal and that the original Treaty was a partnership.,Margot moves from Keeper of hidden history to public revolutionary witness.,Margot explicitly tells Jonah she loves him; Jonah corrects her from 'you changed the world' to 'we changed it.',Microphone used for the broadcast; Scroll case remains with Margot; Sterling remains in resistance custody.,The Magisterium as the deeper institutional antagonist.,"Public truth, liberation, and Jonah's survival threads escalate sharply.",The hidden-Treaty reveal and supernatural liberation promise are paid off.,source-reconciled-v1.1,Restored from parser scene B03-C14-S05 and checked directly against the Phase 8 manuscript.
B03-C15-S01,Book 3,15,Chapter 15,1,520,series/books/book-3/phase-8-editing/MANUSCRIPT.md,f97ce5b789722d3b432f1cdf095371fa9f170bc685a29a828fcfe15d03ec8e4d,**Shared POV (Jonah / Margot)**,"""I hate being meat,"" the Vampire wheezed.",Jonah Harrow,,,Snowfall Creek streets after raid,Jonah Harrow; Margot Vance; resistance allies,Regroup after the raid and determine who escaped with evidence.,"Casualties, scattered allies, missing couriers, active pursuit.",They confirm that at least one evidence package got through.,The conspiracy can no longer fully contain the truth.,Aftermath assessment; courier status checked; evidence transmission confirmed.,Jonah learns the dissemination plan partially succeeded.,He sees the conflict shifting from local containment to wider exposure.,Jonah and Margot function as joint resistance leaders.,Surviving evidence copy remains outside Sterling's control.,External response will now arrive.,Treaty dissemination and institutional reckoning.,Evidence-upload promise receives a major partial payoff.,human-validated-v0.1,Validated directly against Phase 8 manuscript.
B03-C15-S02,Book 3,15,Chapter 15,2,316,series/books/book-3/phase-8-editing/MANUSCRIPT.md,4695905dbfacac81fd21d0084ac750a762b01bf3c5575ad14217b0a653819d47,**Margot**,"""Not the roof,"" Jonah said. ""We came in from the top. We go out the top.""",Jonah Harrow,,,Temporary resistance position,Jonah Harrow; Margot Vance; allies,Interrogate the leak or identify compromised communications.,"Mistrust, incomplete information, danger of false accusation.",Evidence points toward a Council-linked informer or magical tracker.,The resistance narrows the source of compromise.,Communications reviewed; route timing compared; suspect or tracking method identified.,Jonah learns how Sterling located the safehouse.,He distinguishes betrayal by a person from technical or magical surveillance.,Margot and Jonah negotiate suspicion without turning on each other.,Tracking charm or compromised device may be isolated.,Remove the surveillance source and exploit it against Sterling.,Leak and counterintelligence threads.,The raid's cause receives a partial explanation.,human-validated-v0.1,Validated directly against Phase 8 manuscript.
B03-C15-S03,Book 3,15,Chapter 15,3,708,series/books/book-3/phase-8-editing/MANUSCRIPT.md,aef452e37eee155ba54d0375e3f2ba5f6adc74e5a58b0ceb682947d9fe46eb19,**Shared POV**,"""Lead the way, Keeper,"" he whispered.",Jonah Harrow,,,Resistance position / communications point,Jonah Harrow; Margot Vance; external contact,Establish contact with outside authority or supernatural allies.,"Jamming, credibility concerns, Sterling's official narrative.",An external recipient confirms receipt of Treaty evidence.,The conflict gains a wider jurisdiction and Sterling loses total narrative control.,Secure contact established; evidence authenticity discussed; response promised.,The protagonists learn outside parties now possess corroborating evidence.,Margot regains faith that documentation can still matter when distributed.,Shared relief briefly softens the crisis.,Digital or physical evidence confirmed outside town.,External intervention or investigation is coming.,Public-accountability and institutional-reckoning threads.,Treaty dissemination receives an external-confirmation payoff.,human-validated-v0.1,Validated directly against Phase 8 manuscript.
B03-C15-S04,Book 3,15,Chapter 15,4,400,series/books/book-3/phase-8-editing/MANUSCRIPT.md,6924afd3adb3a256dd0a94569e457596150083ff26b79afe890bb13ce9f22174,**Margot**,"""Show us.""",Jonah Harrow,,,Snowfall Creek resistance position,Jonah Harrow; Margot Vance; allies,Choose the next offensive objective before Sterling responds.,"Time pressure, injuries, divided town, anticipated retaliation.",They decide to target the Council's command center or rescue detainees.,The protagonists move from exposure to active liberation strategy.,Strategic debate; objective selected; teams assigned.,They identify where Sterling's control is most vulnerable.,Jonah fully embraces rebellion against the system he once served.,Jonah and Margot's shared purpose becomes openly revolutionary.,Weapons and evidence copies allocated.,Direct assault or rescue operation.,Political uprising and antagonist-confrontation threads.,None.,human-validated-v0.1,Validated directly against Phase 8 manuscript.
B03-C15-S05,Book 3,15,Chapter 15,5,643,series/books/book-3/phase-8-editing/MANUSCRIPT.md,72a910523220bbf89155b3e00e14ebb869b9dc56beab12ffa89e5947a5b9b742,**Shared POV**,"""If the Magisterium wants a war,"" the Librarian said, ""I'm going to give them a history lesson.""",Shared POV,During the first hours of Magisterium occupation,,School pump room / improvised resistance shelter,Margot Vance; Jonah Harrow; Aleksei Petrov; Henderson,Stabilize Jonah and decide how to resist the occupation.,"Silver-laced wound, no access to Pack blood, curfew, detention and incineration threat.",Margot converts guilt and fear into a plan for communications sabotage and organized resistance.,Jonah is temporarily stabilized; Margot commits the group to guerrilla resistance.,Henderson seals Jonah's wound with industrial bio-foam and staples; radio traffic reveals screening and detention; Margot orders resistance organization.,The group learns the Magisterium is sorting captives for labs or incineration and that normal curfew release will not occur.,Margot stops seeing herself as merely a librarian preserving history and accepts command responsibility.,Margot's protectiveness toward Jonah and her command authority over the team both deepen.,Bio-foam and staple gun used on Jonah; Scroll case remains strapped to Margot.,Break the jamming field and send the truth outside Snowfall Creek.,The resistance-war thread formally begins.,None.,source-reconciled-v1.1,Restored from parser scene B03-C15-S05 and checked directly against the Phase 8 manuscript.
B03-C16-S01,Book 3,16,Chapter 16,1,552,series/books/book-3/phase-8-editing/MANUSCRIPT.md,506c0d632abdc99e0685e1205b3ca194c8c3d15a393bed5cc65b44726b8004a9,**Jonah**,How did they stand it?,Margot Vance,,,Resistance staging area in Snowfall Creek,Margot Vance; Jonah Harrow; resistance allies,Prepare the first coordinated offensive against Sterling's control network.,"Limited manpower, divided loyalties, injuries, and surveillance.",Margot reframes the operation around rescuing detainees and seizing records rather than simple retaliation.,The resistance adopts a focused liberation objective.,Operational briefing; targets identified; teams assigned; evidence priorities set.,The resistance learns where detainees and administrative records are likely being held.,Margot sees that preservation now requires active intervention.,Jonah and Margot operate as complementary co-commanders.,"Weapons, maps, and copied evidence are distributed.",Rescue detainees and seize records without losing the wider evidence network.,Liberation and institutional-exposure threads.,The active-liberation promise moves into execution.,human-validated-v0.1,Validated directly against Phase 8 manuscript.
B03-C16-S02,Book 3,16,Chapter 16,2,404,series/books/book-3/phase-8-editing/MANUSCRIPT.md,2cfe8d606e93fa20beca0089dfbae4560c34092cad1f85445e3fc1dbf7c57708,"""How long?"" Jonah asked.",Margot stepped inside.,Margot Vance,,years ago,Council-controlled detention facility,Margot Vance; Jonah Harrow; resistance team; detainees; guards,Enter the detention site and locate supernatural prisoners.,"Magical locks, armed guards, alarms, and time pressure.",Margot identifies archival or ward logic that bypasses the primary security layer.,The team gains access to the detention wing.,Infiltration; ward analysis; security bypass; detainees located.,Margot learns detainees include people listed in the disappearance ledger.,The conspiracy's continuity from record to living victim becomes undeniable.,Jonah follows Margot's expertise inside institutional space.,"Keys, access tokens, or ward permissions change hands.",Free the detainees and preserve their testimony.,Disappearance-ledger and rescue threads.,The ledger receives living corroboration.,human-validated-v0.1,Validated directly against Phase 8 manuscript.
B03-C16-S03,Book 3,16,Chapter 16,3,474,series/books/book-3/phase-8-editing/MANUSCRIPT.md,a52d37310827dd079171f34f203486ca87327b733d5db1d1471ffc2a122a5fd0,She resembled a war zone.,He might not be the Alpha right now. But he was still the Sheriff.,Margot Vance,,,Detention wing,Margot Vance; Jonah Harrow; detainees; guards,Release prisoners before reinforcements arrive.,"Injured detainees, failing wards, armed response.",A detainee identifies Sterling or Kael as directly involved in transfers.,The rescue becomes direct testimony against the antagonists.,Cells opened; prisoners extracted; testimony given; alarms escalate.,The protagonists gain eyewitness evidence linking Sterling's network to disappearances.,Jonah's rebellion becomes morally irreversible.,The pair are recognized by survivors as protectors and leaders.,Prison records and detainee files are seized.,Protect witnesses long enough for testimony to spread.,Institutional reckoning and public-proof threads.,The disappearance mystery receives a major evidentiary payoff.,human-validated-v0.1,Validated directly against Phase 8 manuscript.
B03-C16-S04,Book 3,16,Chapter 16,4,450,series/books/book-3/phase-8-editing/MANUSCRIPT.md,1163b3ee5fada79b98e9e72319055748c9f60600a80520eee681b98a2fee9399,"""Here,"" Jonah tapped the Ski Resort. ""The Emitter is here. Main Lodge roof. It requires line-of-sight and massive power.""",*That's my mate.*,Margot Vance,,,Detention facility exit,Margot Vance; Jonah Harrow; detainees; resistance team; hostile reinforcements,Evacuate prisoners and records.,"Closing perimeter, magical suppression, wounded civilians.",Jonah chooses to hold the line while Margot leads the evacuation.,"The detainees escape, but Jonah is cut off or placed at greater risk.",Evacuation; rear-guard defense; convoy or foot escape; Jonah remains behind briefly.,Margot learns Jonah will sacrifice position and safety to protect the rescued group.,She rejects leaving him behind as an acceptable cost.,Leadership roles split under pressure but remain emotionally interdependent.,Records and testimony move with evacuees.,Margot must recover Jonah or prevent his capture.,Rescue operation and relationship-protection threads.,Detainee extraction succeeds.,human-validated-v0.1,Validated directly against Phase 8 manuscript.
B03-C16-S05,Book 3,16,Chapter 16,5,395,series/books/book-3/phase-8-editing/MANUSCRIPT.md,b13d33444a63412d0019a019cc23c55aba34c211a5ea0d6686e3559a19642842,The prep was fast. They didn't have time for speeches.,He waited.,Jonah Harrow,Minutes before the Emitter sabotage mission,,School pump room / resistance base,Jonah Harrow; Margot Vance; Aleksei Petrov; Henderson,Prepare Margot's sabotage team and protect the Treaty while Jonah remains behind.,"Jonah's incapacitating injuries, limited time before shift change, and risk of capture.",Margot leaves the original Scroll with Jonah and takes his service pistol.,The sabotage team departs; Jonah waits alone with the Scroll and radio.,Henderson gathers improvised chemical explosives; Margot transfers the Scroll to Jonah; Jonah gives Margot his pistol; they exchange a desperate kiss.,Jonah understands the Scroll is safer with him than on the strike team; Margot learns how to operate his pistol.,Both accept that the separation may be fatal but choose the mission anyway.,"Mutual trust becomes operational: each entrusts the other with something central, the Treaty and personal survival.",Original Scroll case transfers from Margot to Jonah; Jonah's service pistol transfers to Margot.,Jonah must survive alone and protect the Scroll.,Emitter sabotage and relationship-protection threads advance.,None.,source-reconciled-v1.1,Restored from parser scene B03-C16-S05 and checked directly against the Phase 8 manuscript.
B03-C17-S01,Book 3,17,Chapter 17,1,406,series/books/book-3/phase-8-editing/MANUSCRIPT.md,0a91c515b9054ef5b47cf91f5dba2d09cf100d82d681fa12d18e1ea7e2222f0f,**Margot**,"""Lead the way, Commander,"" Aleksei said, checking his reflection in a chrome pipe and grimacing. ""I need to find a sink. And possibly a flamethrower.""",Jonah Harrow,,,Council-controlled streets and detention perimeter,Jonah Harrow; hostile forces; Kael,Delay pursuit and rejoin Margot.,"Kael's magic, reinforcements, Jonah's accumulated injuries.",Kael confronts Jonah directly and attempts to force surrender.,The personal antagonist conflict resumes.,Rear-guard combat; Kael appears; ideological exchange; duel begins.,Jonah learns Kael views the disappearances as necessary containment rather than crime.,Jonah abandons any remaining hope that Kael can be reasoned away from the Council.,Jonah's motivation centers on returning to Margot and the rescued people.,Weapons used; no confirmed transfer.,Resolve the Jonah–Kael conflict.,Kael antagonist and combat threads.,None.,human-validated-v0.1,Validated directly against Phase 8 manuscript.
B03-C17-S02,Book 3,17,Chapter 17,2,440,series/books/book-3/phase-8-editing/MANUSCRIPT.md,ecd701e8f86aee63e0bce8445907448654a74dab0a8164906500923fbe22706a,The basement was a labyrinth of white corridors and humming machinery.,The doors opened.,Jonah Harrow,,,Detention perimeter,Jonah Harrow; Kael; hostile forces,Defeat Kael without being recaptured.,"Sterling magic, Jonah's wounds, hostile numbers.",Jonah exploits Kael's dependence on controlled magical structures.,"Kael is defeated, injured, or forced to retreat again.",Close combat; magical countermeasure; Kael loses tactical control.,Jonah learns Kael's magic is less effective when deprived of prepared channels or artifacts.,Jonah recognizes his hybrid tactical and wolf abilities as an advantage.,Margot's earlier analytical lessons influence Jonah's combat thinking.,Kael's focus object or weapon may be broken or seized.,Kael's final reckoning remains possible if he survives.,Antagonist-defeat thread.,The immediate duel receives a partial payoff.,human-validated-v0.1,Validated directly against Phase 8 manuscript.
B03-C17-S03,Book 3,17,Chapter 17,3,473,series/books/book-3/phase-8-editing/MANUSCRIPT.md,aa347f96e1d13dc09a51428e6b024b6d8da2380650e3a504ec610f03d03f33cc,The Presidential Suite was a study in contrast.,"They were marched out of the suite, up the final flight of stairs to the roof.",Jonah Harrow,,,Escape route from detention perimeter,Jonah Harrow; Margot Vance; resistance allies,Rejoin Margot and get clear of the counterattack.,"Pursuit, Jonah's worsening injuries, collapsing route.",Margot returns or refuses to leave without Jonah.,They reunite and escape together.,Margot doubles back; Jonah found; pursuit evaded; emotional confrontation.,Jonah learns Margot will not accept his self-sacrifice as unilateral policy.,He begins confronting the damage caused by treating himself as expendable.,Their bond shifts toward mutual protection rather than one-way sacrifice.,Margot supports or carries Jonah; seized evidence retained.,Jonah must stop making unilateral sacrificial choices.,Relationship-growth and injury threads.,The promise to recover Jonah is fulfilled.,human-validated-v0.1,Validated directly against Phase 8 manuscript.
B03-C17-S04,Book 3,17,Chapter 17,4,370,series/books/book-3/phase-8-editing/MANUSCRIPT.md,870782bf4392fcba044e406f6fe5bc5fc793ffbeb066745e6c662dee797e7835,The roof was a frozen hellscape.,Then it melted through.,Jonah Harrow,,,Resistance medical point,Jonah Harrow; Margot Vance; healers; rescued detainees,Stabilize Jonah and record witness testimony.,"Serious injuries, fear of another raid, fragmented testimony.",A rescued witness provides information about Sterling's final command site or plan.,The resistance gains a direct route to Sterling.,Medical treatment; witness debrief; command-site intelligence obtained.,The protagonists learn Sterling's likely location and next move.,"Margot sees the rescued survivors as active agents, not only victims.",Jonah accepts treatment under Margot's insistence.,Medical records and testimony notes created.,Strike Sterling before he can destroy remaining evidence or prisoners.,Final-antagonist and public-accountability threads.,The rescue produces actionable intelligence.,human-validated-v0.1,Validated directly against Phase 8 manuscript.
B03-C17-S05,Book 3,17,Chapter 17,5,482,series/books/book-3/phase-8-editing/MANUSCRIPT.md,239dadd17f546771b36eeb10c5c6778f03126350089d987dd8892b82f85296dc,Ammonia and bleach don't explode like dynamite. They *erupt*.,"""Okay,"" she said. ""Let's go win it.""",Margot Vance,Immediately after the rooftop chemical attack,,Ski resort rooftop and stairwell,Margot Vance; Aleksei Petrov; Henderson; Magisterium troopers; Valerius; Jonah Harrow by radio,Destroy the Emitter and escape.,"Armed troopers, Valerius, unstable improvised chemical charge, and the suppression field.","The chemical blast destroys the Emitter, restoring supernatural power and communications.","Aleksei regains full vampire power, the Pack awakens, and Margot descends to continue the fight.",Improvised ammonia-bleach-magnesium charge destroys the tower; Aleksei overpowers troopers; Valerius retreats; Jonah reports he is shifting and coming for Margot.,The team confirms the suppression field is down and that the Pack is awake and free.,Margot shifts from sabotage leader to active wartime commander.,Margot and Jonah reconnect over clear radio; both move toward reunion in combat.,Margot retains Jonah's pistol; improvised chemical charge is expended; Emitter is destroyed.,The freed Pack will enter open war.,"Jonah's recovery, Pack liberation, and direct conflict with Valerius all advance.",The Emitter-destruction promise is paid off.,source-reconciled-v1.1,Restored from parser scene B03-C17-S05 and checked directly against the Phase 8 manuscript.
B03-C18-S01,Book 3,18,Chapter 18,1,573,series/books/book-3/phase-8-editing/MANUSCRIPT.md,c763ad2e71a27d3c3d2685c52e779c9cdc0f014b0557f524c85862343ac9a48b,**Jonah**,He was going hunting.,Margot Vance,,tonight,Resistance medical point / planning room,Margot Vance; Jonah Harrow; resistance leaders; rescued witnesses,Turn witness testimony into a final operational plan.,"Jonah's condition, limited time, Sterling's remaining forces.",Margot identifies the records archive or command nexus as the essential target.,The resistance commits to a final strike objective.,Witness maps reviewed; target selected; teams reorganized.,Margot learns where Sterling keeps the master records and command authority.,She embraces leadership without hiding behind Keeper secrecy.,Jonah defers to Margot's strategic judgment.,"Maps, testimony, and copied records consolidated.",Seize the master archive and expose Sterling completely.,Final confrontation and records-preservation threads.,None.,human-validated-v0.1,Validated directly against Phase 8 manuscript.
B03-C18-S02,Book 3,18,Chapter 18,2,428,series/books/book-3/phase-8-editing/MANUSCRIPT.md,7fdc9f31b02b14d5951a8d4dea89d6f6f9d294aecb2594825229080ab668ca49,The hallway smelled of lemon wax and panic. Also gun oil. And fear-sweat.,"He turned and galloped down the main corridor, his claws clicking on the tile, heading for the exit. He hit the glass doors at full speed, shattering them outward, exploding into the cold night air.",Margot Vance,,night,Resistance staging area,Margot Vance; Jonah Harrow; pack; resistance allies,Unify factions for the final operation.,"Distrust between supernatural groups, fear of casualties, Jonah's former office.",Jonah publicly renounces the corrupt enforcement structure and accepts shared command.,The factions agree to fight together.,Coalition address; grievances aired; shared command accepted.,Margot learns the resistance will follow them as a unified coalition.,Jonah's identity shifts fully from sheriff of the system to protector chosen by the community.,Their partnership receives public legitimacy.,"Command tokens, radios, or route assignments distributed.",Coalition unity will be tested in battle.,Leadership and uprising threads.,The resistance-coalition promise receives a major payoff.,human-validated-v0.1,Validated directly against Phase 8 manuscript.
B03-C18-S03,Book 3,18,Chapter 18,3,609,series/books/book-3/phase-8-editing/MANUSCRIPT.md,b81f217e16d4db055e826e7854746de44c039f16297524ba8facffa3b94948ff,"The football field was a chaotic mess of snow, light, and violence.",She wasn't safe yet.,Margot Vance,,,Approach to Sterling's command site,Margot Vance; Jonah Harrow; resistance strike teams,Reach the command site undetected.,"Magical surveillance, checkpoints, internal defenses.",The team discovers Sterling has begun destroying records or preparing mass containment.,The operation shifts from planned assault to immediate intervention.,Covert approach; smoke or magical purge signs; emergency breach decision.,They learn Sterling intends to erase evidence and possibly detainees before outside intervention arrives.,Margot accepts that preserving truth may require destroying the institution housing it.,Jonah and Margot make a rapid joint command decision.,Breaching charges or magical tools deployed.,Stop record destruction before the archive is lost.,Final-assault and evidence-preservation threads.,None.,human-validated-v0.1,Validated directly against Phase 8 manuscript.
B03-C18-S04,Book 3,18,Chapter 18,4,372,series/books/book-3/phase-8-editing/MANUSCRIPT.md,522b23c720f453a27f3d065626bef03d586f8ea25842ba30c0fcd66dd69d1ea7,He ran.,Aleksei pointed up.,Margot Vance,,,Sterling's command site / records archive,Margot Vance; Jonah Harrow; Arthur Sterling; resistance fighters,Breach the archive and confront Sterling.,"Sterling's guards, magical defenses, active destruction of evidence.",Margot reaches the records while Jonah engages the defense line.,The final confrontation begins with the archive partially secured.,Breach; combat; records rescued; Sterling confronted.,Margot sees the full scale of Sterling's administrative machinery.,"The corruption is revealed as systematic, not the work of one rogue actor.",Their divided roles combine into one final objective.,Master records or archive components enter resistance custody.,Sterling's final defeat and institutional replacement.,"Final confrontation, evidence, and liberation threads.",The master-archive objective receives a partial payoff.,human-validated-v0.1,Validated directly against Phase 8 manuscript.
B03-C18-S05,Book 3,18,Chapter 18,5,576,series/books/book-3/phase-8-editing/MANUSCRIPT.md,2c0f918706c6bbf710b4cb6fff294270bf593389aa975cbaacee6f48f3e05b21,The clouds above the mountain were parting.,"""We go to the Archives,"" he commanded. ""We dig in. And then... we shoot that bird out of the sky.""",Jonah Harrow,Immediately after the Emitter's destruction,,Snowfall Creek valley below the ski resort,Jonah Harrow; Margot Vance; Aleksei Petrov; Henderson; gathered Pack and Troll allies,Find a defensible position before the Magisterium gunship attacks.,A Mark IV aerial command platform capable of leveling the town.,Margot identifies the Archives and the Dragon-Killer Ballista as the only plausible defense.,Jonah orders the coalition to fortify the Archives and prepare to shoot down the gunship.,"The command gunship appears; the school is rejected as a soft target; Margot recalls Crate 404 and its gravity-rune ballista; Jonah assigns the Pack, Trolls, and Aleksei as crew.",The group learns the Archives contain a potentially usable anti-air weapon.,Jonah rejects defensive retreat and reframes the Archives as a fortress and weapons platform.,"Jonah and Margot function as complementary commanders, combining tactics and archival knowledge.",Dragon-Killer Ballista is identified but not yet moved; no custody transfer occurs.,The Archives must survive bombardment and the ancient ballista must function.,"Gunship, Archives-defense, and coalition-war threads advance.",None.,source-reconciled-v1.1,"Restored from parser scene B03-C18-S05 and checked directly against the Phase 8 manuscript. The manuscript repeats part of the closing command; preserved as source text, flagged separately for copyediting."
B03-C19-S01,Book 3,19,Chapter 19,1,714,series/books/book-3/phase-8-editing/MANUSCRIPT.md,11836302f242da020d131d0d8330a85222c5205adf52d105e9c94a251eac0b2c,**Shared POV (Margot / Jonah)**,"""The library,"" she said. ""It knows I'm here.""",Shared POV (Margot / Jonah),,,Snowfall Creek main street and alley,Jonah Harrow; Margot Vance; Henderson; Grishka; Aleksei; wolves; Grey Guard; Gunship,Reach the library alive while under Gunship fire.,"Kinetic cannon, Grey Guard troops, exposed streets, wounded allies.",The group reaches the library grounds under covering action.,The survivors arrive at the library perimeter but remain under aerial assault.,Gunship attacks main street; convoy flees through alley; wounded supernatural allies retreat toward library.,Jonah and Margot learn the Gunship can disintegrate structures with a kinetic cannon.,The library becomes the only defensible stronghold.,Jonah and Margot coordinate the retreat as co-commanders.,Weapons and wounded allies carried toward library.,The library must withstand a full military assault.,Grey Guard siege and library-defense threads.,The return-to-library objective begins.,human-validated-v0.1,Validated directly against Phase 8 manuscript.
B03-C19-S02,Book 3,19,Chapter 19,2,305,series/books/book-3/phase-8-editing/MANUSCRIPT.md,f748fab434bc0f5f9f5044c41c6d9e994ca73791b2fd2f44f5388792fdbd5759,**Margot**,"""Run!"" Margot dropped her hand, grabbing Jonah's arm. ""Run now!""",Margot Vance,,,Snowfall Creek Archives exterior and entrance,Margot Vance; Jonah Harrow; resistance survivors; Grey Guard,Activate the library's defensive systems.,"Grey Guard assault, Gunship fire, incomplete understanding of the building's war protocols.",Margot connects to the building and triggers its ancient lockdown defenses.,The library awakens as an active defensive structure.,Library communicates with Margot; lockdown systems activate; gargoyle sonic defenses engage.,Margot learns the building's lockdown systems include lethal or incapacitating pest-control defenses.,She accepts the library as an active ally rather than passive setting.,Jonah relies on Margot's Keeper authority for battlefield survival.,No major transfer.,The awakened library may possess additional siege capabilities.,Library-agency and siege-defense threads.,The library's earlier protective behavior receives a major payoff.,human-validated-v0.1,Validated directly against Phase 8 manuscript.
B03-C19-S03,Book 3,19,Chapter 19,3,393,series/books/book-3/phase-8-editing/MANUSCRIPT.md,d887b876a279be188d7ef0f00827f2be515715b1422a8b4853042bc31fa926a7,**Shared POV**,"""Everyone on,"" she ordered.",Shared POV,,,Library lawn and lobby,Jonah Harrow; Margot Vance; Aleksei; Henderson; Grishka; wolves; Trolls; Vampires,Get all survivors inside and seal the library.,"Gunship fire, wounded allies, limited time before Grey Guard recovers.",The oak doors seal and the sonic attack is muffled.,The library becomes a temporary bunker.,Survivors cross lawn under fire; all enter; doors and iron deadbolts seal; service hoist is selected.,The group learns the lobby is secure only temporarily and the roof remains vulnerable.,Margot decides conventional stairs are too slow and chooses the service hoist.,The mixed supernatural coalition accepts Margot's direct command.,Wounded survivors moved inside.,They must find a weapon capable of defeating the Gunship.,B4 arsenal and siege threads.,The group successfully reaches shelter.,human-validated-v0.1,Validated directly against Phase 8 manuscript.
B03-C19-S04,Book 3,19,Chapter 19,4,580,series/books/book-3/phase-8-editing/MANUSCRIPT.md,4c4e2cf9b6bc8a8e88b6c7d151b88e8d4df4e99cfbd98da61767286021e25ef9,**Jonah**,"""Going up!"" Jonah hit the lever.",Jonah Harrow,,,Service hoist descending to B4 and Vault arsenal,Jonah Harrow; Margot Vance; Grishka; Trolls; Wolves; Vampires,Retrieve a weapon from B4 capable of destroying the Gunship.,"Time pressure, unstable ancient weaponry, enormous weight.",They locate an ancient ballista designed to fire a magical history-lance.,The coalition loads the ballista onto the hoist.,Hoist descends through B1-B3; B4 arsenal opened; Trolls lift ancient ballista.,Jonah learns the Vault contains large-scale anti-siege weapons.,He accepts improvised historical magic as the only viable answer to modern military technology.,Margot's archival knowledge directs Jonah's battlefield decisions.,Ancient ballista transferred from B4 arsenal to service hoist.,The ballista must reach the lobby and fire before the bunker-buster strike.,Gunship-destruction objective.,The hidden-arsenal promise is fulfilled.,human-validated-v0.1,Validated directly against Phase 8 manuscript.
B03-C19-S05,Book 3,19,Chapter 19,5,459,series/books/book-3/phase-8-editing/MANUSCRIPT.md,5bfd7b70840176a2308016798c96b9c43b164ccf6a5c9c196301ad0b19e3af1d,**Margot**,It hit the Gunship dead center in the fuel pod.,Margot Vance,,,Library lobby and atrium,Margot Vance; Jonah Harrow; Grishka; Trolls; Aleksei; wolves; Gunship crew,Set up and fire the ballista before the Gunship destroys the library.,"Failing roof, depleted shields, incoming bunker-buster, volatile crystal weapon.",Margot fires as the Gunship launches its main attack.,The history-lance pierces the bunker-buster blast and strikes the Gunship's fuel pod.,Ballista positioned under skylight; gunship aligns overhead; Margot fires magical harpoon.,The coalition learns the ballista's history-lance can pierce modern magical energy defenses.,Margot fully occupies the role of combat Keeper.,Jonah entrusts the decisive shot to Margot.,Ballista discharged; magical harpoon leaves library.,The consequences of destroying or disabling the Gunship.,Siege-defense thread reaches climax.,The Gunship threat receives a major combat payoff.,human-validated-v0.1,Validated directly against Phase 8 manuscript.
B03-C20-S01,Book 3,20,Chapter 20,1,1032,series/books/book-3/phase-8-editing/MANUSCRIPT.md,b3be434678fd675440ab355b5ebd9195a9e53c04c9f5d83b8aac9b86b8b6b436,**Margot**,"""Go,"" he whispered. ""Before I decide to burn the fiction section first.""",Margot Vance,,,Library atrium under Grey Guard occupation,Margot Vance; Valerius; unconscious defenders; Grey Guard,Understand the silent takeover and preserve the library.,"Neurotoxin gas, communications blackout, Valerius's occupation force.",Valerius offers Margot a choice between leaving as a refugee or staying as a combatant.,Margot is forced out while the Grey Guard occupies the library.,Green neurotoxin fills atrium; defenders collapse; Valerius reveals Grey Guard control and experimental intent.,Margot learns Valerius intends to treat the library and resistance as a controlled military experiment.,She recognizes the occupation is not negotiation but calculated dehumanization.,Margot's responsibility shifts from defending the building to preserving the people and resistance outside it.,Library control passes to Grey Guard occupation.,Retake or destroy the occupied library before Valerius weaponizes it.,Valerius antagonist and library-loss threads.,The warning that the library could fall receives a devastating payoff.,human-validated-v0.1,Validated directly against Phase 8 manuscript.
B03-C20-S02,Book 3,20,Chapter 20,2,396,series/books/book-3/phase-8-editing/MANUSCRIPT.md,1f19f8d17cd27f5d96a330c0fe41e70ce02ac8d53bd89218d88e92edb2cc947a,**Jonah**,And the world shattered into grey static.,Jonah Harrow,,night,Neurotoxin dreamscape,Jonah Harrow; dream-Margot; shadow antagonist,Find Margot within a predatory dream.,"Wolf hunger, fear of losing her, shadow that erases the scent trail.",Jonah catches dream-Margot but she disintegrates into paper.,The dream exposes Jonah's fear that his possessive love will destroy what it protects.,Wolf hunts Margot through iron forest; shadow interferes; Margot becomes pages and ash.,"The reader sees Jonah's deepest fear of possessiveness, loss, and destructive protection.",No waking belief change yet; the dream externalizes his unresolved internal conflict.,The mate bond is represented as both anchor and potential danger.,None; dream symbolism only.,Jonah must distinguish protection from possession.,Self-sacrifice and mate-bond conflict.,The earlier possessiveness concern receives symbolic reinforcement.,human-validated-v0.1,Validated directly against Phase 8 manuscript.
B03-C20-S03,Book 3,20,Chapter 20,3,532,series/books/book-3/phase-8-editing/MANUSCRIPT.md,7de46eb234b3bcd39ec853b1f91c77473d289ff04dd309f4d635da526d74e56f,Waking up felt like drowning in gravel.,**The End of Part II**,Jonah Harrow,,,Snowy woods and old logging road outside occupied library,Jonah Harrow; Margot Vance,Escape sniper range and reorganize after the library falls.,"Neurotoxin aftereffects, Grey Guard snipers, loss of stronghold, freezing weather.",Margot invokes Protocol: Wild Hunt.,The pair abandon defensive retreat and commit to burning down the occupation.,Margot drags Jonah to safety; occupied library seen under searchlights; Wild Hunt protocol activated.,Jonah learns Margot has a contingency protocol for total insurgent resistance.,Both shift from holding territory to sabotage and guerrilla war.,Margot physically saves Jonah and assumes strategic initiative.,Radio used to activate Pack protocol.,Protocol Wild Hunt will mobilize the resistance against the occupation.,Retaking or destroying the library.,Escape from the occupied library succeeds.,human-validated-v0.1,Validated directly against Phase 8 manuscript.
B03-C21-S01,Book 3,21,Chapter 21,1,474,series/books/book-3/phase-8-editing/MANUSCRIPT.md,4c80e91d875e3a2903a72498627f29e7d57527382a1dddb28ebc60b50f8dd4f6,**Jonah**,He had a meeting in the War Room.,Jonah Harrow,,,Library fortress and Main Street defenses,Jonah Harrow; Grishka; Sarah; Trolls; Wolves; townspeople,Inspect and coordinate the fortified rebellion.,"Expected Grey Guard counterattack, limited time, militia logistics.",Jonah realizes his role has shifted from trench fighter to strategic commander.,He leaves perimeter work for the War Room.,Troll barricades built; wolf trenches dug; town fortified; Jonah recognizes command responsibility.,Jonah learns the rebellion has become a coordinated town-wide defense network.,He accepts that leadership now requires delegation rather than personal front-line control.,Jonah's bond with the community becomes command legitimacy.,Construction material and weapons distributed across defenses.,The fortified town must withstand the Grey Guard legion.,Wild Hunt and siege threads.,Protocol Wild Hunt produces visible mobilization.,human-validated-v0.1,Validated directly against Phase 8 manuscript.
B03-C21-S02,Book 3,21,Chapter 21,2,445,series/books/book-3/phase-8-editing/MANUSCRIPT.md,1e0c524d999377afce749a0411c1ab6237b17c134d5117c4b78788c6798a8fde,"The Boiler Room of the Snowfall Creek Archives had always been Jonah's least favorite place. It was cramped, smelled of heating oil, and housed a furnace that looked like it ate children in fairytale books.","""I'm just getting warmed up.""",Jonah Harrow,,,Library boiler room,Jonah Harrow; Margot Vance; Henderson; Fire Elemental,Assess the library's new power source and shield capacity.,"Dangerous elemental energy, risk of Margot burning out.",Henderson reveals the captured Fire Elemental is providing effectively unlimited mana.,The library gains sustainable shield power.,Fire Elemental installed in furnace; ley-line capacitor powered; wards strengthened.,Jonah learns the salvaged elemental can power the library's defenses indefinitely.,Margot accepts deeper integration with the library's war systems.,Jonah grounds Margot with his earth magic and warns her against burnout.,Fire Elemental contained in boiler furnace and connected to ley-line system.,The elemental power source may carry costs or instability.,Fortress-defense and Margot-burnout threads.,Salvage from the Gunship becomes a strategic asset.,human-validated-v0.1,Validated directly against Phase 8 manuscript.
B03-C21-S03,Book 3,21,Chapter 21,3,472,series/books/book-3/phase-8-editing/MANUSCRIPT.md,33460036bb4aa35cde57dca6326f121a67d358d8209ea1bbf5ede1c5e200cdb8,The Reading Room had been converted into an armory.,"""My office,"" she said.",Jonah Harrow,,,Library reading-room armory,Jonah Harrow; Margot Vance; Aleksei; resistance fighters,Choose and distribute weapons for the coming siege.,"Cursed artifacts, ethical limits, overwhelming enemy force.",Jonah rejects cursed weapons but authorizes salvaged Magisterium gear and combat grimoires.,The militia is armed under controlled rules of engagement.,"Blade of Silas examined; dark artifacts debated; rifles, armor, and grimoires distributed.",Jonah learns the archive contains powerful but ethically dangerous weapons.,He balances pragmatism with refusal to become indistinguishable from the enemy.,Margot and Jonah share authority over magical and conventional armament.,Rifles to squad leaders; armor to Trolls; combat grimoires assigned.,Dark weapons may become necessary if defenses fail.,Siege preparation and ethical-war threads.,Captured Magisterium weapons are repurposed.,human-validated-v0.1,Validated directly against Phase 8 manuscript.
B03-C21-S04,Book 3,21,Chapter 21,4,441,series/books/book-3/phase-8-editing/MANUSCRIPT.md,65d661519737f4a0a75cda5e1083e1bed007694a83498a925d5ef6485e817eab,Margot's office was the only place in the building that still resembled a library.,"""I am what?"" she asked softly.",Jonah Harrow,,,Margot's office / War Room,Jonah Harrow; Margot Vance,Create a viable defense plan against heavy armor.,"Inferior numbers, only one viable bridge route, limited endurance.",Margot asks what the endgame is beyond dying gloriously.,They define delaying actions and preservation contingencies.,Topographic map reviewed; bridge choke point planned; Trolls assigned as living armor; escape and Scroll contingency discussed.,Margot learns Jonah expects only one or two hours against a full armored column.,Jonah confronts the inadequacy of purely military defense.,Margot challenges Jonah's sacrifice logic and asks him to preserve the Scrolls if they lose.,Topographic map and contingency routes used.,"If the fortress falls, the Scrolls must escape through the coal chute.",Final siege and evidence-preservation threads.,None.,human-validated-v0.1,Validated directly against Phase 8 manuscript.
B03-C21-S05,Book 3,21,Chapter 21,5,520,series/books/book-3/phase-8-editing/MANUSCRIPT.md,894389ec7d5c9ea322a9fb98fef9395a4ab5399ee349aa86e97c2dea00a6335d,He stepped into her personal space.,Boots.,Jonah Harrow,,night,Margot's office,Jonah Harrow; Margot Vance,Answer what Margot means to Jonah and settle the sacrifice dispute.,"Fear of loss, war pressure, inability to articulate emotional dependence.",Jonah tells Margot she is the anchor and the reason the town is worth saving.,"Jonah explicitly centers Margot above the Scrolls, then the approaching army interrupts them.",Jonah rejects abandoning Margot; declares her his anchor; emotional confession; advancing army detected.,"Margot learns Jonah believes he has been guarding her, not merely the town.",Jonah articulates love-like devotion instead of hiding behind duty.,"The mate bond receives explicit emotional language, though interrupted before full resolution.",None.,Jonah's emotional declaration must be completed or answered.,Relationship-resolution thread.,The anchor motif receives a major emotional payoff.,human-validated-v0.1,Validated directly against Phase 8 manuscript.
B03-C21-S06,Book 3,21,Chapter 21,6,575,series/books/book-3/phase-8-editing/MANUSCRIPT.md,a312d52c4607c001b4e219a8826af908110573fd283e8eadbc21360976e828fd,It wasn't a tank column.,"""If he wants to burn it down,"" the Sheriff said, ""let's show him what a real fire looks like.""",Jonah Harrow,,,Library office window and town bridge,Jonah Harrow; Margot Vance; Valerius; Grey Guard; townspeople,Assess the approaching enemy and decide whether to surrender.,"Five hundred anti-magic Grey Guard, silver pikes, flamethrowers, Valerius's ultimatum.",The town collectively rejects surrender.,Jonah orders Margot to retrieve the largest siege grimoire.,Grey Guard legion crosses bridge; anti-magic phalanx revealed; Valerius demands surrender; town answers with armed defiance.,"Jonah and Margot learn Valerius brought anti-magic infantry designed specifically for Wolves, Trolls, and magical defenses.",The rebellion confirms it will fight despite impossible odds.,Jonah and Margot move together into final-siege command.,Naval binoculars used; large siege grimoire requested.,The Grey Guard siege will begin immediately.,"Final siege, Valerius confrontation, and fortress-defense threads.",The Wild Hunt coalition publicly refuses surrender.,human-validated-v0.1,Validated directly against Phase 8 manuscript.
B03-C22-S01,Book 3,22,Chapter 22,1,574,series/books/book-3/phase-8-editing/MANUSCRIPT.md,d88280be721ca5f36ce648261e268567bcf852c8cfe73b65cfab491a596c32b5,**Shared POV (Jonah / Margot)**,They were cutting through the lock.,Shared POV (Jonah / Margot),,,Library front lawn trench line,Jonah Harrow; Margot Vance; Grey Guard; resistance defenders,Hold the trench line against the first Grey Guard assault.,"Anti-magic infantry, silver weapons, flamethrowers, and disciplined formation tactics.",The defenders fall back inside as the Grey Guard cuts through the outer defense.,The first assault breaches the lawn defenses and reaches the library doors.,Grey Guard advances; trench defense collapses; wounded defenders retreat; plasma cutter attacks the oak doors.,The defenders learn the Grey Guard can neutralize many magical attacks through anti-magic formation discipline.,Jonah accepts the outer line cannot hold and shifts to interior defense.,Jonah and Margot coordinate the retreat under fire.,Wounded allies and weapons moved inside.,The library doors and interior traps must stop the breach.,Grey Guard siege and fortress-defense threads.,The Grey Guard's anti-magic threat is demonstrated.,human-validated-v0.1,Validated directly against Phase 8 manuscript.
B03-C22-S02,Book 3,22,Chapter 22,2,333,series/books/book-3/phase-8-editing/MANUSCRIPT.md,0124c94084074dd0cb0d23314e7b5f435d0f3b5bfbfd68512729f9fa68bd3043,**Margot**,She pulled the lever.,Margot Vance,,,Library lobby,Margot Vance; Jonah Harrow; Aleksei; Grey Guard vanguard,Prepare an interior trap before the Grey Guard enters.,"Doors burning through, limited time, enemy numbers.",Margot waits until the entire vanguard stands on the atrium mosaic.,She triggers the library's Escher-floor trap.,Oak doors glow from plasma cutter; Grey Guard breaches; Margot positions defenders and prepares floor mechanism.,Margot confirms the Grey Guard will enter in disciplined mass formation.,She chooses architectural manipulation over direct force.,Jonah trusts Margot's control of the building's systems.,Trap controls activated.,The Escher trap must contain or neutralize the vanguard.,Library-defense and architectural-magic threads.,None.,human-validated-v0.1,Validated directly against Phase 8 manuscript.
B03-C22-S03,Book 3,22,Chapter 22,3,307,series/books/book-3/phase-8-editing/MANUSCRIPT.md,ec61da28f4ba5fca484a9c00623823615bfcc5fb327a01687dc3970cb5e3ec2e,**Shared POV**,"""Let them come,"" Margot whispered. ""I have plenty of room.""",Shared POV,,,Library atrium Escher pit,Margot Vance; Jonah Harrow; Grey Guard vanguard; Valerius,Use the folded floor to remove the Grey Guard vanguard.,Enemy reserves and uncertain trap capacity.,The mosaic floor unfolds and gravity drops the soldiers into an impossible recursive pit.,The first vanguard is contained and Valerius pauses the assault.,Floor rotates; gravity follows; Grey Guard falls into paradox space; Valerius orders reserves.,The defenders learn the Escher mechanism can trap a large disciplined force.,Margot sees the building can still outthink modern siege doctrine.,The defenders rally around Margot's tactical success.,Grey Guard vanguard displaced into dimensional containment.,Valerius will answer the trap with a different weapon.,Valerius escalation and library-defense threads.,The Escher-floor defense receives a major payoff.,human-validated-v0.1,Validated directly against Phase 8 manuscript.
B03-C22-S04,Book 3,22,Chapter 22,4,400,series/books/book-3/phase-8-editing/MANUSCRIPT.md,7fd0f125fdac3878d70d7ae028fb01c0754ec7e5aa6e17bc5d1709ca175100c8,**Jonah**,She was going for the Elemental.,Jonah Harrow,,,Library entrance,Jonah Harrow; Margot Vance; Valerius; Grey Guard,Keep Valerius from forcing surrender or seizing the Scroll.,"Valerius's leverage, hostages or threatened civilians, and siege escalation.","Valerius permits Margot to retrieve the Scroll, believing he controls the encounter.",Margot leaves for the service lift while Jonah realizes she intends to use the Fire Elemental instead.,Valerius approaches alone; terms exchanged; Margot requests access to the Scroll; Jonah reads her real plan.,"Jonah understands Margot is going for the Elemental, not the Scroll.",He trusts her improvisation without exposing it.,Silent strategic communication between Jonah and Margot deepens.,None.,Margot will use the Fire Elemental against Valerius's next weapon.,Elemental-power and siege-escalation threads.,None.,human-validated-v0.1,Validated directly against Phase 8 manuscript.
B03-C22-S05,Book 3,22,Chapter 22,5,397,series/books/book-3/phase-8-editing/MANUSCRIPT.md,155b79027deec7d476f9a733eedf363e68a0b15a3f036c7a4c38b83db69b7a70,**Margot**,"""Since you like architecture,"" Valerius smiled, ""I brought my own moving building.""",Margot Vance,,,Library boiler room and entrance,Margot Vance; Fire Elemental; Valerius; defenders,Recruit the Fire Elemental against the approaching threat.,"Elemental volatility, time pressure, and unknown enemy weapon.",Valerius unveils a thirty-foot Siege Golem powered by necrotic fire.,The defense faces a construct designed to smash the library itself.,Margot consults the Fire Elemental; enemy construct approaches; Siege Golem revealed.,Margot learns Valerius has brought a relic Siege Golem from the War of 1999.,She recognizes ordinary firepower will be insufficient.,Margot treats the Elemental as an ally rather than mere power source.,Fire Elemental remains contained but engaged.,The Siege Golem must be stopped before it destroys the library.,Valerius escalation and library-destruction threads.,The Elemental alliance is activated.,human-validated-v0.1,Validated directly against Phase 8 manuscript.
B03-C22-S06,Book 3,22,Chapter 22,6,464,series/books/book-3/phase-8-editing/MANUSCRIPT.md,4d6c7f36be08be823d15ff23b2efde1ea921982dc053c1fe49ac299a3ba22c9c,**Shared POV**,"""Knock knock,"" Valerius whispered.",Shared POV,,,Library front entrance and atrium,Jonah Harrow; Margot Vance; Grishka; Siege Golem; defenders; Valerius,Stop the Siege Golem's first breach.,"Thirty-foot necromantic construct, rotary cannon, battering force, self-repair.",The Golem defeats Grishka and reaches the doors.,The library suffers a direct structural assault and the defenders lose the initial exchange.,Siege Golem attacks; Grishka is thrown into fountain; Golem raises both arms to break through.,The defenders learn the Golem is far stronger than Troll or conventional defenses.,Margot recognizes the next solution must exploit classification or rules rather than strength.,Jonah and Margot remain jointly focused despite tactical disaster.,None.,Find a conceptual loophole to neutralize the Golem.,Golem threat and library-survival threads.,None.,human-validated-v0.1,Validated directly against Phase 8 manuscript.
B03-C23-S01,Book 3,23,Chapter 23,1,294,series/books/book-3/phase-8-editing/MANUSCRIPT.md,4a82d1d1d43462d6f03863c948ffcb2c04a667c41d910990b51530895a8ac2d5,**Margot**,She turned and ran. Not to the vault. To the Reference Desk.,Margot Vance,,,Library atrium and balcony,Margot Vance; Jonah Harrow; Henderson; Grishka; Siege Golem,Identify a non-force solution to the Golem.,"Self-repair, necrotic heat, collapsing library, wounded defenders.",Margot realizes the Golem is a rule-bound animate construct that can be cataloged.,She runs to the Reference Desk to exploit library classification logic.,Golem destroys interior; Grishka wounded; Margot analyzes construct rules; loophole idea forms.,Margot identifies the Golem as an animate object subject to library classification.,She reframes the enemy from weapon to inventory.,Jonah buys time while Margot takes intellectual command.,None.,Use cataloging rules to process the Golem as inventory.,Golem-neutralization thread.,The loophole promise is identified.,human-validated-v0.1,Validated directly against Phase 8 manuscript.
B03-C23-S02,Book 3,23,Chapter 23,2,339,series/books/book-3/phase-8-editing/MANUSCRIPT.md,b2d0827c495d618a502c37b8cb7240e3c61b32805ccc1a9c463c4ab38fd0ba42,The Reference Desk was the brain of the library.,She jumped.,Margot Vance,,,Reference Desk and Old Index,Margot Vance; Henderson; Siege Golem,Find the exact classification and transport mechanism needed.,"Burning library, time pressure, unusual construct class.",Margot determines anything unbarcoded entering the library is unprocessed acquisition material.,She selects the Keeper's Label Gun and Oversize Returns chute.,Old Index searched; Golem classified; Trans-Dimensional Oversize Returns chute requested; Label Gun loaded.,Margot learns the Golem can be labeled as inventory and routed to the Void.,She trusts library procedure as a battlefield weapon.,None beyond command coordination with Henderson.,Keeper's Label Gun acquired with VOID-destination tags.,Attach the tag to the Golem and route it to Oversize Returns.,Cataloging-weapon thread.,The Old Index yields a viable solution.,human-validated-v0.1,Validated directly against Phase 8 manuscript.
B03-C23-S03,Book 3,23,Chapter 23,3,369,series/books/book-3/phase-8-editing/MANUSCRIPT.md,6c785ca29236af0bb47245b5082ff63f7342e397190d670d680ec74384035654,**Margot**,"The Golem roared, trying to step off. But it was no longer a combatant. It was Inventory. And Inventory had to go where it was told.",Margot Vance,,,Library atrium,Margot Vance; Jonah Harrow; Aleksei; Siege Golem,Reach the Golem and attach the inventory label.,"Rotary cannon, moving construct, collapsing interior.",Margot tags the Golem and the library pauses it as unprocessed inventory.,Spectral conveyor rollers begin routing the Golem toward Returns.,Margot rides book cart; Jonah shifts and attacks hydraulics; Aleksei distracts; Label Gun fired.,The defenders confirm the library's inventory authority can override the Golem temporarily.,Margot's rule-based solution proves stronger than raw force.,Jonah and Aleksei coordinate around Margot's plan.,VOID label attached to Golem.,The tag must survive the Golem's resistance.,Golem-processing thread.,The classification plan receives a major partial payoff.,human-validated-v0.1,Validated directly against Phase 8 manuscript.
B03-C23-S04,Book 3,23,Chapter 23,4,296,series/books/book-3/phase-8-editing/MANUSCRIPT.md,aeeab615f5aeda0abab4d357c7a104e0ff8123570b87d839dff5da869b2d2ecc,"""Clear the path!"" Margot ordered. ""It's moving to the Loading Dock!""",She flew.,Margot Vance,,,Library lobby and loading-dock route,Margot Vance; Jonah Harrow; Henderson; Sarah; Aleksei; Siege Golem,Complete the return process before the Golem purges the label.,"Logic conflict, empty Label Gun, Golem resisting rollers.",Jonah realizes Margot must manually stamp the return.,Sarah throws the Checkout Stamp and Aleksei launches Margot toward the Golem.,Golem fights sorting system; label smokes; stamp identified; fastball launch begins.,Margot learns the return requires manual verification.,The team accepts absurd library procedure as literal combat doctrine.,Multiple allies support Margot's high-risk maneuver.,Checkout Stamp transferred from Sarah to Margot.,Stamp the Golem before it breaks free.,Golem-processing climax.,None.,human-validated-v0.1,Validated directly against Phase 8 manuscript.
B03-C23-S05,Book 3,23,Chapter 23,5,446,series/books/book-3/phase-8-editing/MANUSCRIPT.md,701d156c062911ac1dea9010d9f699af6b953322689222af53ed54f65fadddbb,"Ideally, she would land gracefully.","""Return processed,"" the Gnome panted. ""Have a nice day.""",Margot Vance,,today,Library loading-dock hallway and Oversize Returns chute,Margot Vance; Jonah Harrow; Aleksei; Henderson; Siege Golem,Stamp the Golem and force it into the Void chute.,"Heat, height, Golem resistance, dangerous chute edge.",Margot stamps RETURN TO SENDER on the Golem's forehead.,The library transports the Golem into the blue Void chute.,Margot lands on Golem; stamps it; rollers accelerate; Jonah uses Librarian's Shush; Golem falls into vortex.,The defenders confirm the library's cataloging authority can dispose of even a necromantic war machine.,Margot fully embraces her Keeper role as battlefield authority.,Jonah supports Margot's command rather than taking over.,Siege Golem transferred into trans-dimensional Void; Checkout Stamp remains with Margot.,Valerius will answer the loss of his prototype.,Valerius escalation thread.,The Siege Golem threat is fully resolved.,human-validated-v0.1,Validated directly against Phase 8 manuscript.
B03-C23-S06,Book 3,23,Chapter 23,6,395,series/books/book-3/phase-8-editing/MANUSCRIPT.md,1a918d7e70f86bc817c1c8318d4eb743581261d52f0b83c0e8ccccda9682eb16,Silence returned to the Library.,"""No,"" she said. ""Tomorrow... we rewrite the rules.""",Margot Vance,,today; tomorrow,Library lobby,Margot Vance; Jonah Harrow; Grishka; Henderson; Valerius over radio,"Recover, assess casualties, and understand Valerius's next move.","Exhaustion, injuries, ongoing siege, enemy patience.",Valerius reveals the Golem was only a prototype and begins a long siege.,Margot and Jonah decide to move from defense to offense.,Casualty check; Grishka survives; Valerius establishes perimeter and containment grid; offensive decision.,The defenders learn Valerius intends to starve and isolate them rather than breach immediately.,Margot rejects passive endurance and chooses to rewrite the rules.,Jonah and Margot reaffirm shared command.,Checkout Stamp remains in Margot's possession.,Break the siege through an offensive move.,Valerius confrontation and information-war threads.,Wave two is defeated.,human-validated-v0.1,Validated directly against Phase 8 manuscript.
B03-C24-S01,Book 3,24,Chapter 24,1,545,series/books/book-3/phase-8-editing/MANUSCRIPT.md,a6d16fe6cd190bc9dc9c3e9514b231636d53c51c9cdbd9411b9506e291e14430,**Jonah**,"""The Coal Chute,"" he said. ""The one we didn't throw the Golem down.""",Jonah Harrow,,,Library lobby on Day Two of siege,Jonah Harrow; Margot Vance; Sarah; Aleksei; resistance civilians,Find a way to break Valerius's communications blackout.,"Jamming, limited water, siege starvation strategy, enemy surveillance.",Jonah identifies an old logging-station AM transmitter outside the jamming grid.,Jonah forms a small team to reach the transmitter through the coal chute.,Supply status reviewed; jamming analyzed; logging station identified; Aleksei and Sarah join mission.,The defenders learn the old AM transmitter may bypass modern jamming and reach five hundred miles.,Jonah recognizes public witnesses are more valuable than conventional reinforcements.,Margot preemptively orders Aleksei to stop Jonah from reckless solo action.,Mission weapons and communications gear prepared.,Broadcast the truth beyond the quarantine.,Information-war and audience threads.,The offensive plan becomes concrete.,human-validated-v0.1,Validated directly against Phase 8 manuscript.
B03-C24-S02,Book 3,24,Chapter 24,2,406,series/books/book-3/phase-8-editing/MANUSCRIPT.md,0030809f6edf8c0939e0d34e93e552b4dc5fe2c9c84c34797e66869c0c461901,"The Coal Chute hadn't been used since 1950. It was tight, black, and coated in seventy years of dust.","""We take them quietly,"" Jonah ordered. ""No guns. No alarms.""",Jonah Harrow,,night,"Coal chute, riverbank, and forest route",Jonah Harrow; Sarah; Aleksei; Magisterium patrol,Exit the library unseen and reach the logging station.,"Patrol skiff, jamming field, snow, enemy guards.",The team reaches the transmitter and observes only two bored guards.,They prepare a quiet infiltration.,Coal-chute escape; patrol evaded; forest hunt; logging station reconnoitered.,Jonah learns the transmitter is lightly guarded and still powered.,The mission appears feasible despite the siege.,Sarah and Aleksei function as trusted field partners.,No major transfer.,Take the station without raising an alarm.,Broadcast mission.,The team reaches the target.,human-validated-v0.1,Validated directly against Phase 8 manuscript.
B03-C24-S03,Book 3,24,Chapter 24,3,323,series/books/book-3/phase-8-editing/MANUSCRIPT.md,a9fa4c74c1dc0b093853201cfd114daffa8b55e6908788f1416246f494449cab,They split up.,"""Signal is live,"" Aleksei pointed to a needle jumping into the red. ""You're broadcasting on all AM frequencies within five hundred miles. Go.""",Jonah Harrow,,,Abandoned logging-station transmitter shack,Jonah Harrow; Sarah; Aleksei; two Grey Guard guards,Capture the station and activate the transmitter.,"Guards, obsolete equipment, risk of detection.",Aleksei successfully powers the vacuum-tube transmitter.,Jonah receives a live microphone broadcasting across all AM frequencies within five hundred miles.,Guards knocked unconscious; shack breached; geothermal backup and transmitter activated.,The team confirms the old technology bypasses the jamming field.,Jonah decides the message should center survival and witness rather than vengeance.,Sarah and Aleksei support Jonah's role as public voice.,Bakelite microphone and transmitter controls placed in Jonah's use.,Jonah must deliver a credible public broadcast before triangulation.,Information-war thread.,The transmitter-access objective is fulfilled.,human-validated-v0.1,Validated directly against Phase 8 manuscript.
B03-C24-S04,Book 3,24,Chapter 24,4,335,series/books/book-3/phase-8-editing/MANUSCRIPT.md,b2d98d9371d7a3ecac0de5fa8d72d289248b5e3b0d29fd3ca03d11ea68540ad9,"""This is Sheriff Jonah Harrow of Snowfall Creek,"" Jonah said. His voice was rough, tired, but steady.",They scrambled out the back window just as the front door was kicked in.,Jonah Harrow,,,Logging-station transmitter shack,Jonah Harrow; Sarah; Aleksei; unseen regional listeners; approaching enemy,Expose Valerius and ask outsiders to witness the siege.,"Official propaganda, limited broadcast time, rapid signal triangulation.",Jonah asks for witnesses rather than military rescue.,The message reaches the region before enemy forces arrive.,"Jonah broadcasts town identity, siege facts, and plea for witnesses; transmitter destroyed; escape begins.",Regional listeners learn Snowfall Creek is being besieged and erased under false biohazard claims.,Jonah reframes victory as visibility rather than cavalry.,He publicly names the town's plural community as worth defending.,Transmitter deliberately destroyed after broadcast.,An audience may arrive and prevent a secret massacre.,Public-witness and information-war threads.,The truth-broadcast promise is fulfilled.,human-validated-v0.1,Validated directly against Phase 8 manuscript.
B03-C24-S05,Book 3,24,Chapter 24,5,271,series/books/book-3/phase-8-editing/MANUSCRIPT.md,83692f5d68d94d417ff851a6d076b6c016965bb6033bd9ede8df49ba7b607dcb,They hit the tree line running.,He jumped.,Jonah Harrow,,,Forest and ravine near logging station,Jonah Harrow; Sarah; Aleksei; Grey Guard Hunters,Escape the response team and return to the library.,"Hunters, net gun, taser, silver containment collar, exhaustion.",Jonah uses earth magic to escape the collar team and jumps into the ravine.,He separates from the others and risks the river to avoid capture.,Team scatters; Jonah full-shifts; net and taser strike; earth roots attack soldiers; cliff jump.,Jonah learns Valerius has specialized Alpha-containment teams.,He accepts extreme self-endangerment to preserve the broadcast's success.,The separation delays his return to Margot.,"Jonah loses clothes, weapons, and likely comms during escape.",Jonah must survive the river and reunite with Margot.,"Self-sacrifice, pursuit, and reunion threads.",Capture is avoided.,human-validated-v0.1,Validated directly against Phase 8 manuscript.
B03-C24-S06,Book 3,24,Chapter 24,6,251,series/books/book-3/phase-8-editing/MANUSCRIPT.md,e542f21c11e784bacd1a1a1210dd5926da827d2be1a677e1aa92555f11970a21,He hit the water hard.,And an audience was the one thing a shadow government couldn't fight.,Jonah Harrow,,,Riverbank and highway outside Snowfall Creek,Jonah Harrow; approaching civilian convoy,Survive the river and determine whether the broadcast mattered.,"Hypothermia, isolation, lost communications, distance from library.",Jonah sees a convoy of civilian trucks and vehicles responding to the broadcast.,He realizes the audience is arriving and Valerius can no longer keep the war secret.,Jonah falls into icy river; reaches bank naked and exhausted; civilian convoy approaches town.,Jonah learns the broadcast succeeded and outsiders are coming to witness the siege.,He understands the decisive force may be public visibility rather than military rescue.,His immediate goal becomes returning to Margot with proof the plan worked.,Comms and gear lost in river; no Treaty involved.,"The arriving audience must survive, enter, or expose the siege.",Public-witness and final-accountability threads.,The audience promise receives a major payoff.,human-validated-v0.1,Validated directly against Phase 8 manuscript.
B03-C25-S01,Book 3,25,Chapter 25,1,490,series/books/book-3/phase-8-editing/MANUSCRIPT.md,c633e8f55e27a2cdd1efd308490129011be60689326a2a05c57762fee88ba824,**Shared POV (Margot / Jonah)**,"""Let's get you warm,"" Margot said, helping him stand. ""Then... we go say hello to our guests.""",Shared POV (Margot / Jonah),,,Library coal chute and interior,Margot Vance; Jonah Harrow; defenders,Get Jonah back inside after the broadcast mission and assess the audience response.,"Jonah's hypothermia, separation, ongoing siege, and Valerius's next contingency.",Jonah confirms that witnesses are arriving and Valerius cannot kill everyone unseen.,Jonah is brought inside to warm while Margot prepares to meet the convoy.,Jonah returns through coal chute; reunion; broadcast success confirmed; Jonah treated for cold exposure.,Margot learns civilian witnesses are approaching Snowfall Creek.,Both accept that visibility has shifted the battlefield.,Margot prioritizes Jonah's recovery while continuing command.,Jonah receives borrowed clothes and warming care.,The arriving witnesses must be protected from Valerius's response.,Public-witness and siege-collapse threads.,Jonah's return-to-Margot promise is fulfilled.,human-validated-v0.1,Validated directly against Phase 8 manuscript.
B03-C25-S02,Book 3,25,Chapter 25,2,645,series/books/book-3/phase-8-editing/MANUSCRIPT.md,44ba8a7540adc0173ae45818a8beb36e365ba6c55bea67543daa0a78505b501a,**Jonah**,He pressed the button.,Jonah Harrow,,hour later,Library steps and town square,Jonah Harrow; Margot Vance; Valerius; civilian convoy; cameras; defenders,Use the arriving audience to force Valerius to stand down.,"Valerius's backup systems, Grey Guard presence, and media manipulation.",Valerius activates a contingency after Jonah declares the signal defeated.,The public confrontation becomes a new engineered massacre.,Convoy arrives; cameras record; Jonah confronts Valerius; Valerius triggers backup system.,Jonah learns Valerius retained a secondary Feral Signal delivery method.,Public visibility alone is not enough if Valerius can manufacture the images.,Jonah and Margot face the audience confrontation together.,No major transfer.,Stop the backup Feral Signal before the witnesses are killed.,Information-war and Valerius-contingency threads.,The audience arrives as promised.,human-validated-v0.1,Validated directly against Phase 8 manuscript.
B03-C25-S03,Book 3,25,Chapter 25,3,349,series/books/book-3/phase-8-editing/MANUSCRIPT.md,db28579566f245669835b14dcfdcbc5f88761fbfcfd2f2a79584920b041972d2,**Margot**,Valerius had won the narrative.,Margot Vance,,,Town square,Margot Vance; Jonah Harrow; Valerius; transformed supernatural defenders; civilian witnesses,Understand and stop the backup signal.,"Airborne or injected feral agent, panicked civilians, monsters losing control on camera.",The supernatural defenders begin transforming and attacking the witnesses.,Valerius appears to win the narrative by manufacturing a public massacre.,"Backup signal disperses; Trolls, Vampires, and Wolves go feral; civilians and cameramen are attacked.",Margot learns the backup system is designed to create visual proof of monster violence.,"She recognizes the central weapon is narrative engineering, not only infection.",Margot's immediate focus shifts from Jonah to curing the entire infected population.,No major transfer.,Develop and distribute a cure before the massacre becomes irreversible.,Feral-virus and information-war threads.,Valerius's backup-system threat is revealed.,human-validated-v0.1,Validated directly against Phase 8 manuscript.
B03-C25-S04,Book 3,25,Chapter 25,4,324,series/books/book-3/phase-8-editing/MANUSCRIPT.md,b7ba0c40d24410a0e951f870306cfad719c6e6af48a65c5a04ec35b20459726a,**Shared POV**,And the town was burning.,Shared POV,,,Town square and library entrance,Margot Vance; Jonah Harrow; Grey Guard; feral defenders; civilians,Prevent the massacre and retreat to the library.,"Feral allies, Grey Guard herding tactics, cameras, Jonah's infection.",Margot is forced inside while Jonah remains trapped outside.,The pair are separated as the town burns.,Grey Guard uses tranquilizer fire to shape violence toward cameras; defenders lose control; Margot dragged inside; Jonah left outside.,Margot learns the Grey Guard is deliberately directing the violence for public consumption.,She abandons any hope of solving the crisis through battlefield tactics alone.,Separation creates immediate rescue urgency.,Library doors sealed; Jonah remains outside without Margot.,Margot must cure and recover Jonah.,"Virus, separation, and Valerius-defeat threads.",None.,human-validated-v0.1,Validated directly against Phase 8 manuscript.
B03-C25-S05,Book 3,25,Chapter 25,5,318,series/books/book-3/phase-8-editing/MANUSCRIPT.md,2571da0ca8483ae41fe0521d29366bb0e28107f7d7efeec032245813872d57d0,**Margot**,"""Then we're going to kill Inquisitor Valerius.""",Margot Vance,,,Library interior,Margot Vance; Henderson; Aleksei; Fire Elemental,Create a cure for the feral infection and save Jonah.,"No existing antidote, time pressure, infected town, limited ingredients.",Margot decides to synthesize an antiviral from dragon's blood and archive alchemy.,A cure-development effort begins.,Margot commits to catching Jonah; alchemy station assembled; cure plan formed.,Margot identifies the infection as treatable through a synthesized counter-agent.,She moves from defensive Keeper to active creator of new knowledge.,Her love for Jonah becomes the emotional center of the cure effort.,Alchemy tools and ingredients gathered.,Synthesize the cure and administer it to Jonah.,Virus-cure and reunion threads.,None.,human-validated-v0.1,Validated directly against Phase 8 manuscript.
B03-C25-S06,Book 3,25,Chapter 25,6,162,series/books/book-3/phase-8-editing/MANUSCRIPT.md,ba17f797b63b3f90e12503790f51c819884e9e7429bf4331132f4fc26db45808,They took the lift down.,"She was the Keeper. And she was done keeping secrets. Now, she was going to make some.",Margot Vance,,,Library alchemy station,Margot Vance; Henderson; Aleksei; Fire Elemental,Begin the antiviral synthesis.,"Dangerous ingredients, improvised process, little time.",Henderson outlines the first step and Margot begins.,The library becomes a wartime laboratory.,Alchemy workspace prepared; dragon's blood antiviral process initiated.,Margot begins converting archive knowledge into original medicine.,She declares an end to keeping secrets and commits to making solutions.,Allies support Margot's leadership and scientific improvisation.,Dragon's blood and alchemical apparatus enter active use.,The synthesized cure must work on the techno-arcane virus.,Cure-development thread.,The cure effort begins in earnest.,human-validated-v0.1,Validated directly against Phase 8 manuscript.
B03-C26-S01,Book 3,26,Chapter 26,1,473,series/books/book-3/phase-8-editing/MANUSCRIPT.md,ee390e923d96eebd2a3927da946b3eaf68492b575d9408dd3525a94617cd246b,**Jonah**,"He was a fugitive in his own town. A monster in a monster romance, except the romance was dead and the monster was hungry.",Jonah Harrow,,,Snowfall Creek service alleys,Jonah Harrow,Resist the feral virus and avoid killing anyone.,"Chemical rage, hallucinations, forced transformation, predatory compulsion.",Jonah kills a rat involuntarily and realizes he is losing control.,He seeks sanctuary at The Howling Moon.,Virus intensifies; hallucinations begin; rat killed; Jonah uses scent to navigate.,Jonah learns the parasite is distinct from his true Wolf and can override his actions.,He begins treating himself as a containment threat.,Margot remains his psychological anchor despite absence.,No major transfer.,Jonah must confine himself before he harms a person.,Virus-control and self-sacrifice threads.,None.,human-validated-v0.1,Validated directly against Phase 8 manuscript.
B03-C26-S02,Book 3,26,Chapter 26,2,315,series/books/book-3/phase-8-editing/MANUSCRIPT.md,3e05cdf327033b430d70b0a714bb4195896f90cb2712a4d73ef93a297769963a,The front door of The Howling Moon was gone. Smashed in.,He needed a cage.,Jonah Harrow,,night,The Howling Moon,Jonah Harrow; Principal Henderson,Find refuge without attacking a civilian.,"Blood scent, hunger, feral compulsion, terrified civilian.",Jonah saves Principal Henderson by remaining hidden and motionless.,He leaves the bar and seeks a secure cage.,Ruined bar explored; whiskey used to blunt rage; civilian enters; Jonah resists attack.,"Jonah learns restraint is still possible, but only narrowly.",He decides physical confinement is necessary.,His sheriff identity survives through self-denial.,Whiskey consumed; no lasting custody.,Reach the Sheriff's Station and lock himself away.,Self-containment thread.,Jonah successfully avoids harming the civilian.,human-validated-v0.1,Validated directly against Phase 8 manuscript.
B03-C26-S03,Book 3,26,Chapter 26,3,459,series/books/book-3/phase-8-editing/MANUSCRIPT.md,6b7e635d775f75eaf6b3fdd680e7e78b8e30ed879297a6e48375cab813937851,The Sheriff's Station was empty.,"*""I hear you, Sheriff,""* Margot's voice filtered through the static. She sounded million miles away. *""And I am ignoring that order.""*",Jonah Harrow,,,Sheriff's Station holding cells,Jonah Harrow; Margot Vance over CCTV,Contain himself and warn Margot away.,"Fever, hallucinations, fear of killing Margot, approaching kill squad.",Margot responds through the station speaker and refuses his order.,"Jonah is no longer isolated, but the kill squad is imminent.",Jonah locks himself in drunk tank; hallucinations worsen; CCTV contact with Margot established.,Jonah learns Margot can see and communicate with him remotely.,He recognizes she will not accept unilateral sacrifice.,Margot's refusal reinforces reciprocal protection.,Cell custody self-imposed.,Margot will intervene despite Jonah's command.,"Rescue, cure, and relationship threads.",Jonah successfully confines himself.,human-validated-v0.1,Validated directly against Phase 8 manuscript.
B03-C26-S04,Book 3,26,Chapter 26,4,458,series/books/book-3/phase-8-editing/MANUSCRIPT.md,c05edb20da0c4d1155c5b7e676f22f98a4056dcd3736980817b63acf570bf4ee,"""Look away,"" Jonah snarled at the camera. He turned his back, hiding his face. ""I'm sick, Margot. I'm... wrong.""",The lights went out.,Jonah Harrow,,,Sheriff's Station holding cells,Jonah Harrow; Margot Vance over speaker; Magisterium kill squad,Survive until Margot can help without proving Valerius's narrative.,"Execution team, feral infection, locked cell.",Margot uses the town PA to play an anti-signal that forces Jonah to purge black ichor.,"Jonah is temporarily weakened and human again, but soldiers prepare to execute him.",Kill squad arrives; Margot activates PA counter-signal; Jonah vomits black ichor; rifles aimed.,Margot and Jonah learn the virus can be disrupted by a counter-signal.,The infection appears techno-arcane rather than purely biological.,Margot saves Jonah remotely through analysis rather than force.,No major transfer.,The counter-signal must become a complete cure or protective system.,Virus-mechanism and rescue threads.,The first anti-signal test works partially.,human-validated-v0.1,Validated directly against Phase 8 manuscript.
B03-C26-S05,Book 3,26,Chapter 26,5,300,series/books/book-3/phase-8-editing/MANUSCRIPT.md,28aea1383c3bc9cbbf4609757934afddb2d38b8e14af1d12d9ad2cdc929bd76c,Pitch black.,"""Come on, Sheriff,"" Silas said. ""Margot's waiting. And she says you owe her a drink.""",Jonah Harrow,,night,Sheriff's Station holding cells,Jonah Harrow; Magisterium kill squad; Silas,Survive execution and escape the cell.,"Armed soldiers, weakness after purging the virus, locked confinement.","Silas appears, defeats the kill squad, and opens the cell.",Jonah is rescued by a revenant founder awakened by the Archives.,Lights fail; Silas attacks soldiers; lock rusts away; Jonah freed.,Jonah learns Silas is a revenant and the Archives can awaken historical agents.,His understanding of the founding era gains a living witness.,Margot's rescue network expands through the library itself.,Cell lock destroyed; Silas's sword-cane introduced.,Silas's knowledge of the town and Iron Horse will matter.,Founding-history and rescue threads.,Jonah's imminent execution is prevented.,human-validated-v0.1,Validated directly against Phase 8 manuscript.
B03-C26-S06,Book 3,26,Chapter 26,6,422,series/books/book-3/phase-8-editing/MANUSCRIPT.md,82a0dd7a757a1c86944404d36638d34e95cafed02e06db3b43ac3df8e96bd996,They moved through the town.,"""The Great Train Robbery,"" she smiled grimly. ""Okay. Let's saddle up.""",Jonah Harrow,,,Snowfall Creek alleys and B4 Vault,Jonah Harrow; Margot Vance; Silas; Aleksei; Henderson; Fire Elemental,Reunite Jonah with Margot and determine the true source of the virus.,"Dormant infection, time pressure, hidden mobile transmitter.",Margot reveals the virus is a techno-arcane signal transmitted from the Iron Horse.,The group decides to rob the train and destroy the Feral Signal at its source.,Silas uses Notice-Me-Not and blind door; reunion in B4; virus mechanism explained; train robbery proposed.,The group learns the Iron Horse is transmitting the Feral Signal and that stopping it requires boarding the train.,Jonah stops treating himself as incurably monstrous and focuses on the source.,Margot and Jonah reunite but avoid contact until the infection is controlled.,Train map and robbery plan introduced.,Board the Iron Horse and shut down the Feral Signal.,Virus-source and Valerius-defeat threads.,The infection mechanism is substantially explained.,human-validated-v0.1,Validated directly against Phase 8 manuscript.
B03-C27-S01,Book 3,27,Chapter 27,1,302,series/books/book-3/phase-8-editing/MANUSCRIPT.md,b808199f70211aad2bbcf387d19376be71ff15a9da8c58f30f0d65949db6ef49,**Margot**,"""Ideally,"" Jonah stepped up beside her, ""we give them hell first.""",Margot Vance,,,B4 Vault planning table,Margot Vance; Jonah Harrow; Silas; Aleksei; Henderson; Sarah,Plan a safe way to board and disable the Iron Horse.,"Mobile fortress defenses, sixty-mile-per-hour speed, radioactive or feral meltdown risk.",Silas proposes using the condemned ski-resort zip-line tower over the trestle.,The team adopts an airborne boarding plan.,Train layout reviewed; derailment rejected; boarding strategy formed; zip-line tower selected.,The team learns the Iron Horse is a shielded mobile fortress with the Emitter core in the locomotive.,Margot accepts an extremely high-risk boarding operation as the only viable option.,Jonah joins Margot as equal mission commander despite infection.,Iron Horse map used for planning.,Board the train from the zip-line before it reaches the dam.,Train-robbery and virus-source threads.,The Great Train Robbery plan becomes operational.,human-validated-v0.1,Validated directly against Phase 8 manuscript.
B03-C27-S02,Book 3,27,Chapter 27,2,494,series/books/book-3/phase-8-editing/MANUSCRIPT.md,34aa93dc62bba901d539031b0f7999b2f438b3257ac079863aecdab185770804,"The Zip-Line Tower groaned in the gale force wind, a skeleton of rusted steel swaying three hundred feet above the gorge. Below, the tracks looked like toy lines drawn in the snow, curving along the precipice of the Granite Abyss.",He jumped.,Margot Vance,,,Condemned zip-line tower over Granite Abyss,Margot Vance; Jonah Harrow; Silas; Aleksei; Henderson; Sarah,Reach the tower platform and time the boarding jump.,"Gale-force wind, extreme height, condemned structure, approaching train.",Aleksei volunteers to jump first and clear the roof.,The boarding sequence begins.,Tower climbed; Iron Horse approaches; zip-line route assessed; Aleksei jumps.,The team confirms the cable crosses directly over the train at the trestle.,Margot accepts fear without surrendering action.,Aleksei's loyalty and expendability logic support the group.,Harnesses and zip-line handles used.,Each team member must land on the train safely.,Boarding-operation thread.,The team reaches the launch point.,human-validated-v0.1,Validated directly against Phase 8 manuscript.
B03-C27-S03,Book 3,27,Chapter 27,3,595,series/books/book-3/phase-8-editing/MANUSCRIPT.md,51ba3524d6b342e2f53da852cb32fe2dbf0457b80c1b617d3b31fa3cacbe2360,"Aleksei became a blur of black silk against the snow. He zipped down the wire, a dark streak intercepting the massive iron snake below. He timed it perfectly—unnaturally—releasing the handle just as the Troop Car passed underneath.","""Breaching!""",Margot Vance,,,Iron Horse roof,Margot Vance; Jonah Harrow; Aleksei; Henderson; Sarah; Silas,Land the team on the train and breach the maintenance hatch.,"Roof turrets, speed, wind, hard landing, locked hatch.",Henderson cracks the hatch lock after the team secures the roof.,The team prepares to enter the nerve-center car.,Aleksei disables turret; Margot and others zip-line aboard; Jonah destroys mounted gun; hatch decoded.,The team learns the train's roof defenses can be disabled physically.,Margot trusts the improvised team to execute the impossible plan.,The group functions as a coherent assault unit.,Mounted turret torn off and discarded; hatch access gained.,Breach the server car and locate the true Emitter.,Train-assault thread.,The train is successfully boarded.,human-validated-v0.1,Validated directly against Phase 8 manuscript.
B03-C27-S04,Book 3,27,Chapter 27,4,593,series/books/book-3/phase-8-editing/MANUSCRIPT.md,634f8f3f56cadf4df86e238abcdc151c92e78d46d77d4196930584e57f9df5d8,"They dropped into the car, boots ringing on the metal grating.","""According to this,"" Henderson said, ""He's the fuel.""",Margot Vance,,,Iron Horse nerve-center car,Margot Vance; Jonah Harrow; Henderson; Aleksei; Shock Troopers,Take the server car and shut down the Feral Signal.,"Elite Shock Troopers, confined firefight, misleading server architecture.",Henderson discovers the true Emitter is in the locomotive and detects an Alpha-class Wolf battery.,Jonah learns his father is alive and being used as the power source.,Server-car firefight; Shock Troopers defeated; telemetry examined; Jackson Harrow identified as fuel.,The team learns the locomotive contains both the Emitter and Jackson Harrow as a living Alpha battery.,Jonah's mission changes from system shutdown to rescuing his father.,Margot witnesses Jonah's deepest family wound become immediate.,Server systems captured; telemetry data accessed.,Rescue Jackson Harrow from the locomotive.,"Father mystery, train assault, and Valerius confrontation.",Jackson's supposed death is revealed as false.,human-validated-v0.1,Validated directly against Phase 8 manuscript.
B03-C27-S05,Book 3,27,Chapter 27,5,1168,series/books/book-3/phase-8-editing/MANUSCRIPT.md,7b807697f7f99ec482e27be7c16a3353297fce9911d809e1ecd6bcab1259cc4d,"""Move!"" Jonah roared, his voice thickening with the wolf's growl.","""Class is dismissed.""",Shared POV,,years ago,Iron Horse sleeper cars and engine-room approach,Jonah Harrow; Margot Vance; Valerius; train guards; Henderson; Aleksei; Sarah; Silas,"Fight through the train, reach Jackson, and stop the collision.","Elite guards, Jonah's pain-driven rage, Valerius, sealed engine room, ten-minute collision course.",Valerius reveals the train is aimed at the dam and seals the engine room.,The team enters the final train confrontation with a hard deadline.,Jonah charges through sleeper car; guards defeated; Valerius confronted; dam collision announced.,The team learns the Iron Horse will hit the dam in ten minutes and wipe out the valley.,Margot distinguishes pain from chosen anger and tries to keep Jonah from becoming feral.,Margot acts as Jonah's moral anchor during the father's rescue crisis.,Engine-room doors sealed; train controls remain with Valerius.,"Rescue Jackson, stop the train, and defeat Valerius before the dam impact.",Final-train climax.,Valerius's true endgame is revealed.,human-validated-v0.1,Validated directly against Phase 8 manuscript.
B03-C28-S01,Book 3,28,Chapter 28,1,611,series/books/book-3/phase-8-editing/MANUSCRIPT.md,bd45df0cc9e7d2aca9ce780bf228f1aa1ea4c5f03e0857c189259e08001625a7,**Shared POV**,"""Oops,"" Valerius stared at the jammed gear, then at Margot. His smile faltered. ""Brake failure. How tragic.""",Shared POV,,,Iron Horse engine room,Jonah Harrow; Margot Vance; Valerius; Jackson Harrow,"Free Jackson, defeat Valerius, and regain control of the locomotive.","Valerius's kinetic magic, Jonah's infection, sealed Alpha tank, runaway engine.",Valerius jams the throttle at maximum velocity.,The train becomes impossible to brake conventionally.,Jonah fights Valerius; Margot attacks Jackson's tank; throttle control is destroyed.,The team learns the engine is locked at maximum speed.,Margot recognizes stopping the train will require structural sacrifice rather than normal control.,Jonah and Margot divide roles between combat and rescue without hesitation.,No major transfer.,Decouple the rear cars and free Jackson before impact.,"Dam-collision, Jackson-rescue, and Valerius-defeat threads.",None.,human-validated-v0.1,Validated directly against Phase 8 manuscript.
B03-C28-S02,Book 3,28,Chapter 28,2,256,series/books/book-3/phase-8-editing/MANUSCRIPT.md,b4bf122973c005f994eb86dde5185c69fe79c926ad8ceb7bc08cc84850d0f1a9,**Aleksei**,Only one way to find out.,Aleksei,,,Iron Horse roof and coupling,Aleksei; Sarah; Henderson,Decouple the passenger cars from the runaway locomotive.,"High speed, drones, broken arm, Magisterium safety chains.",Aleksei kicks out the coupling pin but the safety chains remain.,The rear cars are almost free but still attached.,Roof combat; coupling pin removed; safety-chain problem revealed.,The team learns manual decoupling requires cutting reinforced safety chains.,Aleksei accepts the need for a dangerous close-range cut.,Sarah and Aleksei coordinate under extreme pressure.,Coupling pin expelled; Aleksei's sword prepared for chain cut.,Cut the chains before the locomotive reaches the dam.,Train-decoupling thread.,The main coupling is released.,human-validated-v0.1,Validated directly against Phase 8 manuscript.
B03-C28-S03,Book 3,28,Chapter 28,3,365,series/books/book-3/phase-8-editing/MANUSCRIPT.md,78bd534568e2679ad55d0a848ee5490e7e020e9b1cb5e49570463bd695c3154a,**Margot**,He tackled Valerius.,Margot Vance,,,Iron Horse engine room,Margot Vance; Jonah Harrow; Valerius; Jackson Harrow,Break Jackson's tank and shut down the Emitter.,"Empty shotgun, reinforced tank glass, Valerius's attack, draining life support.",Margot destroys the Emitter controls and the Feral Signal dies.,Jonah's parasite collapses and his true Wolf returns to control.,Margot breaks tank; Jackson freed; Emitter destroyed; Jonah tackles Valerius.,The team confirms the Feral Signal and Jonah's parasite depend on the locomotive Emitter.,Jonah regains confidence that the Wolf is himself rather than the infection.,Margot saves both Jonah and Jackson through direct action.,Emitter controls destroyed; Jackson removed from tank.,Survive the collision and finish Valerius.,"Virus-cure, father-rescue, and final-antagonist threads.",The Feral Signal is shut down and Jackson is freed.,human-validated-v0.1,Validated directly against Phase 8 manuscript.
B03-C28-S04,Book 3,28,Chapter 28,4,410,series/books/book-3/phase-8-editing/MANUSCRIPT.md,20134a75ee855482edb46b7fa231006edf91cefa5c574cadf4db8af79acf2dd4,**Shared POV**,They hit.,Shared POV,,,Iron Horse coupling and engine room,Jonah Harrow; Margot Vance; Jackson Harrow; Valerius; Aleksei; Sarah; Henderson,Separate the rear cars and survive the final approach to the dam.,"Safety chains, runaway locomotive, Valerius's escape, seconds remaining.",Aleksei cuts the last chain and the rear cars decouple.,"Most of the team is saved while Jonah, Margot, Jackson, and Valerius remain on the locomotive.",Safety chain severed; rear train brakes; Valerius parachutes away; locomotive reaches dam wall.,The team learns Valerius has planned an aerial escape.,Jonah and Margot accept they must survive impact rather than stop it.,Jonah physically shields Margot and Jackson.,Rear cars separate; Valerius departs with parachute.,Survive the locomotive crash and pursue Valerius afterward.,Collision and antagonist-escape threads.,The decoupling objective is fully achieved.,human-validated-v0.1,Validated directly against Phase 8 manuscript.
B03-C28-S05,Book 3,28,Chapter 28,5,627,series/books/book-3/phase-8-editing/MANUSCRIPT.md,baed39a4a1ac59e9eecd811ccdac802e44c990795739d6c81cd9046587dba973,The Locomotive hit the concrete barrier at ninety miles an hour.,They had stopped the train. They had saved the valley.,Shared POV,,,Granite dam and reservoir,Jonah Harrow; Margot Vance; Jackson Harrow,Survive the locomotive impact and prevent catastrophic dam failure.,"Ninety-mile-per-hour collision, exploding engine, reservoir water, damaged dam.",The locomotive punches through the barrier but loses enough force to avoid destroying the dam.,"The train is destroyed, the valley survives, and the Feral Signal cloud lifts.",Locomotive crashes; engine enters reservoir; survivors reach surface; dam holds despite cracking.,Margot and Jonah learn the valley has survived and the signal is gone.,They recognize the impossible mission actually succeeded.,Jonah remains physically protective through the impact.,Locomotive and Emitter destroyed in reservoir.,Recover Jackson and return to town to finish the war.,Aftermath and final-Valerius threads.,The dam-collision threat is resolved without valley destruction.,human-validated-v0.1,Validated directly against Phase 8 manuscript.
B03-C28-S06,Book 3,28,Chapter 28,6,283,series/books/book-3/phase-8-editing/MANUSCRIPT.md,0ea12a86ca063ba1b1f8e32d080230cc5125905093228c316f58169de5f73a03,They collapsed on the rip-rap of the dam's edge.,"""Then we finish the war.""",Shared POV,,,Dam rip-rap,Jonah Harrow; Margot Vance; Jackson Harrow,Stabilize Jackson and decide the next move.,"Jackson's decade of damage, exhaustion, cold, Valerius still at large.",Jackson's eyes clear and he recognizes Jonah.,"Father and son reunite, and the group decides to return home and finish the conflict.",Jonah shifts human; Jackson remains wolf but regains awareness; father-son contact; town status checked.,Jonah learns Jackson's identity and mind survived the battery captivity.,Jonah's grief over his father's death is replaced by fragile hope.,Margot becomes part of the Harrow family reunion and recovery plan.,No major transfer.,Heal Jackson and defeat Valerius in town.,Father-recovery and final-accountability threads.,Jackson's rescue receives emotional confirmation.,human-validated-v0.1,Validated directly against Phase 8 manuscript.
B03-C29-S01,Book 3,29,Chapter 29,1,559,series/books/book-3/phase-8-editing/MANUSCRIPT.md,4632ecbeb2dda5586403ec2f54bf1fd9bcf41797a2c02b6e23ada9c63df2ea9d,**Margot**,"""Go!"" Margot yelled. ""This is Keeper business! I revoke his access!""",Margot Vance,,,Road into Snowfall Creek and Town Hall exterior,Margot Vance; Jonah Harrow; Jackson Harrow; Valerius helicopter,Return the survivors to town and stop Valerius's escape.,"Jackson's condition, Margot's exhaustion, helicopter departure.",Margot sends Jonah with Jackson and claims Valerius as Keeper business.,Margot pursues Valerius alone into Town Hall.,Return walk; helicopter spotted; Margot carries Founding Scroll; Jonah ordered to paramedics.,Margot learns Valerius is escaping from Town Hall roof.,She accepts final responsibility for enforcing the Charter.,Jonah trusts Margot to complete the final confrontation while protecting his father.,Founding Scroll remains strapped to Margot's back.,Use Keeper authority to stop Valerius.,Final-antagonist and Charter threads.,The survivors return to town.,human-validated-v0.1,Validated directly against Phase 8 manuscript.
B03-C29-S02,Book 3,29,Chapter 29,2,154,series/books/book-3/phase-8-editing/MANUSCRIPT.md,fcd2af86a5f6fead0dbf212f24bdc862bcee57493e367d02d333d671d734e05a,Margot kicked the doors of the Town Hall open.,She left him terrified in his office and sprinted for the roof access stairs.,Margot Vance,,,Town Hall mayor's office,Margot Vance; Arthur Sterling,Locate Valerius and confront Sterling's betrayal.,"Sterling's cowardice, destroyed records, time pressure.",Sterling admits he sold the town for political advancement and control.,Margot leaves Sterling for lawful or community accountability and races to the roof.,Sterling caught packing cash; betrayal confessed; Margot condemns him.,Margot learns Sterling expected a Senate seat in exchange for collaboration.,She distinguishes Sterling's petty ambition from Valerius's ideological violence.,None.,Sterling's cash remains in briefcase.,Sterling must face arrest or community judgment.,Political-accountability thread.,Sterling's motive is explicitly revealed.,human-validated-v0.1,Validated directly against Phase 8 manuscript.
B03-C29-S03,Book 3,29,Chapter 29,3,347,series/books/book-3/phase-8-editing/MANUSCRIPT.md,ab491466b2b28fe060d67564d09f5cc4896825ea0a92a317ad1270eae8cc0d50,"The roof was a helipad. The black chopper's rotors were spinning, whipping the snow into a blizzard.","""You are a guest,"" Margot corrected. ""And you have violated the House Rules.""",Margot Vance,,,Town Hall roof and helipad,Margot Vance; Valerius; helicopter pilot,Prevent Valerius from escaping with the Emitter Core and controlling the narrative.,"Helicopter, Emitter evidence case, Valerius's federal authority and magic.",Margot invokes the original Charter and Sanctuary law.,The helicopter is pinned and Valerius's outside authority is nullified inside town limits.,Valerius claims he can still prove the town failed; Margot invokes Charter and House Rules.,Valerius learns the Charter can supersede his federal authority within Sanctuary.,Margot fully claims the legal and magical authority of Keeper and Administrator.,None directly.,Emitter Core remains in Valerius's metal case.,Use House Rules to neutralize Valerius completely.,Charter-authority and final-antagonist threads.,The Charter becomes an active legal weapon.,human-validated-v0.1,Validated directly against Phase 8 manuscript.
B03-C29-S04,Book 3,29,Chapter 29,4,193,series/books/book-3/phase-8-editing/MANUSCRIPT.md,3d05f17270e6b8c3aad27893e653b9dccc937f553bbcf386c106b7a569d925e2,Valerius threw the fireball.,"""Inquisitor Valerius,"" she announced. ""Your library card is revoked.""",Margot Vance,,,Town Hall helipad,Margot Vance; Valerius; helicopter pilot,Defeat Valerius's magic and revoke his access to the Sanctuary.,"Holy fire, gravity magic, helicopter escape, federal claims.",Each attack is invalidated by a Charter clause and Margot revokes his library card.,Valerius loses magical and jurisdictional leverage.,Fire absorbed; gravity blocked; helicopter immobilized; access revoked.,Margot confirms the Charter's House Rules can directly rewrite hostile actions inside Sanctuary.,She acts with full confidence in inherited authority.,None.,Valerius drops the Emitter Core case.,The revocation must produce final removal or confinement.,Valerius defeat.,Valerius's magical attacks are neutralized.,human-validated-v0.1,Validated directly against Phase 8 manuscript.
B03-C29-S05,Book 3,29,Chapter 29,5,263,series/books/book-3/phase-8-editing/MANUSCRIPT.md,03409d7e9c2bd58d1d9065f75690636768c80096ad4866ed4e665d33fcc3a4dc,"""No!"" Valerius screamed. He drew a gun—a simple, steel pistol. ""To hell with magic!""","""Good choice,"" she said.",Margot Vance,,,Town Hall helipad,Margot Vance; Valerius; helicopter pilot,Complete Valerius's defeat.,Valerius's final pistol shot and refusal to yield.,Archival Preservation converts Valerius into a book.,Valerius is permanently filed as The Ego of Inquisitors: A Tragedy.,Bullet becomes paper moth; Valerius flattens into parchment; pilot surrenders.,Margot learns revocation plus archival authority can transform a hostile person into a contained text.,She defines justice as containment and memory rather than execution.,None.,Valerius becomes a grey leather book in Margot's custody.,The Valerius book must be securely archived.,Postwar custody and memory threads.,Valerius is fully defeated.,human-validated-v0.1,Validated directly against Phase 8 manuscript.
B03-C29-S06,Book 3,29,Chapter 29,6,790,series/books/book-3/phase-8-editing/MANUSCRIPT.md,5f37265f899bc0370459fc45451fea7dbd1247d7c87eb2b125f8fed069024cab,She walked down the stairs of the Town Hall.,But the story... the story was just getting started.,Shared POV,,,"Town Hall lobby, triage area, and library square",Margot Vance; Jonah Harrow; Jackson Harrow; Valerius book; survivors,"Reunite, confirm survival, and return home.","Exhaustion, wounds, grief, reconstruction burden.",Margot sees Jackson alive with Jonah and recognizes the war is truly over.,Jonah and Margot walk back to the library hand in hand.,Margot reports Valerius processed; Jackson receives care; victory acknowledged; pair return to library.,Margot learns Jackson is stable enough to begin recovery.,The protagonists accept survival rather than remaining trapped in emergency mode.,Jonah and Margot publicly and privately choose home together.,Valerius book carried by Margot.,"Rebuild the library, town, and shared life.",HEA and reconstruction threads.,The war and primary antagonist conflict are resolved.,human-validated-v0.1,Validated directly against Phase 8 manuscript.
B03-C30-S01,Book 3,30,Chapter 30,1,492,series/books/book-3/phase-8-editing/MANUSCRIPT.md,40289f0b93cda28035b66f33a361486c4760418e0f058d2af08e53432f938301,**Shared POV**,"*Transparent,* he thought. *Like us.*",Shared POV,,week later; morning,Snowfall Creek Main Street and rebuilt library exterior,Jonah Harrow; townspeople; Grishka; Aleksei; Sarah; Silas; journalists,Show the town's first week of reconstruction and transformed public life.,"Damage, trauma, political scrutiny, unfinished repairs.",Jonah sees the library's new transparent glass doors.,Snowfall Creek begins living openly rather than hiding.,Businesses reopen; supernatural residents work openly; journalists remain; Silas gives interviews; library doors become transparent.,The reader learns the convoy's witnesses changed the public narrative and prevented erasure.,Jonah embraces transparency as the new civic model.,Secondary romance tension between Aleksei and Sarah is seeded.,No major transfer.,The town must sustain openness beyond the crisis.,Reconstruction and series-continuity threads.,The visibility strategy receives durable civic payoff.,human-validated-v0.1,Validated directly against Phase 8 manuscript.
B03-C30-S02,Book 3,30,Chapter 30,2,291,series/books/book-3/phase-8-editing/MANUSCRIPT.md,e99daef63e9d9eb3dc39fddde2c6999fd767620b3e1c3c063473223cbdf7d1e4,**Margot**,"""Come with me.""",Margot Vance,,,B4 Restricted Section and Administrator's office,Margot Vance; Jonah Harrow; Valerius book,Secure Valerius and manage the new administrative order.,"Treaty paperwork, federal compromise, reconstruction workload.",Jonah orders Margot off duty for mandatory recreation.,Margot leaves work with Jonah.,Valerius book shelved; Integration Act and Special Administrative Zone established; Margot named Administrator.,The reader learns federal authorities pass an Integration Act and formalize Snowfall Creek's protected status.,Margot accepts public administration rather than secret custodianship.,Jonah invites her to prioritize shared life after duty.,Valerius book shelved in B4; bear claw delivered.,Margot must balance governance and private life.,HEA and civic-reconstruction threads.,Valerius custody and institutional reform receive payoff.,human-validated-v0.1,Validated directly against Phase 8 manuscript.
B03-C30-S03,Book 3,30,Chapter 30,3,897,series/books/book-3/phase-8-editing/MANUSCRIPT.md,4fdd7bb50817858916d92f030eb10236ca80c05b2b20e7828176aa76582521da,**Shared POV**,"""Ideally,"" Jonah kissed her shoulder.",Shared POV,,morning; tonight,Jonah's ridge cabin,Jonah Harrow; Margot Vance,"Experience peace, intimacy, and chosen domestic life after the war.",Residual trauma and the difficulty of trusting quiet.,Their bond flares in mutual love without crisis or coercion.,Jonah and Margot claim a genuine happily-ever-after.,Cabin restored; no-more-secrets agreement; consensual intimacy; love and relief shared through bond.,Both experience the bond as mutual emotional connection rather than only instinct.,Silence becomes safety rather than impending threat.,The relationship resolves into durable domestic and metaphysical commitment.,None.,Live the shared life they chose.,HEA thread.,Romantic arc receives full payoff.,human-validated-v0.1,Validated directly against Phase 8 manuscript.
B03-C30-S04,Book 3,30,Chapter 30,4,244,series/books/book-3/phase-8-editing/MANUSCRIPT.md,547fd5e9bcf68c8757a53c683c5cc165349b7c70b8df1e8d368d1dd4d5650925,**Jonah**,"""Exactly.""",Jonah Harrow,,morning,Jackson Harrow's porch,Jonah Harrow; Jackson Harrow,Reconnect with Jackson and discuss the future.,"Ten lost years, trauma, physical recovery.",Jackson gives Jonah his old sheriff's badge.,Father and son recognize continuity without forcing Jonah into Jackson's identity.,Coffee conversation; old badge transferred; Jackson plans museum work with Silas.,Jonah learns Jackson preserved his badge and intends to retire into living-history work.,Jonah accepts inheritance without surrendering his own modern identity.,Father-son bond begins healing through humor and respect.,Jackson's old sheriff badge transferred to Jonah.,Jackson and Silas will preserve living history.,Father recovery and civic-memory threads.,Jackson's post-rescue future is established.,human-validated-v0.1,Validated directly against Phase 8 manuscript.
B03-C30-S05,Book 3,30,Chapter 30,5,178,series/books/book-3/phase-8-editing/MANUSCRIPT.md,bd88e743528921362b4a78fad6fe1d6843dbe01d6a0c15f47dcf3aa24cf783de,**Shared POV**,The crowd erupted.,Shared POV,,today,Town Hall,Margot Vance; Jonah Harrow; Silas; townspeople,Establish the new civic order and celebrate reconstruction.,"Ordinary disagreements, repairs, and governance complexity.",A statue model of the Wolf and Librarian is unveiled.,The town publicly commemorates shared leadership rather than founders or generals.,Council meeting; school and blood-drive agenda; statue unveiled; Silas presides as Speaker.,The reader learns Silas replaced Sterling as Speaker and the town is governing through inclusive public process.,Margot accepts imperfect conversation as better than controlled order.,Jonah and Margot become public symbols of the new town.,Statue model unveiled.,Future civic conflicts will be handled openly.,Series-world continuation.,Political and community arcs receive final payoff.,human-validated-v0.1,Validated directly against Phase 8 manuscript.
B03-C30-S06,Book 3,30,Chapter 30,6,626,series/books/book-3/phase-8-editing/MANUSCRIPT.md,88a7d58844f5a2a3512a4e96b5fb357d1a814a8d4002487701cb3913b21cca35,"As the crowd dispersed, a black sedan pulled up to the curb.",**(End of Book 3)**,Shared POV,,night,Town Hall curb and library approach,Margot Vance; Jonah Harrow; Aleksei; Sarah; Cian,Introduce the next series-level threat while preserving the Book 3 HEA.,"Cian's arrival, vampire family mystery, possible survival of Aleksei's father, Necronomicon request.",Cian claims their father may not be dead and asks about a dangerous rare book.,Jonah and Margot return to the library ready for the next threat.,Black sedan arrives; Cian confronts Aleksei; father-survival tease; Necronomicon request; Jonah and Margot kiss and prepare.,The reader learns Aleksei's brother Cian believes their father may survive and seeks a dangerous archive volume.,Jonah and Margot view future danger as a shared challenge rather than threat to their bond.,Their HEA remains intact while the series hook opens.,No transfer; Necronomicon remains only requested.,"Aleksei's family, Cian, the surviving father, and the Necronomicon become series-level promises.",Next-book series hook.,Book 3 closes while preserving future series momentum.,human-validated-v0.1,Validated directly against Phase 8 manuscript.
